-- phpMyAdmin SQL Dump
-- version 4.9.4
-- https://www.phpmyadmin.net/
--
-- Host: localhost
-- Generation Time: Apr 12, 2020 at 02:36 AM
-- Server version: 10.3.18-MariaDB
-- PHP Version: 7.3.14

SET SQL_MODE = "NO_AUTO_VALUE_ON_ZERO";
SET AUTOCOMMIT = 0;
START TRANSACTION;
SET time_zone = "+00:00";


/*!40101 SET @OLD_CHARACTER_SET_CLIENT=@@CHARACTER_SET_CLIENT */;
/*!40101 SET @OLD_CHARACTER_SET_RESULTS=@@CHARACTER_SET_RESULTS */;
/*!40101 SET @OLD_COLLATION_CONNECTION=@@COLLATION_CONNECTION */;
/*!40101 SET NAMES utf8mb4 */;

--
-- Database: `global`
--
CREATE DATABASE IF NOT EXISTS `global` DEFAULT CHARACTER SET utf8 COLLATE utf8_spanish_ci;
USE `global`;

-- --------------------------------------------------------

--
-- Table structure for table `asignacion_chofer`
--

CREATE TABLE `asignacion_chofer` (
  `id_asignacion_chf` int(11) NOT NULL COMMENT 'clave primaria de la asignacion de chofer a transporte',
  `fecha_asignacion_chf` date NOT NULL COMMENT 'fecha de la asignacion del chofer a un tranporte',
  `chofer_id` int(11) NOT NULL COMMENT 'clave foranea de la tabla chofer',
  `transporte_id` int(11) NOT NULL COMMENT 'clave foranea de la tabla transporta',
  `estatus_asignacion_chf` int(1) NOT NULL COMMENT 'estatus de la asignacion de chofer 1 o 9',
  `empresa_id` int(11) NOT NULL
) ENGINE=InnoDB DEFAULT CHARSET=utf8 COLLATE=utf8_spanish_ci;

--
-- Dumping data for table `asignacion_chofer`
--

INSERT INTO `asignacion_chofer` (`id_asignacion_chf`, `fecha_asignacion_chf`, `chofer_id`, `transporte_id`, `estatus_asignacion_chf`, `empresa_id`) VALUES
(1, '2016-06-10', 12, 2, 9, 0),
(2, '2016-06-10', 2, 2, 1, 0),
(3, '2016-07-02', 2, 6, 1, 0),
(4, '2016-07-06', 2, 21, 1, 0);

-- --------------------------------------------------------

--
-- Table structure for table `asignacion_transporte`
--

CREATE TABLE `asignacion_transporte` (
  `id_asignacion_transporte` int(11) NOT NULL COMMENT 'clave primaria de la tabla ',
  `fecha_asignacion_transporte` date NOT NULL COMMENT 'fecha de asignacion del transporte',
  `despacho_id` int(11) NOT NULL COMMENT 'clave foranea de la tabla despacho',
  `transporte_id` int(11) NOT NULL COMMENT 'clave foranea de la tabla transporte',
  `estatus_asignacion_transporte` int(1) NOT NULL COMMENT 'estatus de la asignacion de transporte',
  `condicion_asignacion_transporte` varchar(10) COLLATE utf8_spanish_ci NOT NULL COMMENT 'condicion de la asignacion de transporte',
  `empresa_id` int(11) NOT NULL
) ENGINE=InnoDB DEFAULT CHARSET=utf8 COLLATE=utf8_spanish_ci;

--
-- Dumping data for table `asignacion_transporte`
--

INSERT INTO `asignacion_transporte` (`id_asignacion_transporte`, `fecha_asignacion_transporte`, `despacho_id`, `transporte_id`, `estatus_asignacion_transporte`, `condicion_asignacion_transporte`, `empresa_id`) VALUES
(1, '2016-07-08', 4, 4, 1, 'EN RUTA', 0);

-- --------------------------------------------------------

--
-- Table structure for table `autorizacion`
--

CREATE TABLE `autorizacion` (
  `id_autorizacion` int(11) NOT NULL,
  `fecha_creacion` date NOT NULL,
  `usuario_autoriza` int(11) NOT NULL,
  `estatus_autorizacion` int(1) NOT NULL,
  `codigo_autorizacion` varchar(20) COLLATE utf8_spanish_ci NOT NULL,
  `solicitud_id` int(11) NOT NULL,
  `deposito_despacho` int(11) NOT NULL,
  `empresa_id` int(11) NOT NULL
) ENGINE=InnoDB DEFAULT CHARSET=utf8 COLLATE=utf8_spanish_ci;

--
-- Dumping data for table `autorizacion`
--

INSERT INTO `autorizacion` (`id_autorizacion`, `fecha_creacion`, `usuario_autoriza`, `estatus_autorizacion`, `codigo_autorizacion`, `solicitud_id`, `deposito_despacho`, `empresa_id`) VALUES
(1, '2016-07-03', 8, 1, '20160703-sol110718', 1, 2, 0),
(2, '2016-07-05', 10, 1, '20160705-sol222001', 2, 2, 0),
(3, '2016-07-06', 1, 1, '20160706-sol329924', 3, 2, 0);

-- --------------------------------------------------------

--
-- Table structure for table `banco`
--

CREATE TABLE `banco` (
  `id_banco` int(11) NOT NULL,
  `fecha_creacion` date DEFAULT NULL,
  `nombre_banco` varchar(70) COLLATE utf8_spanish_ci DEFAULT NULL,
  `direccion_banco` varchar(100) COLLATE utf8_spanish_ci DEFAULT NULL,
  `telefono_banco` varchar(20) COLLATE utf8_spanish_ci DEFAULT NULL,
  `correo_banco` varchar(60) COLLATE utf8_spanish_ci DEFAULT NULL,
  `estatus_banco` int(1) DEFAULT NULL,
  `empresa_id` int(11) NOT NULL
) ENGINE=InnoDB DEFAULT CHARSET=utf8 COLLATE=utf8_spanish_ci;

--
-- Dumping data for table `banco`
--

INSERT INTO `banco` (`id_banco`, `fecha_creacion`, `nombre_banco`, `direccion_banco`, `telefono_banco`, `correo_banco`, `estatus_banco`, `empresa_id`) VALUES
(1, NULL, 'Banesco', 'Av. 5 de diciembre', '02556651509', 'banesco-info@bansco.com', 1, 0);

-- --------------------------------------------------------

--
-- Table structure for table `bitacora`
--

CREATE TABLE `bitacora` (
  `id_bitacora` int(11) NOT NULL,
  `fecha` datetime NOT NULL,
  `usuario_id` int(11) NOT NULL,
  `recurso_id` int(11) NOT NULL,
  `accion` char(15) COLLATE utf8_spanish_ci NOT NULL,
  `contenido` text COLLATE utf8_spanish_ci DEFAULT NULL,
  `ip` varchar(20) COLLATE utf8_spanish_ci NOT NULL,
  `navegador` varchar(30) COLLATE utf8_spanish_ci NOT NULL,
  `empresa_id` int(11) NOT NULL
) ENGINE=InnoDB DEFAULT CHARSET=utf8 COLLATE=utf8_spanish_ci;

--
-- Dumping data for table `bitacora`
--

INSERT INTO `bitacora` (`id_bitacora`, `fecha`, `usuario_id`, `recurso_id`, `accion`, `contenido`, `ip`, `navegador`, `empresa_id`) VALUES
(1, '2016-07-17 19:32:38', 1, 30, 'ADMICION', 'ADMICION DE USUARIO CON IP 127.0.0.1NAV-Opera', '127.0.0.1', 'Opera', 0),
(2, '2016-07-17 19:32:38', 1, 30, 'ADMICION', 'ACCESO AL SISTEMA DESDE IP 127.0.0.1', '127.0.0.1', 'Opera', 0),
(3, '2016-07-17 20:00:11', 1, 31, 'DESCONEXION', 'DESCONEXION POR SALIDA DEL SISTEMA', '127.0.0.1', 'Opera', 0),
(4, '2016-07-17 20:00:11', 1, 0, 'DESCONEXION', 'DESCONEXION DE USUARIO CON IP ', '127.0.0.1', 'Opera', 0),
(5, '2016-07-17 20:23:19', 1, 30, 'ADMICION', 'ADMICION DE USUARIO CON IP 127.0.0.1NAV-Opera', '127.0.0.1', 'Opera', 0),
(6, '2016-07-17 20:23:19', 1, 30, 'ADMICION', 'ACCESO AL SISTEMA DESDE IP 127.0.0.1', '127.0.0.1', 'Opera', 0),
(7, '2016-07-17 20:41:13', 1, 31, 'DESCONEXION', 'DESCONEXION POR SALIDA DEL SISTEMA', '127.0.0.1', 'Opera', 0),
(8, '2016-07-17 20:41:13', 1, 0, 'DESCONEXION', 'DESCONEXION DE USUARIO CON IP ', '127.0.0.1', 'Opera', 0),
(9, '2016-08-02 21:45:35', 1, 30, 'ADMICION', 'ADMICION DE USUARIO CON IP 127.0.0.1NAV-Opera', '127.0.0.1', 'Opera', 0),
(10, '2016-08-02 21:45:35', 1, 30, 'ADMICION', 'ACCESO AL SISTEMA DESDE IP 127.0.0.1', '127.0.0.1', 'Opera', 0),
(11, '2016-08-03 00:11:03', 1, 31, 'DESCONEXION', 'DESCONEXION POR SALIDA DEL SISTEMA', '127.0.0.1', 'Opera', 0),
(12, '2016-08-03 00:11:03', 1, 0, 'DESCONEXION', 'DESCONEXION DE USUARIO CON IP ', '127.0.0.1', 'Opera', 0),
(13, '2016-08-03 00:11:29', 1, 30, 'ADMICION', 'ADMICION DE USUARIO CON IP 127.0.0.1NAV-Opera', '127.0.0.1', 'Opera', 0),
(14, '2016-08-03 00:11:29', 1, 30, 'ADMICION', 'ACCESO AL SISTEMA DESDE IP 127.0.0.1', '127.0.0.1', 'Opera', 0),
(15, '2016-08-03 22:41:11', 1, 30, 'ADMICION', 'ACCESO AL SISTEMA DESDE IP 127.0.0.1', '127.0.0.1', 'Opera', 0),
(16, '2016-08-04 00:35:46', 1, 31, 'DESCONEXION', 'DESCONEXION POR SALIDA DEL SISTEMA', '127.0.0.1', 'Opera', 0),
(17, '2016-08-04 00:35:46', 1, 0, 'DESCONEXION', 'DESCONEXION DE USUARIO CON IP ', '127.0.0.1', 'Opera', 0),
(18, '2016-08-06 21:17:32', 1, 30, 'ADMICION', 'ADMICION DE USUARIO CON IP 127.0.0.1NAV-Opera', '127.0.0.1', 'Opera', 0),
(19, '2016-08-06 21:17:32', 1, 30, 'ADMICION', 'ACCESO AL SISTEMA DESDE IP 127.0.0.1', '127.0.0.1', 'Opera', 0),
(20, '2016-08-07 01:15:31', 1, 31, 'DESCONEXION', 'DESCONEXION POR SALIDA DEL SISTEMA', '127.0.0.1', 'Opera', 0),
(21, '2016-08-07 01:15:31', 1, 0, 'DESCONEXION', 'DESCONEXION DE USUARIO CON IP ', '127.0.0.1', 'Opera', 0),
(22, '2016-08-08 23:27:12', 1, 30, 'ADMICION', 'ADMICION DE USUARIO CON IP 127.0.0.1NAV-Opera', '127.0.0.1', 'Opera', 0),
(23, '2016-08-08 23:27:12', 1, 30, 'ADMICION', 'ACCESO AL SISTEMA DESDE IP 127.0.0.1', '127.0.0.1', 'Opera', 0),
(24, '2016-08-09 01:10:05', 1, 31, 'DESCONEXION', 'DESCONEXION POR SALIDA DEL SISTEMA', '127.0.0.1', 'Opera', 0),
(25, '2016-08-09 01:10:06', 1, 0, 'DESCONEXION', 'DESCONEXION DE USUARIO CON IP ', '127.0.0.1', 'Opera', 0),
(26, '2016-08-09 22:05:43', 1, 30, 'ADMICION', 'ADMICION DE USUARIO CON IP 127.0.0.1NAV-Opera', '127.0.0.1', 'Opera', 0),
(27, '2016-08-09 22:05:43', 1, 30, 'ADMICION', 'ACCESO AL SISTEMA DESDE IP 127.0.0.1', '127.0.0.1', 'Opera', 0),
(28, '2016-08-10 00:17:09', 1, 31, 'DESCONEXION', 'DESCONEXION POR SALIDA DEL SISTEMA', '127.0.0.1', 'Opera', 0),
(29, '2016-08-10 00:17:09', 1, 0, 'DESCONEXION', 'DESCONEXION DE USUARIO CON IP ', '127.0.0.1', 'Opera', 0),
(30, '2016-08-11 21:58:41', 1, 30, 'ADMICION', 'ADMICION DE USUARIO CON IP 127.0.0.1NAV-Opera', '127.0.0.1', 'Opera', 0),
(31, '2016-08-11 21:58:41', 1, 30, 'ADMICION', 'ACCESO AL SISTEMA DESDE IP 127.0.0.1', '127.0.0.1', 'Opera', 0),
(32, '2016-08-11 23:03:30', 1, 30, 'ADMICION', 'ACCESO AL SISTEMA DESDE IP 127.0.0.1', '127.0.0.1', 'Opera', 0),
(33, '2016-08-15 21:48:44', 1, 30, 'ADMICION', 'ACCESO AL SISTEMA DESDE IP 127.0.0.1', '127.0.0.1', 'Opera', 0),
(34, '2016-08-16 00:31:56', 1, 31, 'DESCONEXION', 'DESCONEXION POR SALIDA DEL SISTEMA', '127.0.0.1', 'Opera', 0),
(35, '2016-08-16 00:31:56', 1, 0, 'DESCONEXION', 'DESCONEXION DE USUARIO CON IP ', '127.0.0.1', 'Opera', 0),
(36, '2016-08-16 22:44:29', 1, 30, 'ADMICION', 'ADMICION DE USUARIO CON IP 127.0.0.1NAV-Opera', '127.0.0.1', 'Opera', 0),
(37, '2016-08-16 22:44:30', 1, 30, 'ADMICION', 'ACCESO AL SISTEMA DESDE IP 127.0.0.1', '127.0.0.1', 'Opera', 0),
(38, '2016-08-21 22:53:50', 1, 30, 'ADMICION', 'ACCESO AL SISTEMA DESDE IP 127.0.0.1', '127.0.0.1', 'Opera', 0),
(39, '2016-08-22 21:36:40', 1, 30, 'ADMICION', 'ACCESO AL SISTEMA DESDE IP 127.0.0.1', '127.0.0.1', 'Opera', 0),
(40, '2016-08-22 22:24:33', 1, 31, 'DESCONEXION', 'DESCONEXION POR SALIDA DEL SISTEMA', '127.0.0.1', 'Opera', 0),
(41, '2016-08-22 22:24:33', 1, 0, 'DESCONEXION', 'DESCONEXION DE USUARIO CON IP ', '127.0.0.1', 'Opera', 0),
(42, '2016-08-23 21:27:24', 1, 30, 'ADMICION', 'ADMICION DE USUARIO CON IP 127.0.0.1NAV-Opera', '127.0.0.1', 'Opera', 0),
(43, '2016-08-23 21:27:25', 1, 30, 'ADMICION', 'ACCESO AL SISTEMA DESDE IP 127.0.0.1', '127.0.0.1', 'Opera', 0),
(44, '2016-08-28 23:20:20', 1, 30, 'ADMICION', 'ACCESO AL SISTEMA DESDE IP 127.0.0.1', '127.0.0.1', 'Opera', 0),
(45, '2016-09-29 16:13:50', 1, 30, 'ADMICION', 'ACCESO AL SISTEMA DESDE IP 127.0.0.1', '127.0.0.1', 'Mozilla Firefox', 0),
(46, '2016-10-01 09:54:32', 1, 30, 'ADMICION', 'ACCESO AL SISTEMA DESDE IP 127.0.0.1', '127.0.0.1', 'Mozilla Firefox', 0),
(47, '2016-10-30 22:05:10', 1, 30, 'ADMICION', 'ACCESO AL SISTEMA DESDE IP 127.0.0.1', '127.0.0.1', 'Opera', 0),
(48, '2016-10-30 22:06:37', 1, 31, 'DESCONEXION', 'DESCONEXION POR SALIDA DEL SISTEMA', '127.0.0.1', 'Opera', 0),
(49, '2016-10-30 22:06:37', 1, 0, 'DESCONEXION', 'DESCONEXION DE USUARIO CON IP ', '127.0.0.1', 'Opera', 0),
(50, '2016-10-30 22:08:12', 1, 30, 'ADMICION', 'ADMICION DE USUARIO CON IP 127.0.0.1NAV-Opera', '127.0.0.1', 'Opera', 0),
(51, '2016-10-30 22:08:12', 1, 30, 'ADMICION', 'ACCESO AL SISTEMA DESDE IP 127.0.0.1', '127.0.0.1', 'Opera', 0),
(52, '2016-11-03 21:16:16', 1, 30, 'ADMICION', 'ACCESO AL SISTEMA DESDE IP 127.0.0.1', '127.0.0.1', 'Opera', 0),
(53, '2016-11-04 21:03:15', 1, 30, 'ADMICION', 'ACCESO AL SISTEMA DESDE IP 127.0.0.1', '127.0.0.1', 'Opera', 0),
(54, '2016-11-06 20:57:29', 1, 30, 'ADMICION', 'ACCESO AL SISTEMA DESDE IP 127.0.0.1', '127.0.0.1', 'Opera', 0),
(55, '2016-11-06 23:20:54', 1, 31, 'DESCONEXION', 'DESCONEXION POR SALIDA DEL SISTEMA', '127.0.0.1', 'Opera', 0),
(56, '2016-11-06 23:20:54', 1, 0, 'DESCONEXION', 'DESCONEXION DE USUARIO CON IP ', '127.0.0.1', 'Opera', 0),
(57, '2016-11-07 20:47:36', 1, 30, 'ADMICION', 'ADMICION DE USUARIO CON IP 127.0.0.1NAV-Opera', '127.0.0.1', 'Opera', 0),
(58, '2016-11-07 20:47:36', 1, 30, 'ADMICION', 'ACCESO AL SISTEMA DESDE IP 127.0.0.1', '127.0.0.1', 'Opera', 0),
(59, '2016-11-07 21:00:57', 1, 30, 'ADMICION', 'ACCESO AL SISTEMA DESDE IP 127.0.0.1', '127.0.0.1', 'Opera', 0),
(60, '2016-11-08 19:00:27', 1, 30, 'ADMICION', 'ACCESO AL SISTEMA DESDE IP 127.0.0.1', '127.0.0.1', 'Opera', 0),
(61, '2016-11-10 22:48:43', 1, 30, 'ADMICION', 'ACCESO AL SISTEMA DESDE IP 127.0.0.1', '127.0.0.1', 'Opera', 0),
(62, '2016-11-12 19:45:57', 1, 30, 'ADMICION', 'ACCESO AL SISTEMA DESDE IP 127.0.0.1', '127.0.0.1', 'Opera', 0),
(63, '2016-11-15 20:25:38', 1, 30, 'ADMICION', 'ACCESO AL SISTEMA DESDE IP 127.0.0.1', '127.0.0.1', 'Opera', 0),
(64, '2016-11-16 00:11:43', 1, 31, 'DESCONEXION', 'DESCONEXION POR SALIDA DEL SISTEMA', '127.0.0.1', 'Opera', 0),
(65, '2016-11-16 00:11:44', 1, 0, 'DESCONEXION', 'DESCONEXION DE USUARIO CON IP ', '127.0.0.1', 'Opera', 0),
(66, '2016-11-17 19:56:57', 1, 30, 'ADMICION', 'ADMICION DE USUARIO CON IP 127.0.0.1NAV-Opera', '127.0.0.1', 'Opera', 0),
(67, '2016-11-17 19:56:57', 1, 30, 'ADMICION', 'ACCESO AL SISTEMA DESDE IP 127.0.0.1', '127.0.0.1', 'Opera', 0),
(68, '2016-11-20 15:40:56', 1, 30, 'ADMICION', 'ACCESO AL SISTEMA DESDE IP 127.0.0.1', '127.0.0.1', 'Opera', 0),
(69, '2016-11-21 22:41:58', 1, 30, 'ADMICION', 'ACCESO AL SISTEMA DESDE IP 127.0.0.1', '127.0.0.1', 'Opera', 0),
(70, '2016-11-22 20:53:15', 1, 30, 'ADMICION', 'ACCESO AL SISTEMA DESDE IP 127.0.0.1', '127.0.0.1', 'Opera', 0),
(71, '2016-11-23 21:56:27', 1, 30, 'ADMICION', 'ACCESO AL SISTEMA DESDE IP 127.0.0.1', '127.0.0.1', 'Opera', 0),
(72, '2016-11-24 00:45:01', 1, 31, 'DESCONEXION', 'DESCONEXION POR SALIDA DEL SISTEMA', '127.0.0.1', 'Opera', 0),
(73, '2016-11-24 00:45:02', 1, 0, 'DESCONEXION', 'DESCONEXION DE USUARIO CON IP ', '127.0.0.1', 'Opera', 0),
(74, '2016-11-25 20:49:52', 1, 30, 'ADMICION', 'ADMICION DE USUARIO CON IP 127.0.0.1NAV-Opera', '127.0.0.1', 'Opera', 0),
(75, '2016-11-25 20:49:52', 1, 30, 'ADMICION', 'ACCESO AL SISTEMA DESDE IP 127.0.0.1', '127.0.0.1', 'Opera', 0),
(76, '2016-11-25 22:19:23', 1, 30, 'ADMICION', 'ACCESO AL SISTEMA DESDE IP 127.0.0.1', '127.0.0.1', 'Opera', 0),
(77, '2016-11-26 13:40:21', 1, 30, 'ADMICION', 'ACCESO AL SISTEMA DESDE IP 127.0.0.1', '127.0.0.1', 'Opera', 0),
(78, '2016-11-27 20:59:16', 1, 30, 'ADMICION', 'ACCESO AL SISTEMA DESDE IP 127.0.0.1', '127.0.0.1', 'Opera', 0),
(79, '2016-11-28 19:34:04', 1, 30, 'ADMICION', 'ACCESO AL SISTEMA DESDE IP 127.0.0.1', '127.0.0.1', 'Opera', 0),
(80, '2016-11-30 21:51:14', 1, 30, 'ADMICION', 'ACCESO AL SISTEMA DESDE IP 127.0.0.1', '127.0.0.1', 'Opera', 0),
(81, '2016-12-01 21:12:31', 1, 30, 'ADMICION', 'ACCESO AL SISTEMA DESDE IP 127.0.0.1', '127.0.0.1', 'Opera', 0),
(82, '2016-12-06 21:34:36', 1, 30, 'ADMICION', 'ACCESO AL SISTEMA DESDE IP 127.0.0.1', '127.0.0.1', 'Opera', 0),
(83, '2016-12-07 01:03:50', 1, 31, 'DESCONEXION', 'DESCONEXION POR SALIDA DEL SISTEMA', '127.0.0.1', 'Opera', 0),
(84, '2016-12-07 01:03:51', 1, 0, 'DESCONEXION', 'DESCONEXION DE USUARIO CON IP ', '127.0.0.1', 'Opera', 0),
(85, '2016-12-07 01:04:01', 1, 30, 'ADMICION', 'ADMICION DE USUARIO CON IP 127.0.0.1NAV-Opera', '127.0.0.1', 'Opera', 0),
(86, '2016-12-07 01:04:01', 1, 30, 'ADMICION', 'ACCESO AL SISTEMA DESDE IP 127.0.0.1', '127.0.0.1', 'Opera', 0),
(87, '2016-12-07 01:18:32', 1, 31, 'DESCONEXION', 'DESCONEXION POR SALIDA DEL SISTEMA', '127.0.0.1', 'Opera', 0),
(88, '2016-12-07 01:18:32', 1, 0, 'DESCONEXION', 'DESCONEXION DE USUARIO CON IP ', '127.0.0.1', 'Opera', 0),
(89, '2016-12-08 22:38:27', 1, 30, 'ADMICION', 'ADMICION DE USUARIO CON IP 127.0.0.1NAV-Opera', '127.0.0.1', 'Opera', 0),
(90, '2016-12-08 22:38:27', 1, 30, 'ADMICION', 'ACCESO AL SISTEMA DESDE IP 127.0.0.1', '127.0.0.1', 'Opera', 0),
(91, '2016-12-09 22:44:47', 1, 30, 'ADMICION', 'ACCESO AL SISTEMA DESDE IP 127.0.0.1', '127.0.0.1', 'Opera', 0),
(92, '2016-12-10 21:59:25', 1, 30, 'ADMICION', 'ACCESO AL SISTEMA DESDE IP 127.0.0.1', '127.0.0.1', 'Opera', 0),
(93, '2016-12-10 22:17:03', 1, 31, 'DESCONEXION', 'DESCONEXION POR SALIDA DEL SISTEMA', '127.0.0.1', 'Opera', 0),
(94, '2016-12-10 22:17:03', 1, 0, 'DESCONEXION', 'DESCONEXION DE USUARIO CON IP ', '127.0.0.1', 'Opera', 0),
(95, '2016-12-10 22:17:08', 1, 30, 'ADMICION', 'ADMICION DE USUARIO CON IP 127.0.0.1NAV-Opera', '127.0.0.1', 'Opera', 0),
(96, '2016-12-10 22:17:08', 1, 30, 'ADMICION', 'ACCESO AL SISTEMA DESDE IP 127.0.0.1', '127.0.0.1', 'Opera', 0),
(97, '2016-12-10 22:32:11', 1, 30, 'ADMICION', 'ACCESO AL SISTEMA DESDE IP 127.0.0.1', '127.0.0.1', 'Opera', 0),
(98, '2016-12-11 00:26:38', 1, 31, 'DESCONEXION', 'DESCONEXION POR SALIDA DEL SISTEMA', '127.0.0.1', 'Opera', 0),
(99, '2016-12-11 00:26:38', 1, 0, 'DESCONEXION', 'DESCONEXION DE USUARIO CON IP ', '127.0.0.1', 'Opera', 0),
(100, '2016-12-13 21:31:57', 1, 30, 'ADMICION', 'ADMICION DE USUARIO CON IP 127.0.0.1NAV-Opera', '127.0.0.1', 'Opera', 0),
(101, '2016-12-13 21:31:57', 1, 30, 'ADMICION', 'ACCESO AL SISTEMA DESDE IP 127.0.0.1', '127.0.0.1', 'Opera', 0),
(102, '2016-12-13 23:59:06', 1, 31, 'DESCONEXION', 'DESCONEXION POR SALIDA DEL SISTEMA', '127.0.0.1', 'Opera', 0),
(103, '2016-12-13 23:59:06', 1, 0, 'DESCONEXION', 'DESCONEXION DE USUARIO CON IP ', '127.0.0.1', 'Opera', 0),
(104, '2016-12-14 22:40:51', 1, 30, 'ADMICION', 'ADMICION DE USUARIO CON IP 127.0.0.1NAV-Opera', '127.0.0.1', 'Opera', 0),
(105, '2016-12-14 22:40:52', 1, 30, 'ADMICION', 'ACCESO AL SISTEMA DESDE IP 127.0.0.1', '127.0.0.1', 'Opera', 0),
(106, '2016-12-14 23:48:05', 1, 31, 'DESCONEXION', 'DESCONEXION POR SALIDA DEL SISTEMA', '127.0.0.1', 'Opera', 0),
(107, '2016-12-14 23:48:06', 1, 0, 'DESCONEXION', 'DESCONEXION DE USUARIO CON IP ', '127.0.0.1', 'Opera', 0),
(108, '2016-12-19 20:00:20', 1, 30, 'ADMICION', 'ADMICION DE USUARIO CON IP 127.0.0.1NAV-Opera', '127.0.0.1', 'Opera', 0),
(109, '2016-12-19 20:00:20', 1, 30, 'ADMICION', 'ACCESO AL SISTEMA DESDE IP 127.0.0.1', '127.0.0.1', 'Opera', 0),
(110, '2016-12-19 22:07:11', 1, 31, 'DESCONEXION', 'DESCONEXION POR SALIDA DEL SISTEMA', '127.0.0.1', 'Opera', 0),
(111, '2016-12-19 22:07:11', 1, 0, 'DESCONEXION', 'DESCONEXION DE USUARIO CON IP ', '127.0.0.1', 'Opera', 0),
(112, '2016-12-20 19:40:11', 1, 30, 'ADMICION', 'ADMICION DE USUARIO CON IP 127.0.0.1NAV-Opera', '127.0.0.1', 'Opera', 0),
(113, '2016-12-20 19:40:11', 1, 30, 'ADMICION', 'ACCESO AL SISTEMA DESDE IP 127.0.0.1', '127.0.0.1', 'Opera', 0),
(114, '2016-12-21 00:01:48', 1, 31, 'DESCONEXION', 'DESCONEXION POR SALIDA DEL SISTEMA', '127.0.0.1', 'Opera', 0),
(115, '2016-12-21 00:01:48', 1, 0, 'DESCONEXION', 'DESCONEXION DE USUARIO CON IP ', '127.0.0.1', 'Opera', 0),
(116, '2017-01-23 22:36:41', 1, 30, 'ADMICION', 'ADMICION DE USUARIO CON IP 127.0.0.1NAV-Opera', '127.0.0.1', 'Opera', 0),
(117, '2017-01-23 22:36:41', 1, 30, 'ADMICION', 'ACCESO AL SISTEMA DESDE IP 127.0.0.1', '127.0.0.1', 'Opera', 0),
(118, '2017-01-23 23:06:37', 1, 31, 'DESCONEXION', 'DESCONEXION POR SALIDA DEL SISTEMA', '127.0.0.1', 'Opera', 0),
(119, '2017-01-23 23:06:37', 1, 0, 'DESCONEXION', 'DESCONEXION DE USUARIO CON IP ', '127.0.0.1', 'Opera', 0),
(120, '2017-01-24 19:55:11', 1, 30, 'ADMICION', 'ADMICION DE USUARIO CON IP 127.0.0.1NAV-Opera', '127.0.0.1', 'Opera', 0),
(121, '2017-01-24 19:55:12', 1, 30, 'ADMICION', 'ACCESO AL SISTEMA DESDE IP 127.0.0.1', '127.0.0.1', 'Opera', 0),
(122, '2017-01-25 20:20:29', 1, 30, 'ADMICION', 'ACCESO AL SISTEMA DESDE IP 127.0.0.1', '127.0.0.1', 'Opera', 0),
(123, '2017-01-26 19:03:01', 1, 30, 'ADMICION', 'ACCESO AL SISTEMA DESDE IP 127.0.0.1', '127.0.0.1', 'Opera', 0),
(124, '2017-01-28 17:35:25', 1, 30, 'ADMICION', 'ACCESO AL SISTEMA DESDE IP 127.0.0.1', '127.0.0.1', 'Opera', 0),
(125, '2017-01-29 00:43:07', 1, 31, 'DESCONEXION', 'DESCONEXION POR SALIDA DEL SISTEMA', '127.0.0.1', 'Opera', 0),
(126, '2017-01-29 00:43:07', 1, 0, 'DESCONEXION', 'DESCONEXION DE USUARIO CON IP ', '127.0.0.1', 'Opera', 0),
(127, '2017-01-29 21:15:53', 1, 30, 'ADMICION', 'ADMICION DE USUARIO CON IP 127.0.0.1NAV-Opera', '127.0.0.1', 'Opera', 0),
(128, '2017-01-29 21:15:53', 1, 30, 'ADMICION', 'ACCESO AL SISTEMA DESDE IP 127.0.0.1', '127.0.0.1', 'Opera', 0),
(129, '2017-01-31 22:37:35', 1, 30, 'ADMICION', 'ACCESO AL SISTEMA DESDE IP 127.0.0.1', '127.0.0.1', 'Opera', 0),
(130, '2017-02-01 00:50:12', 1, 30, 'ADMICION', 'ACCESO AL SISTEMA DESDE IP 127.0.0.1', '127.0.0.1', 'Opera', 0),
(131, '2017-02-02 21:03:01', 1, 30, 'ADMICION', 'ACCESO AL SISTEMA DESDE IP 127.0.0.1', '127.0.0.1', 'Opera', 0),
(132, '2017-02-03 20:42:02', 1, 30, 'ADMICION', 'ACCESO AL SISTEMA DESDE IP 127.0.0.1', '127.0.0.1', 'Opera', 0),
(133, '2017-02-04 13:52:09', 1, 30, 'ADMICION', 'ACCESO AL SISTEMA DESDE IP 127.0.0.1', '127.0.0.1', 'Opera', 0),
(134, '2017-02-05 00:16:17', 1, 31, 'DESCONEXION', 'DESCONEXION POR SALIDA DEL SISTEMA', '127.0.0.1', 'Opera', 0),
(135, '2017-02-05 00:16:17', 1, 0, 'DESCONEXION', 'DESCONEXION DE USUARIO CON IP ', '127.0.0.1', 'Opera', 0),
(136, '2017-02-05 16:38:13', 1, 30, 'ADMICION', 'ADMICION DE USUARIO CON IP 127.0.0.1NAV-Opera', '127.0.0.1', 'Opera', 0),
(137, '2017-02-05 16:38:13', 1, 30, 'ADMICION', 'ACCESO AL SISTEMA DESDE IP 127.0.0.1', '127.0.0.1', 'Opera', 0),
(138, '2017-02-06 20:22:05', 1, 30, 'ADMICION', 'ACCESO AL SISTEMA DESDE IP 127.0.0.1', '127.0.0.1', 'Opera', 0),
(139, '2017-02-07 20:36:16', 1, 30, 'ADMICION', 'ACCESO AL SISTEMA DESDE IP 127.0.0.1', '127.0.0.1', 'Opera', 0),
(140, '2017-02-08 22:13:18', 1, 30, 'ADMICION', 'ACCESO AL SISTEMA DESDE IP 127.0.0.1', '127.0.0.1', 'Opera', 0),
(141, '2017-02-09 01:03:13', 1, 31, 'DESCONEXION', 'DESCONEXION POR SALIDA DEL SISTEMA', '127.0.0.1', 'Opera', 0),
(142, '2017-02-09 01:03:13', 1, 0, 'DESCONEXION', 'DESCONEXION DE USUARIO CON IP ', '127.0.0.1', 'Opera', 0),
(143, '2017-02-09 19:23:52', 1, 30, 'ADMICION', 'ADMICION DE USUARIO CON IP 127.0.0.1NAV-Opera', '127.0.0.1', 'Opera', 0),
(144, '2017-02-09 19:23:52', 1, 30, 'ADMICION', 'ACCESO AL SISTEMA DESDE IP 127.0.0.1', '127.0.0.1', 'Opera', 0),
(145, '2017-02-11 14:53:48', 1, 30, 'ADMICION', 'ACCESO AL SISTEMA DESDE IP 127.0.0.1', '127.0.0.1', 'Opera', 0),
(146, '2017-02-11 19:24:59', 1, 30, 'ADMICION', 'ACCESO AL SISTEMA DESDE IP 127.0.0.1', '127.0.0.1', 'Opera', 0),
(147, '2017-02-12 21:33:36', 1, 30, 'ADMICION', 'ACCESO AL SISTEMA DESDE IP 127.0.0.1', '127.0.0.1', 'Opera', 0),
(148, '2017-02-13 20:29:56', 1, 30, 'ADMICION', 'ACCESO AL SISTEMA DESDE IP 127.0.0.1', '127.0.0.1', 'Opera', 0),
(149, '2017-02-14 21:55:25', 1, 30, 'ADMICION', 'ACCESO AL SISTEMA DESDE IP 127.0.0.1', '127.0.0.1', 'Mozilla Firefox', 0),
(150, '2017-02-15 21:29:32', 1, 30, 'ADMICION', 'ACCESO AL SISTEMA DESDE IP 127.0.0.1', '127.0.0.1', 'Opera', 0),
(151, '2017-02-18 15:03:08', 1, 30, 'ADMICION', 'ACCESO AL SISTEMA DESDE IP 127.0.0.1', '127.0.0.1', 'Opera', 0),
(152, '2017-02-19 23:06:21', 1, 30, 'ADMICION', 'ACCESO AL SISTEMA DESDE IP 127.0.0.1', '127.0.0.1', 'Opera', 0),
(153, '2017-02-20 02:06:31', 1, 31, 'DESCONEXION', 'DESCONEXION POR SALIDA DEL SISTEMA', '127.0.0.1', 'Opera', 0),
(154, '2017-02-20 02:06:31', 1, 0, 'DESCONEXION', 'DESCONEXION DE USUARIO CON IP ', '127.0.0.1', 'Opera', 0),
(155, '2017-02-21 19:58:37', 1, 30, 'ADMICION', 'ADMICION DE USUARIO CON IP 127.0.0.1NAV-Opera', '127.0.0.1', 'Opera', 0),
(156, '2017-02-21 19:58:37', 1, 30, 'ADMICION', 'ACCESO AL SISTEMA DESDE IP 127.0.0.1', '127.0.0.1', 'Opera', 0),
(157, '2017-02-22 01:56:41', 1, 31, 'DESCONEXION', 'DESCONEXION POR SALIDA DEL SISTEMA', '127.0.0.1', 'Opera', 0),
(158, '2017-02-22 01:56:42', 1, 0, 'DESCONEXION', 'DESCONEXION DE USUARIO CON IP ', '127.0.0.1', 'Opera', 0),
(159, '2017-02-22 22:00:12', 1, 30, 'ADMICION', 'ADMICION DE USUARIO CON IP 127.0.0.1NAV-Opera', '127.0.0.1', 'Opera', 0),
(160, '2017-02-22 22:00:12', 1, 30, 'ADMICION', 'ACCESO AL SISTEMA DESDE IP 127.0.0.1', '127.0.0.1', 'Opera', 0),
(161, '2017-02-25 00:41:16', 1, 30, 'ADMICION', 'ACCESO AL SISTEMA DESDE IP 127.0.0.1', '127.0.0.1', 'Opera', 0),
(162, '2017-03-01 20:40:25', 1, 30, 'ADMICION', 'ACCESO AL SISTEMA DESDE IP 127.0.0.1', '127.0.0.1', 'Opera', 0),
(163, '2017-03-02 20:50:52', 1, 30, 'ADMICION', 'ACCESO AL SISTEMA DESDE IP 127.0.0.1', '127.0.0.1', 'Opera', 0),
(164, '2017-03-05 15:31:35', 1, 30, 'ADMICION', 'ACCESO AL SISTEMA DESDE IP 127.0.0.1', '127.0.0.1', 'Opera', 0),
(165, '2017-03-06 19:58:45', 1, 30, 'ADMICION', 'ACCESO AL SISTEMA DESDE IP 127.0.0.1', '127.0.0.1', 'Opera', 0),
(166, '2017-03-06 23:05:25', 1, 31, 'DESCONEXION', 'DESCONEXION POR SALIDA DEL SISTEMA', '127.0.0.1', 'Opera', 0),
(167, '2017-03-06 23:05:26', 1, 0, 'DESCONEXION', 'DESCONEXION DE USUARIO CON IP ', '127.0.0.1', 'Opera', 0),
(168, '2017-03-07 19:26:47', 1, 30, 'ADMICION', 'ADMICION DE USUARIO CON IP 127.0.0.1NAV-Opera', '127.0.0.1', 'Opera', 0),
(169, '2017-03-07 19:26:48', 1, 30, 'ADMICION', 'ACCESO AL SISTEMA DESDE IP 127.0.0.1', '127.0.0.1', 'Opera', 0),
(170, '2017-03-08 01:01:47', 1, 31, 'DESCONEXION', 'DESCONEXION POR SALIDA DEL SISTEMA', '127.0.0.1', 'Opera', 0),
(171, '2017-03-08 01:01:47', 1, 0, 'DESCONEXION', 'DESCONEXION DE USUARIO CON IP ', '127.0.0.1', 'Opera', 0),
(172, '2017-03-09 22:02:43', 1, 30, 'ADMICION', 'ADMICION DE USUARIO CON IP 127.0.0.1NAV-Opera', '127.0.0.1', 'Opera', 0),
(173, '2017-03-09 22:02:43', 1, 30, 'ADMICION', 'ACCESO AL SISTEMA DESDE IP 127.0.0.1', '127.0.0.1', 'Opera', 0),
(174, '2017-03-10 01:55:03', 1, 31, 'DESCONEXION', 'DESCONEXION POR SALIDA DEL SISTEMA', '127.0.0.1', 'Opera', 0),
(175, '2017-03-10 01:55:03', 1, 0, 'DESCONEXION', 'DESCONEXION DE USUARIO CON IP ', '127.0.0.1', 'Opera', 0),
(176, '2017-03-10 23:43:38', 1, 30, 'ADMICION', 'ADMICION DE USUARIO CON IP 127.0.0.1NAV-Opera', '127.0.0.1', 'Opera', 0),
(177, '2017-03-10 23:43:38', 1, 30, 'ADMICION', 'ACCESO AL SISTEMA DESDE IP 127.0.0.1', '127.0.0.1', 'Opera', 0),
(178, '2017-03-11 01:42:44', 1, 31, 'DESCONEXION', 'DESCONEXION POR SALIDA DEL SISTEMA', '127.0.0.1', 'Opera', 0),
(179, '2017-03-11 01:42:44', 1, 0, 'DESCONEXION', 'DESCONEXION DE USUARIO CON IP ', '127.0.0.1', 'Opera', 0),
(180, '2017-03-12 13:01:36', 1, 30, 'ADMICION', 'ADMICION DE USUARIO CON IP 127.0.0.1NAV-Opera', '127.0.0.1', 'Opera', 0),
(181, '2017-03-12 13:01:37', 1, 30, 'ADMICION', 'ACCESO AL SISTEMA DESDE IP 127.0.0.1', '127.0.0.1', 'Opera', 0),
(182, '2017-03-21 20:52:36', 1, 30, 'ADMICION', 'ACCESO AL SISTEMA DESDE IP 127.0.0.1', '127.0.0.1', 'Opera', 0),
(183, '2017-03-22 00:06:02', 1, 31, 'DESCONEXION', 'DESCONEXION POR SALIDA DEL SISTEMA', '127.0.0.1', 'Opera', 0),
(184, '2017-03-22 00:06:03', 1, 0, 'DESCONEXION', 'DESCONEXION DE USUARIO CON IP ', '127.0.0.1', 'Opera', 0),
(185, '2017-03-22 21:22:05', 1, 30, 'ADMICION', 'ADMICION DE USUARIO CON IP 127.0.0.1NAV-Opera', '127.0.0.1', 'Opera', 0),
(186, '2017-03-22 21:22:06', 1, 30, 'ADMICION', 'ACCESO AL SISTEMA DESDE IP 127.0.0.1', '127.0.0.1', 'Opera', 0),
(187, '2017-03-22 22:59:45', 1, 31, 'DESCONEXION', 'DESCONEXION POR SALIDA DEL SISTEMA', '127.0.0.1', 'Opera', 0),
(188, '2017-03-22 22:59:45', 1, 0, 'DESCONEXION', 'DESCONEXION DE USUARIO CON IP ', '127.0.0.1', 'Opera', 0),
(189, '2017-03-30 21:41:03', 1, 30, 'ADMICION', 'ADMICION DE USUARIO CON IP 127.0.0.1NAV-Opera', '127.0.0.1', 'Opera', 0),
(190, '2017-03-30 21:41:03', 1, 30, 'ADMICION', 'ACCESO AL SISTEMA DESDE IP 127.0.0.1', '127.0.0.1', 'Opera', 0),
(191, '2017-04-01 22:54:08', 1, 30, 'ADMICION', 'ACCESO AL SISTEMA DESDE IP 127.0.0.1', '127.0.0.1', 'Opera', 0),
(192, '2017-04-01 22:54:50', 1, 31, 'DESCONEXION', 'DESCONEXION POR SALIDA DEL SISTEMA', '127.0.0.1', 'Opera', 0),
(193, '2017-04-01 22:54:51', 1, 0, 'DESCONEXION', 'DESCONEXION DE USUARIO CON IP ', '127.0.0.1', 'Opera', 0),
(194, '2017-04-05 20:46:48', 1, 30, 'ADMICION', 'ADMICION DE USUARIO CON IP 127.0.0.1NAV-Opera', '127.0.0.1', 'Opera', 0),
(195, '2017-04-05 20:46:49', 1, 30, 'ADMICION', 'ACCESO AL SISTEMA DESDE IP 127.0.0.1', '127.0.0.1', 'Opera', 0),
(196, '2017-04-06 23:01:14', 1, 30, 'ADMICION', 'ACCESO AL SISTEMA DESDE IP 127.0.0.1', '127.0.0.1', 'Opera', 0),
(197, '2017-04-13 21:25:24', 1, 30, 'ADMICION', 'ACCESO AL SISTEMA DESDE IP 127.0.0.1', '127.0.0.1', 'Mozilla Firefox', 0),
(198, '2017-04-13 22:17:40', 1, 30, 'ADMICION', 'ACCESO AL SISTEMA DESDE IP 127.0.0.1', '127.0.0.1', 'Mozilla Firefox', 0),
(199, '2017-04-14 02:50:55', 1, 31, 'DESCONEXION', 'DESCONEXION POR SALIDA DEL SISTEMA', '127.0.0.1', 'Mozilla Firefox', 0),
(200, '2017-04-14 02:50:56', 1, 0, 'DESCONEXION', 'DESCONEXION DE USUARIO CON IP ', '127.0.0.1', 'Mozilla Firefox', 0),
(201, '2017-04-14 23:07:48', 1, 30, 'ADMICION', 'ADMICION DE USUARIO CON IP 127.0.0.1NAV-Mozilla Firefox', '127.0.0.1', 'Mozilla Firefox', 0),
(202, '2017-04-14 23:07:48', 1, 30, 'ADMICION', 'ACCESO AL SISTEMA DESDE IP 127.0.0.1', '127.0.0.1', 'Mozilla Firefox', 0),
(203, '2017-04-15 15:22:47', 1, 30, 'ADMICION', 'ACCESO AL SISTEMA DESDE IP 127.0.0.1', '127.0.0.1', 'Mozilla Firefox', 0),
(204, '2017-04-17 22:33:57', 1, 30, 'ADMICION', 'ACCESO AL SISTEMA DESDE IP 127.0.0.1', '127.0.0.1', 'Mozilla Firefox', 0),
(205, '2017-04-22 20:27:11', 1, 30, 'ADMICION', 'ACCESO AL SISTEMA DESDE IP 127.0.0.1', '127.0.0.1', 'Mozilla Firefox', 0),
(206, '2017-04-26 20:13:25', 1, 30, 'ADMICION', 'ACCESO AL SISTEMA DESDE IP 127.0.0.1', '127.0.0.1', 'Mozilla Firefox', 0),
(207, '2017-04-27 01:11:28', 1, 31, 'DESCONEXION', 'DESCONEXION POR SALIDA DEL SISTEMA', '127.0.0.1', 'Mozilla Firefox', 0),
(208, '2017-04-27 01:11:28', 1, 0, 'DESCONEXION', 'DESCONEXION DE USUARIO CON IP ', '127.0.0.1', 'Mozilla Firefox', 0),
(209, '2017-04-28 19:42:50', 1, 30, 'ADMICION', 'ADMICION DE USUARIO CON IP 127.0.0.1NAV-Mozilla Firefox', '127.0.0.1', 'Mozilla Firefox', 0),
(210, '2017-04-28 19:42:50', 1, 30, 'ADMICION', 'ACCESO AL SISTEMA DESDE IP 127.0.0.1', '127.0.0.1', 'Mozilla Firefox', 0),
(211, '2017-04-30 12:28:22', 1, 30, 'ADMICION', 'ACCESO AL SISTEMA DESDE IP 127.0.0.1', '127.0.0.1', 'Mozilla Firefox', 0),
(212, '2017-05-02 19:58:02', 1, 30, 'ADMICION', 'ACCESO AL SISTEMA DESDE IP 127.0.0.1', '127.0.0.1', 'Mozilla Firefox', 0),
(213, '2017-05-03 00:07:36', 1, 31, 'DESCONEXION', 'DESCONEXION POR SALIDA DEL SISTEMA', '127.0.0.1', 'Mozilla Firefox', 0),
(214, '2017-05-03 00:07:36', 1, 0, 'DESCONEXION', 'DESCONEXION DE USUARIO CON IP ', '127.0.0.1', 'Mozilla Firefox', 0),
(215, '2017-05-03 23:11:15', 1, 30, 'ADMICION', 'ADMICION DE USUARIO CON IP 127.0.0.1NAV-Mozilla Firefox', '127.0.0.1', 'Mozilla Firefox', 0),
(216, '2017-05-03 23:11:15', 1, 30, 'ADMICION', 'ACCESO AL SISTEMA DESDE IP 127.0.0.1', '127.0.0.1', 'Mozilla Firefox', 0),
(217, '2017-05-04 20:40:54', 1, 30, 'ADMICION', 'ACCESO AL SISTEMA DESDE IP 127.0.0.1', '127.0.0.1', 'Mozilla Firefox', 0),
(218, '2017-05-05 00:04:17', 1, 31, 'DESCONEXION', 'DESCONEXION POR SALIDA DEL SISTEMA', '127.0.0.1', 'Mozilla Firefox', 0),
(219, '2017-05-05 00:04:17', 1, 0, 'DESCONEXION', 'DESCONEXION DE USUARIO CON IP ', '127.0.0.1', 'Mozilla Firefox', 0),
(220, '2017-05-06 19:57:39', 1, 30, 'ADMICION', 'ADMICION DE USUARIO CON IP 127.0.0.1NAV-Mozilla Firefox', '127.0.0.1', 'Mozilla Firefox', 0),
(221, '2017-05-06 19:57:39', 1, 30, 'ADMICION', 'ACCESO AL SISTEMA DESDE IP 127.0.0.1', '127.0.0.1', 'Mozilla Firefox', 0),
(222, '2017-05-07 00:15:07', 1, 31, 'DESCONEXION', 'DESCONEXION POR SALIDA DEL SISTEMA', '127.0.0.1', 'Mozilla Firefox', 0),
(223, '2017-05-07 00:15:07', 1, 0, 'DESCONEXION', 'DESCONEXION DE USUARIO CON IP ', '127.0.0.1', 'Mozilla Firefox', 0),
(224, '2017-05-08 22:01:37', 1, 30, 'ADMICION', 'ADMICION DE USUARIO CON IP 127.0.0.1NAV-Mozilla Firefox', '127.0.0.1', 'Mozilla Firefox', 0),
(225, '2017-05-08 22:01:37', 1, 30, 'ADMICION', 'ACCESO AL SISTEMA DESDE IP 127.0.0.1', '127.0.0.1', 'Mozilla Firefox', 0),
(226, '2017-05-09 21:50:20', 1, 30, 'ADMICION', 'ACCESO AL SISTEMA DESDE IP 127.0.0.1', '127.0.0.1', 'Mozilla Firefox', 0),
(227, '2017-05-10 01:04:44', 1, 31, 'DESCONEXION', 'DESCONEXION POR SALIDA DEL SISTEMA', '127.0.0.1', 'Mozilla Firefox', 0),
(228, '2017-05-10 01:04:44', 1, 0, 'DESCONEXION', 'DESCONEXION DE USUARIO CON IP ', '127.0.0.1', 'Mozilla Firefox', 0),
(229, '2017-05-10 21:17:48', 1, 30, 'ADMICION', 'ADMICION DE USUARIO CON IP 127.0.0.1NAV-Mozilla Firefox', '127.0.0.1', 'Mozilla Firefox', 0),
(230, '2017-05-10 21:17:48', 1, 30, 'ADMICION', 'ACCESO AL SISTEMA DESDE IP 127.0.0.1', '127.0.0.1', 'Mozilla Firefox', 0),
(231, '2017-05-13 17:42:55', 1, 30, 'ADMICION', 'ACCESO AL SISTEMA DESDE IP 127.0.0.1', '127.0.0.1', 'Mozilla Firefox', 0),
(232, '2017-05-15 00:44:23', 1, 30, 'ADMICION', 'ACCESO AL SISTEMA DESDE IP 127.0.0.1', '127.0.0.1', 'Mozilla Firefox', 0),
(233, '2017-05-15 21:56:46', 1, 30, 'ADMICION', 'ACCESO AL SISTEMA DESDE IP 127.0.0.1', '127.0.0.1', 'Mozilla Firefox', 0),
(234, '2017-05-16 01:26:13', 1, 31, 'DESCONEXION', 'DESCONEXION POR SALIDA DEL SISTEMA', '127.0.0.1', 'Mozilla Firefox', 0),
(235, '2017-05-16 01:26:13', 1, 0, 'DESCONEXION', 'DESCONEXION DE USUARIO CON IP ', '127.0.0.1', 'Mozilla Firefox', 0),
(236, '2017-05-17 20:11:23', 1, 30, 'ADMICION', 'ADMICION DE USUARIO CON IP 127.0.0.1NAV-Mozilla Firefox', '127.0.0.1', 'Mozilla Firefox', 0),
(237, '2017-05-17 20:11:23', 1, 30, 'ADMICION', 'ACCESO AL SISTEMA DESDE IP 127.0.0.1', '127.0.0.1', 'Mozilla Firefox', 0),
(238, '2017-05-18 00:05:58', 1, 31, 'DESCONEXION', 'DESCONEXION POR SALIDA DEL SISTEMA', '127.0.0.1', 'Mozilla Firefox', 0),
(239, '2017-05-18 00:05:58', 1, 0, 'DESCONEXION', 'DESCONEXION DE USUARIO CON IP ', '127.0.0.1', 'Mozilla Firefox', 0),
(240, '2017-05-18 21:31:04', 1, 30, 'ADMICION', 'ADMICION DE USUARIO CON IP 127.0.0.1NAV-Mozilla Firefox', '127.0.0.1', 'Mozilla Firefox', 0),
(241, '2017-05-18 21:31:04', 1, 30, 'ADMICION', 'ACCESO AL SISTEMA DESDE IP 127.0.0.1', '127.0.0.1', 'Mozilla Firefox', 0),
(242, '2017-07-02 13:32:44', 1, 30, 'ADMICION', 'ACCESO AL SISTEMA DESDE IP 127.0.0.1', '127.0.0.1', 'Mozilla Firefox', 0),
(243, '2017-07-02 18:22:41', 1, 30, 'ADMICION', 'ACCESO AL SISTEMA DESDE IP 127.0.0.1', '127.0.0.1', 'Mozilla Firefox', 0),
(244, '2017-07-05 18:25:46', 1, 30, 'ADMICION', 'ACCESO AL SISTEMA DESDE IP 127.0.0.1', '127.0.0.1', 'Mozilla Firefox', 0),
(245, '2017-07-06 20:06:43', 1, 30, 'ADMICION', 'ACCESO AL SISTEMA DESDE IP 127.0.0.1', '127.0.0.1', 'Mozilla Firefox', 0),
(246, '2017-07-08 19:46:28', 1, 30, 'ADMICION', 'ACCESO AL SISTEMA DESDE IP 127.0.0.1', '127.0.0.1', 'Mozilla Firefox', 0),
(247, '2017-07-08 23:15:38', 1, 31, 'DESCONEXION', 'DESCONEXION POR SALIDA DEL SISTEMA', '127.0.0.1', 'Mozilla Firefox', 0),
(248, '2017-07-08 23:15:38', 1, 0, 'DESCONEXION', 'DESCONEXION DE USUARIO CON IP ', '127.0.0.1', 'Mozilla Firefox', 0),
(249, '2017-07-10 19:27:00', 1, 30, 'ADMICION', 'ADMICION DE USUARIO CON IP 127.0.0.1NAV-Mozilla Firefox', '127.0.0.1', 'Mozilla Firefox', 0),
(250, '2017-07-10 19:27:00', 1, 30, 'ADMICION', 'ACCESO AL SISTEMA DESDE IP 127.0.0.1', '127.0.0.1', 'Mozilla Firefox', 0),
(251, '2017-07-18 22:46:50', 1, 30, 'ADMICION', 'ACCESO AL SISTEMA DESDE IP 127.0.0.1', '127.0.0.1', 'Mozilla Firefox', 0),
(252, '2017-07-20 16:21:57', 1, 30, 'ADMICION', 'ACCESO AL SISTEMA DESDE IP 127.0.0.1', '127.0.0.1', 'Mozilla Firefox', 0),
(253, '2017-07-20 19:05:49', 1, 30, 'ADMICION', 'ACCESO AL SISTEMA DESDE IP 127.0.0.1', '127.0.0.1', 'Mozilla Firefox', 0),
(254, '2017-07-24 19:36:44', 1, 30, 'ADMICION', 'ACCESO AL SISTEMA DESDE IP 127.0.0.1', '127.0.0.1', 'Mozilla Firefox', 0),
(255, '2017-07-25 00:50:37', 1, 31, 'DESCONEXION', 'DESCONEXION POR SALIDA DEL SISTEMA', '127.0.0.1', 'Mozilla Firefox', 0),
(256, '2017-07-25 00:50:37', 1, 0, 'DESCONEXION', 'DESCONEXION DE USUARIO CON IP ', '127.0.0.1', 'Mozilla Firefox', 0),
(257, '2017-07-25 22:53:54', 1, 30, 'ADMICION', 'ADMICION DE USUARIO CON IP 127.0.0.1NAV-Mozilla Firefox', '127.0.0.1', 'Mozilla Firefox', 0),
(258, '2017-07-25 22:53:54', 1, 30, 'ADMICION', 'ACCESO AL SISTEMA DESDE IP 127.0.0.1', '127.0.0.1', 'Mozilla Firefox', 0),
(259, '2017-07-26 01:27:46', 1, 31, 'DESCONEXION', 'DESCONEXION POR SALIDA DEL SISTEMA', '127.0.0.1', 'Mozilla Firefox', 0),
(260, '2017-07-26 01:27:46', 1, 0, 'DESCONEXION', 'DESCONEXION DE USUARIO CON IP ', '127.0.0.1', 'Mozilla Firefox', 0),
(261, '2017-07-26 22:09:45', 1, 30, 'ADMICION', 'ADMICION DE USUARIO CON IP 127.0.0.1NAV-Mozilla Firefox', '127.0.0.1', 'Mozilla Firefox', 0),
(262, '2017-07-26 22:09:45', 1, 30, 'ADMICION', 'ACCESO AL SISTEMA DESDE IP 127.0.0.1', '127.0.0.1', 'Mozilla Firefox', 0),
(263, '2017-07-27 21:26:44', 1, 30, 'ADMICION', 'ACCESO AL SISTEMA DESDE IP 127.0.0.1', '127.0.0.1', 'Mozilla Firefox', 0),
(264, '2017-07-28 00:01:42', 1, 31, 'DESCONEXION', 'DESCONEXION POR SALIDA DEL SISTEMA', '127.0.0.1', 'Mozilla Firefox', 0),
(265, '2017-07-28 00:01:42', 1, 0, 'DESCONEXION', 'DESCONEXION DE USUARIO CON IP ', '127.0.0.1', 'Mozilla Firefox', 0),
(266, '2017-07-29 19:37:39', 1, 30, 'ADMICION', 'ADMICION DE USUARIO CON IP 127.0.0.1NAV-Mozilla Firefox', '127.0.0.1', 'Mozilla Firefox', 0),
(267, '2017-07-29 19:37:39', 1, 30, 'ADMICION', 'ACCESO AL SISTEMA DESDE IP 127.0.0.1', '127.0.0.1', 'Mozilla Firefox', 0),
(268, '2017-08-01 22:53:03', 1, 30, 'ADMICION', 'ACCESO AL SISTEMA DESDE IP 127.0.0.1', '127.0.0.1', 'Mozilla Firefox', 0),
(269, '2017-08-02 01:21:26', 1, 31, 'DESCONEXION', 'DESCONEXION POR SALIDA DEL SISTEMA', '127.0.0.1', 'Mozilla Firefox', 0),
(270, '2017-08-02 01:21:26', 1, 0, 'DESCONEXION', 'DESCONEXION DE USUARIO CON IP ', '127.0.0.1', 'Mozilla Firefox', 0),
(271, '2017-08-07 22:16:58', 1, 30, 'ADMICION', 'ADMICION DE USUARIO CON IP 127.0.0.1NAV-Mozilla Firefox', '127.0.0.1', 'Mozilla Firefox', 0),
(272, '2017-08-07 22:16:58', 1, 30, 'ADMICION', 'ACCESO AL SISTEMA DESDE IP 127.0.0.1', '127.0.0.1', 'Mozilla Firefox', 0),
(273, '2017-08-08 00:58:02', 1, 31, 'DESCONEXION', 'DESCONEXION POR SALIDA DEL SISTEMA', '127.0.0.1', 'Mozilla Firefox', 0),
(274, '2017-08-08 00:58:02', 1, 0, 'DESCONEXION', 'DESCONEXION DE USUARIO CON IP ', '127.0.0.1', 'Mozilla Firefox', 0),
(275, '2017-08-08 20:31:22', 1, 30, 'ADMICION', 'ADMICION DE USUARIO CON IP 127.0.0.1NAV-Mozilla Firefox', '127.0.0.1', 'Mozilla Firefox', 0),
(276, '2017-08-08 20:31:22', 1, 30, 'ADMICION', 'ACCESO AL SISTEMA DESDE IP 127.0.0.1', '127.0.0.1', 'Mozilla Firefox', 0),
(277, '2017-08-09 00:41:47', 1, 31, 'DESCONEXION', 'DESCONEXION POR SALIDA DEL SISTEMA', '127.0.0.1', 'Mozilla Firefox', 0),
(278, '2017-08-09 00:41:47', 1, 0, 'DESCONEXION', 'DESCONEXION DE USUARIO CON IP ', '127.0.0.1', 'Mozilla Firefox', 0),
(279, '2017-08-09 21:28:51', 1, 30, 'ADMICION', 'ADMICION DE USUARIO CON IP 127.0.0.1NAV-Mozilla Firefox', '127.0.0.1', 'Mozilla Firefox', 0),
(280, '2017-08-09 21:28:51', 1, 30, 'ADMICION', 'ACCESO AL SISTEMA DESDE IP 127.0.0.1', '127.0.0.1', 'Mozilla Firefox', 0),
(281, '2017-08-15 21:14:52', 1, 30, 'ADMICION', 'ACCESO AL SISTEMA DESDE IP 127.0.0.1', '127.0.0.1', 'Mozilla Firefox', 0),
(282, '2017-08-17 20:57:14', 1, 30, 'ADMICION', 'ACCESO AL SISTEMA DESDE IP 127.0.0.1', '127.0.0.1', 'Mozilla Firefox', 0),
(283, '2017-08-19 13:30:46', 1, 30, 'ADMICION', 'ACCESO AL SISTEMA DESDE IP 127.0.0.1', '127.0.0.1', 'Mozilla Firefox', 0),
(284, '2017-08-20 14:26:46', 1, 30, 'ADMICION', 'ACCESO AL SISTEMA DESDE IP 127.0.0.1', '127.0.0.1', 'Mozilla Firefox', 0),
(285, '2017-08-22 23:22:03', 1, 30, 'ADMICION', 'ACCESO AL SISTEMA DESDE IP 127.0.0.1', '127.0.0.1', 'Mozilla Firefox', 0),
(286, '2017-08-30 22:01:42', 1, 30, 'ADMICION', 'ACCESO AL SISTEMA DESDE IP 127.0.0.1', '127.0.0.1', 'Mozilla Firefox', 0),
(287, '2017-08-30 23:01:08', 1, 31, 'DESCONEXION', 'DESCONEXION POR SALIDA DEL SISTEMA', '127.0.0.1', 'Mozilla Firefox', 0),
(288, '2017-08-30 23:01:08', 1, 0, 'DESCONEXION', 'DESCONEXION DE USUARIO CON IP ', '127.0.0.1', 'Mozilla Firefox', 0),
(289, '2017-08-30 23:04:12', 1, 30, 'ADMICION', 'ADMICION DE USUARIO CON IP ::1NAV-Opera', '::1', 'Opera', 0),
(290, '2017-08-30 23:04:12', 1, 30, 'ADMICION', 'ACCESO AL SISTEMA DESDE IP ::1', '::1', 'Opera', 0),
(291, '2017-08-30 23:09:23', 1, 30, 'ADMICION', 'ADMICION DE USUARIO CON IP 127.0.0.1NAV-Mozilla Firefox', '127.0.0.1', 'Mozilla Firefox', 0),
(292, '2017-08-30 23:09:23', 1, 30, 'ADMICION', 'ACCESO AL SISTEMA DESDE IP 127.0.0.1', '127.0.0.1', 'Mozilla Firefox', 0),
(293, '2017-08-31 00:39:56', 1, 31, 'DESCONEXION', 'DESCONEXION POR SALIDA DEL SISTEMA', '127.0.0.1', 'Mozilla Firefox', 0),
(294, '2017-08-31 00:39:56', 1, 0, 'DESCONEXION', 'DESCONEXION DE USUARIO CON IP ', '127.0.0.1', 'Mozilla Firefox', 0),
(295, '2017-08-31 21:50:45', 1, 30, 'ADMICION', 'ADMICION DE USUARIO CON IP 127.0.0.1NAV-Mozilla Firefox', '127.0.0.1', 'Mozilla Firefox', 0),
(296, '2017-08-31 21:50:45', 1, 30, 'ADMICION', 'ACCESO AL SISTEMA DESDE IP 127.0.0.1', '127.0.0.1', 'Mozilla Firefox', 0),
(297, '2017-09-01 00:31:32', 1, 31, 'DESCONEXION', 'DESCONEXION POR SALIDA DEL SISTEMA', '127.0.0.1', 'Mozilla Firefox', 0),
(298, '2017-09-01 00:31:32', 1, 0, 'DESCONEXION', 'DESCONEXION DE USUARIO CON IP ', '127.0.0.1', 'Mozilla Firefox', 0),
(299, '2017-09-02 22:55:16', 1, 30, 'ADMICION', 'ADMICION DE USUARIO CON IP 127.0.0.1NAV-Mozilla Firefox', '127.0.0.1', 'Mozilla Firefox', 0),
(300, '2017-09-02 22:55:16', 1, 30, 'ADMICION', 'ACCESO AL SISTEMA DESDE IP 127.0.0.1', '127.0.0.1', 'Mozilla Firefox', 0),
(301, '2017-09-03 22:57:53', 1, 30, 'ADMICION', 'ACCESO AL SISTEMA DESDE IP 127.0.0.1', '127.0.0.1', 'Mozilla Firefox', 0),
(302, '2017-09-07 20:08:10', 1, 30, 'ADMICION', 'ACCESO AL SISTEMA DESDE IP 127.0.0.1', '127.0.0.1', 'Mozilla Firefox', 0),
(303, '2017-09-08 21:49:22', 1, 30, 'ADMICION', 'ACCESO AL SISTEMA DESDE IP 127.0.0.1', '127.0.0.1', 'Mozilla Firefox', 0),
(304, '2017-09-09 09:52:09', 1, 30, 'ADMICION', 'ACCESO AL SISTEMA DESDE IP 127.0.0.1', '127.0.0.1', 'Mozilla Firefox', 0),
(305, '2017-09-11 19:16:46', 1, 30, 'ADMICION', 'ACCESO AL SISTEMA DESDE IP 127.0.0.1', '127.0.0.1', 'Mozilla Firefox', 0),
(306, '2017-09-12 00:29:59', 1, 31, 'DESCONEXION', 'DESCONEXION POR SALIDA DEL SISTEMA', '127.0.0.1', 'Mozilla Firefox', 0),
(307, '2017-09-12 00:30:00', 1, 0, 'DESCONEXION', 'DESCONEXION DE USUARIO CON IP ', '127.0.0.1', 'Mozilla Firefox', 0),
(308, '2017-09-12 22:45:00', 1, 30, 'ADMICION', 'ADMICION DE USUARIO CON IP 127.0.0.1NAV-Mozilla Firefox', '127.0.0.1', 'Mozilla Firefox', 0),
(309, '2017-09-12 22:45:00', 1, 30, 'ADMICION', 'ACCESO AL SISTEMA DESDE IP 127.0.0.1', '127.0.0.1', 'Mozilla Firefox', 0),
(310, '2017-09-13 00:28:24', 1, 31, 'DESCONEXION', 'DESCONEXION POR SALIDA DEL SISTEMA', '127.0.0.1', 'Mozilla Firefox', 0),
(311, '2017-09-13 00:28:24', 1, 0, 'DESCONEXION', 'DESCONEXION DE USUARIO CON IP ', '127.0.0.1', 'Mozilla Firefox', 0),
(312, '2017-09-17 20:38:23', 1, 30, 'ADMICION', 'ADMICION DE USUARIO CON IP 127.0.0.1NAV-Mozilla Firefox', '127.0.0.1', 'Mozilla Firefox', 0),
(313, '2017-09-17 20:38:23', 1, 30, 'ADMICION', 'ACCESO AL SISTEMA DESDE IP 127.0.0.1', '127.0.0.1', 'Mozilla Firefox', 0),
(314, '2017-09-17 22:32:33', 1, 31, 'DESCONEXION', 'DESCONEXION POR SALIDA DEL SISTEMA', '127.0.0.1', 'Mozilla Firefox', 0),
(315, '2017-09-17 22:32:33', 1, 0, 'DESCONEXION', 'DESCONEXION DE USUARIO CON IP ', '127.0.0.1', 'Mozilla Firefox', 0),
(316, '2017-09-17 22:32:39', 1, 30, 'ADMICION', 'ADMICION DE USUARIO CON IP 127.0.0.1NAV-Mozilla Firefox', '127.0.0.1', 'Mozilla Firefox', 0),
(317, '2017-09-17 22:32:39', 1, 30, 'ADMICION', 'ACCESO AL SISTEMA DESDE IP 127.0.0.1', '127.0.0.1', 'Mozilla Firefox', 0),
(318, '2017-09-17 22:33:09', 1, 30, 'ADMICION', 'ACCESO AL SISTEMA DESDE IP 127.0.0.1', '127.0.0.1', 'Mozilla Firefox', 0),
(319, '2017-09-17 23:28:57', 1, 31, 'DESCONEXION', 'DESCONEXION POR SALIDA DEL SISTEMA', '127.0.0.1', 'Mozilla Firefox', 0),
(320, '2017-09-17 23:28:57', 1, 0, 'DESCONEXION', 'DESCONEXION DE USUARIO CON IP ', '127.0.0.1', 'Mozilla Firefox', 0),
(321, '2017-09-17 23:31:01', 1, 30, 'ADMICION', 'ADMICION DE USUARIO CON IP 127.0.0.1NAV-Mozilla Firefox', '127.0.0.1', 'Mozilla Firefox', 0),
(322, '2017-09-17 23:31:01', 1, 30, 'ADMICION', 'ACCESO AL SISTEMA DESDE IP 127.0.0.1', '127.0.0.1', 'Mozilla Firefox', 0),
(323, '2017-09-17 23:32:01', 1, 31, 'DESCONEXION', 'DESCONEXION POR SALIDA DEL SISTEMA', '127.0.0.1', 'Mozilla Firefox', 0),
(324, '2017-09-17 23:32:01', 1, 0, 'DESCONEXION', 'DESCONEXION DE USUARIO CON IP ', '127.0.0.1', 'Mozilla Firefox', 0),
(325, '2017-09-17 23:32:08', 1, 30, 'ADMICION', 'ADMICION DE USUARIO CON IP 127.0.0.1NAV-Mozilla Firefox', '127.0.0.1', 'Mozilla Firefox', 0),
(326, '2017-09-17 23:32:08', 1, 30, 'ADMICION', 'ACCESO AL SISTEMA DESDE IP 127.0.0.1', '127.0.0.1', 'Mozilla Firefox', 0),
(327, '2017-09-17 23:43:49', 1, 31, 'DESCONEXION', 'DESCONEXION POR SALIDA DEL SISTEMA', '127.0.0.1', 'Mozilla Firefox', 0),
(328, '2017-09-17 23:43:49', 1, 0, 'DESCONEXION', 'DESCONEXION DE USUARIO CON IP ', '127.0.0.1', 'Mozilla Firefox', 0),
(329, '2017-09-18 23:38:00', 1, 30, 'ADMICION', 'ADMICION DE USUARIO CON IP 127.0.0.1NAV-Mozilla Firefox', '127.0.0.1', 'Mozilla Firefox', 0),
(330, '2017-09-18 23:38:00', 1, 30, 'ADMICION', 'ACCESO AL SISTEMA DESDE IP 127.0.0.1', '127.0.0.1', 'Mozilla Firefox', 0),
(331, '2017-09-20 21:56:31', 1, 30, 'ADMICION', 'ACCESO AL SISTEMA DESDE IP 127.0.0.1', '127.0.0.1', 'Mozilla Firefox', 0),
(332, '2017-09-21 00:03:12', 1, 31, 'DESCONEXION', 'DESCONEXION POR SALIDA DEL SISTEMA', '127.0.0.1', 'Mozilla Firefox', 0),
(333, '2017-09-21 00:03:12', 1, 0, 'DESCONEXION', 'DESCONEXION DE USUARIO CON IP ', '127.0.0.1', 'Mozilla Firefox', 0),
(334, '2017-09-21 22:52:03', 1, 30, 'ADMICION', 'ADMICION DE USUARIO CON IP 127.0.0.1NAV-Mozilla Firefox', '127.0.0.1', 'Mozilla Firefox', 0),
(335, '2017-09-21 22:52:03', 1, 30, 'ADMICION', 'ACCESO AL SISTEMA DESDE IP 127.0.0.1', '127.0.0.1', 'Mozilla Firefox', 0),
(336, '2017-09-22 00:20:35', 1, 31, 'DESCONEXION', 'DESCONEXION POR SALIDA DEL SISTEMA', '127.0.0.1', 'Mozilla Firefox', 0),
(337, '2017-09-22 00:20:35', 1, 0, 'DESCONEXION', 'DESCONEXION DE USUARIO CON IP ', '127.0.0.1', 'Mozilla Firefox', 0),
(338, '2017-09-23 12:59:42', 1, 30, 'ADMICION', 'ADMICION DE USUARIO CON IP 127.0.0.1NAV-Mozilla Firefox', '127.0.0.1', 'Mozilla Firefox', 0),
(339, '2017-09-23 12:59:43', 1, 30, 'ADMICION', 'ACCESO AL SISTEMA DESDE IP 127.0.0.1', '127.0.0.1', 'Mozilla Firefox', 0),
(340, '2017-09-24 00:35:15', 1, 31, 'DESCONEXION', 'DESCONEXION POR SALIDA DEL SISTEMA', '127.0.0.1', 'Mozilla Firefox', 0),
(341, '2017-09-24 00:35:15', 1, 0, 'DESCONEXION', 'DESCONEXION DE USUARIO CON IP ', '127.0.0.1', 'Mozilla Firefox', 0),
(342, '2017-09-25 23:09:44', 1, 30, 'ADMICION', 'ADMICION DE USUARIO CON IP 127.0.0.1NAV-Mozilla Firefox', '127.0.0.1', 'Mozilla Firefox', 0),
(343, '2017-09-25 23:09:44', 1, 30, 'ADMICION', 'ACCESO AL SISTEMA DESDE IP 127.0.0.1', '127.0.0.1', 'Mozilla Firefox', 0),
(344, '2017-09-26 01:03:27', 1, 31, 'DESCONEXION', 'DESCONEXION POR SALIDA DEL SISTEMA', '127.0.0.1', 'Mozilla Firefox', 0),
(345, '2017-09-26 01:03:27', 1, 0, 'DESCONEXION', 'DESCONEXION DE USUARIO CON IP ', '127.0.0.1', 'Mozilla Firefox', 0),
(346, '2017-09-29 20:02:33', 1, 30, 'ADMICION', 'ADMICION DE USUARIO CON IP 127.0.0.1NAV-Mozilla Firefox', '127.0.0.1', 'Mozilla Firefox', 0),
(347, '2017-09-29 20:02:33', 1, 30, 'ADMICION', 'ACCESO AL SISTEMA DESDE IP 127.0.0.1', '127.0.0.1', 'Mozilla Firefox', 0),
(348, '2017-09-30 00:56:29', 1, 31, 'DESCONEXION', 'DESCONEXION POR SALIDA DEL SISTEMA', '127.0.0.1', 'Mozilla Firefox', 0),
(349, '2017-09-30 00:56:29', 1, 0, 'DESCONEXION', 'DESCONEXION DE USUARIO CON IP ', '127.0.0.1', 'Mozilla Firefox', 0),
(350, '2017-10-01 20:55:07', 1, 30, 'ADMICION', 'ADMICION DE USUARIO CON IP 127.0.0.1NAV-Mozilla Firefox', '127.0.0.1', 'Mozilla Firefox', 0),
(351, '2017-10-01 20:55:07', 1, 30, 'ADMICION', 'ACCESO AL SISTEMA DESDE IP 127.0.0.1', '127.0.0.1', 'Mozilla Firefox', 0),
(352, '2017-10-02 00:22:14', 1, 31, 'DESCONEXION', 'DESCONEXION POR SALIDA DEL SISTEMA', '127.0.0.1', 'Mozilla Firefox', 0),
(353, '2017-10-02 00:22:14', 1, 0, 'DESCONEXION', 'DESCONEXION DE USUARIO CON IP ', '127.0.0.1', 'Mozilla Firefox', 0),
(354, '2017-10-02 20:49:53', 1, 30, 'ADMICION', 'ADMICION DE USUARIO CON IP 127.0.0.1NAV-Mozilla Firefox', '127.0.0.1', 'Mozilla Firefox', 0),
(355, '2017-10-02 20:49:53', 1, 30, 'ADMICION', 'ACCESO AL SISTEMA DESDE IP 127.0.0.1', '127.0.0.1', 'Mozilla Firefox', 0),
(356, '2017-10-03 20:14:15', 1, 31, 'DESCONEXION', 'DESCONEXION POR SALIDA DEL SISTEMA', '127.0.0.1', 'Mozilla Firefox', 0),
(357, '2017-10-03 20:14:16', 1, 0, 'DESCONEXION', 'DESCONEXION DE USUARIO CON IP ', '127.0.0.1', 'Mozilla Firefox', 0),
(358, '2017-10-03 20:15:03', 1, 30, 'ADMICION', 'ADMICION DE USUARIO CON IP 127.0.0.1NAV-Mozilla Firefox', '127.0.0.1', 'Mozilla Firefox', 0),
(359, '2017-10-03 20:15:03', 1, 30, 'ADMICION', 'ACCESO AL SISTEMA DESDE IP 127.0.0.1', '127.0.0.1', 'Mozilla Firefox', 0),
(360, '2017-10-04 00:34:57', 1, 31, 'DESCONEXION', 'DESCONEXION POR SALIDA DEL SISTEMA', '127.0.0.1', 'Mozilla Firefox', 0),
(361, '2017-10-04 00:34:57', 1, 0, 'DESCONEXION', 'DESCONEXION DE USUARIO CON IP ', '127.0.0.1', 'Mozilla Firefox', 0),
(362, '2017-10-04 21:39:37', 1, 30, 'ADMICION', 'ADMICION DE USUARIO CON IP 127.0.0.1NAV-Mozilla Firefox', '127.0.0.1', 'Mozilla Firefox', 0),
(363, '2017-10-04 21:39:37', 1, 30, 'ADMICION', 'ACCESO AL SISTEMA DESDE IP 127.0.0.1', '127.0.0.1', 'Mozilla Firefox', 0),
(364, '2017-10-11 22:51:51', 1, 30, 'ADMICION', 'ACCESO AL SISTEMA DESDE IP 127.0.0.1', '127.0.0.1', 'Mozilla Firefox', 0),
(365, '2017-10-12 23:11:26', 1, 30, 'ADMICION', 'ACCESO AL SISTEMA DESDE IP 127.0.0.1', '127.0.0.1', 'Mozilla Firefox', 0),
(366, '2017-10-15 22:31:09', 1, 30, 'ADMICION', 'ACCESO AL SISTEMA DESDE IP 127.0.0.1', '127.0.0.1', 'Mozilla Firefox', 0),
(367, '2017-10-16 22:45:29', 1, 30, 'ADMICION', 'ACCESO AL SISTEMA DESDE IP 127.0.0.1', '127.0.0.1', 'Mozilla Firefox', 0),
(368, '2017-10-17 19:54:23', 1, 30, 'ADMICION', 'ACCESO AL SISTEMA DESDE IP 127.0.0.1', '127.0.0.1', 'Mozilla Firefox', 0),
(369, '2017-10-22 21:09:32', 1, 30, 'ADMICION', 'ACCESO AL SISTEMA DESDE IP 127.0.0.1', '127.0.0.1', 'Mozilla Firefox', 0),
(370, '2017-10-24 20:22:37', 1, 30, 'ADMICION', 'ACCESO AL SISTEMA DESDE IP 127.0.0.1', '127.0.0.1', 'Mozilla Firefox', 0),
(371, '2017-10-28 20:59:04', 1, 30, 'ADMICION', 'ACCESO AL SISTEMA DESDE IP 127.0.0.1', '127.0.0.1', 'Mozilla Firefox', 0),
(372, '2017-10-30 20:13:25', 1, 30, 'ADMICION', 'ACCESO AL SISTEMA DESDE IP 127.0.0.1', '127.0.0.1', 'Mozilla Firefox', 0),
(373, '2017-10-31 00:01:59', 1, 31, 'DESCONEXION', 'DESCONEXION POR SALIDA DEL SISTEMA', '127.0.0.1', 'Mozilla Firefox', 0),
(374, '2017-10-31 00:01:59', 1, 0, 'DESCONEXION', 'DESCONEXION DE USUARIO CON IP ', '127.0.0.1', 'Mozilla Firefox', 0),
(375, '2017-11-01 20:21:09', 1, 30, 'ADMICION', 'ADMICION DE USUARIO CON IP 127.0.0.1NAV-Mozilla Firefox', '127.0.0.1', 'Mozilla Firefox', 0),
(376, '2017-11-01 20:21:09', 1, 30, 'ADMICION', 'ACCESO AL SISTEMA DESDE IP 127.0.0.1', '127.0.0.1', 'Mozilla Firefox', 0),
(377, '2017-11-03 23:17:28', 1, 30, 'ADMICION', 'ACCESO AL SISTEMA DESDE IP 127.0.0.1', '127.0.0.1', 'Mozilla Firefox', 0),
(378, '2017-11-05 21:39:41', 1, 30, 'ADMICION', 'ACCESO AL SISTEMA DESDE IP 127.0.0.1', '127.0.0.1', 'Mozilla Firefox', 0),
(379, '2017-11-05 23:47:15', 1, 31, 'DESCONEXION', 'DESCONEXION POR SALIDA DEL SISTEMA', '127.0.0.1', 'Mozilla Firefox', 0),
(380, '2017-11-05 23:47:15', 1, 0, 'DESCONEXION', 'DESCONEXION DE USUARIO CON IP ', '127.0.0.1', 'Mozilla Firefox', 0),
(381, '2017-11-06 23:01:56', 1, 30, 'ADMICION', 'ADMICION DE USUARIO CON IP 127.0.0.1NAV-Mozilla Firefox', '127.0.0.1', 'Mozilla Firefox', 0),
(382, '2017-11-06 23:01:56', 1, 30, 'ADMICION', 'ACCESO AL SISTEMA DESDE IP 127.0.0.1', '127.0.0.1', 'Mozilla Firefox', 0),
(383, '2017-11-06 23:56:16', 1, 31, 'DESCONEXION', 'DESCONEXION POR SALIDA DEL SISTEMA', '127.0.0.1', 'Mozilla Firefox', 0),
(384, '2017-11-06 23:56:16', 1, 0, 'DESCONEXION', 'DESCONEXION DE USUARIO CON IP ', '127.0.0.1', 'Mozilla Firefox', 0),
(385, '2017-11-12 18:48:28', 1, 30, 'ADMICION', 'ADMICION DE USUARIO CON IP 127.0.0.1NAV-Mozilla Firefox', '127.0.0.1', 'Mozilla Firefox', 0),
(386, '2017-11-12 18:48:28', 1, 30, 'ADMICION', 'ACCESO AL SISTEMA DESDE IP 127.0.0.1', '127.0.0.1', 'Mozilla Firefox', 0),
(387, '2017-11-13 22:26:42', 1, 30, 'ADMICION', 'ACCESO AL SISTEMA DESDE IP 127.0.0.1', '127.0.0.1', 'Mozilla Firefox', 0),
(388, '2017-11-16 22:32:58', 1, 30, 'ADMICION', 'ACCESO AL SISTEMA DESDE IP 127.0.0.1', '127.0.0.1', 'Mozilla Firefox', 0),
(389, '2017-11-18 22:20:31', 1, 30, 'ADMICION', 'ACCESO AL SISTEMA DESDE IP 127.0.0.1', '127.0.0.1', 'Mozilla Firefox', 0),
(390, '2017-11-20 23:24:28', 1, 30, 'ADMICION', 'ACCESO AL SISTEMA DESDE IP 127.0.0.1', '127.0.0.1', 'Mozilla Firefox', 0),
(391, '2017-12-19 00:40:40', 1, 30, 'ADMICION', 'ADMICION DE USUARIO CON IP 186.91.104.120NAV-Mozilla Firefox', '186.91.104.120', 'Mozilla Firefox', 0),
(392, '2017-12-19 00:40:40', 1, 30, 'ADMICION', 'ACCESO AL SISTEMA DESDE IP 186.91.104.120', '186.91.104.120', 'Mozilla Firefox', 0),
(393, '2017-12-19 00:50:07', 1, 31, 'DESCONEXION', 'DESCONEXION POR SALIDA DEL SISTEMA', '186.91.104.120', 'Mozilla Firefox', 0),
(394, '2017-12-19 00:50:07', 1, 0, 'DESCONEXION', 'DESCONEXION DE USUARIO CON IP ', '186.91.104.120', 'Mozilla Firefox', 0),
(395, '2017-12-19 00:50:15', 1, 30, 'ADMICION', 'ADMICION DE USUARIO CON IP 186.91.104.120NAV-Mozilla Firefox', '186.91.104.120', 'Mozilla Firefox', 0),
(396, '2017-12-19 00:50:15', 1, 30, 'ADMICION', 'ACCESO AL SISTEMA DESDE IP 186.91.104.120', '186.91.104.120', 'Mozilla Firefox', 0),
(397, '2017-12-19 01:26:43', 1, 31, 'DESCONEXION', 'DESCONEXION POR SALIDA DEL SISTEMA', '186.91.104.120', 'Mozilla Firefox', 0),
(398, '2017-12-19 01:26:43', 1, 0, 'DESCONEXION', 'DESCONEXION DE USUARIO CON IP ', '186.91.104.120', 'Mozilla Firefox', 0),
(399, '2017-12-19 01:26:54', 1, 30, 'ADMICION', 'ADMICION DE USUARIO CON IP 186.91.104.120NAV-Mozilla Firefox', '186.91.104.120', 'Mozilla Firefox', 0),
(400, '2017-12-19 01:26:54', 1, 30, 'ADMICION', 'ACCESO AL SISTEMA DESDE IP 186.91.104.120', '186.91.104.120', 'Mozilla Firefox', 0),
(401, '2017-12-19 01:30:21', 1, 31, 'DESCONEXION', 'DESCONEXION POR SALIDA DEL SISTEMA', '186.91.104.120', 'Mozilla Firefox', 0),
(402, '2017-12-19 01:30:21', 1, 0, 'DESCONEXION', 'DESCONEXION DE USUARIO CON IP ', '186.91.104.120', 'Mozilla Firefox', 0),
(403, '2017-12-25 21:56:41', 1, 30, 'ADMICION', 'ADMICION DE USUARIO CON IP 186.92.15.236NAV-Mozilla Firefox', '186.92.15.236', 'Mozilla Firefox', 0),
(404, '2017-12-25 21:56:41', 1, 30, 'ADMICION', 'ACCESO AL SISTEMA DESDE IP 186.92.15.236', '186.92.15.236', 'Mozilla Firefox', 0),
(405, '2017-12-26 00:06:02', 1, 30, 'ADMICION', 'ADMICION DE USUARIO CON IP 186.92.15.236NAV-Mozilla Firefox', '186.92.15.236', 'Mozilla Firefox', 0),
(406, '2017-12-26 00:06:02', 1, 30, 'ADMICION', 'ACCESO AL SISTEMA DESDE IP 186.92.15.236', '186.92.15.236', 'Mozilla Firefox', 0),
(407, '2017-12-26 00:13:02', 1, 30, 'ADMICION', 'ACCESO AL SISTEMA DESDE IP 186.92.15.236', '186.92.15.236', 'Mozilla Firefox', 0),
(408, '2017-12-26 00:20:47', 1, 30, 'ADMICION', 'ACCESO AL SISTEMA DESDE IP 186.92.15.236', '186.92.15.236', 'Mozilla Firefox', 0),
(409, '2017-12-26 01:28:24', 1, 31, 'DESCONEXION', 'DESCONEXION POR SALIDA DEL SISTEMA', '186.92.15.236', 'Mozilla Firefox', 0),
(410, '2017-12-26 01:28:24', 1, 0, 'DESCONEXION', 'DESCONEXION DE USUARIO CON IP ', '186.92.15.236', 'Mozilla Firefox', 0),
(411, '2017-12-26 22:00:05', 1, 30, 'ADMICION', 'ADMICION DE USUARIO CON IP 186.92.15.236NAV-Mozilla Firefox', '186.92.15.236', 'Mozilla Firefox', 0),
(412, '2017-12-26 22:00:05', 1, 30, 'ADMICION', 'ACCESO AL SISTEMA DESDE IP 186.92.15.236', '186.92.15.236', 'Mozilla Firefox', 0),
(413, '2017-12-27 01:12:41', 1, 31, 'DESCONEXION', 'DESCONEXION POR SALIDA DEL SISTEMA', '186.92.15.236', 'Mozilla Firefox', 0),
(414, '2017-12-27 01:12:41', 1, 0, 'DESCONEXION', 'DESCONEXION DE USUARIO CON IP ', '186.92.15.236', 'Mozilla Firefox', 0),
(415, '2017-12-27 22:41:22', 1, 30, 'ADMICION', 'ADMICION DE USUARIO CON IP 186.91.165.55NAV-Mozilla Firefox', '186.91.165.55', 'Mozilla Firefox', 0),
(416, '2017-12-27 22:41:22', 1, 30, 'ADMICION', 'ACCESO AL SISTEMA DESDE IP 186.91.165.55', '186.91.165.55', 'Mozilla Firefox', 0);
INSERT INTO `bitacora` (`id_bitacora`, `fecha`, `usuario_id`, `recurso_id`, `accion`, `contenido`, `ip`, `navegador`, `empresa_id`) VALUES
(417, '2017-12-28 00:03:47', 1, 31, 'DESCONEXION', 'DESCONEXION POR SALIDA DEL SISTEMA', '186.91.165.55', 'Mozilla Firefox', 0),
(418, '2017-12-28 00:03:47', 1, 0, 'DESCONEXION', 'DESCONEXION DE USUARIO CON IP ', '186.91.165.55', 'Mozilla Firefox', 0),
(419, '2017-12-28 20:33:25', 1, 30, 'ADMICION', 'ADMICION DE USUARIO CON IP 186.91.165.55NAV-Google Chrome', '186.91.165.55', 'Google Chrome', 0),
(420, '2017-12-28 20:33:25', 1, 30, 'ADMICION', 'ACCESO AL SISTEMA DESDE IP 186.91.165.55', '186.91.165.55', 'Google Chrome', 0),
(421, '2017-12-28 20:38:18', 1, 31, 'DESCONEXION', 'DESCONEXION POR SALIDA DEL SISTEMA', '186.91.165.55', 'Google Chrome', 0),
(422, '2017-12-28 20:38:18', 1, 0, 'DESCONEXION', 'DESCONEXION DE USUARIO CON IP ', '186.91.165.55', 'Google Chrome', 0),
(423, '2017-12-28 20:47:02', 1, 30, 'ADMICION', 'ADMICION DE USUARIO CON IP 186.91.165.55NAV-Mozilla Firefox', '186.91.165.55', 'Mozilla Firefox', 0),
(424, '2017-12-28 20:47:02', 1, 30, 'ADMICION', 'ACCESO AL SISTEMA DESDE IP 186.91.165.55', '186.91.165.55', 'Mozilla Firefox', 0),
(425, '2017-12-28 22:58:10', 1, 31, 'DESCONEXION', 'DESCONEXION POR SALIDA DEL SISTEMA', '186.91.165.55', 'Mozilla Firefox', 0),
(426, '2017-12-28 22:58:10', 1, 0, 'DESCONEXION', 'DESCONEXION DE USUARIO CON IP ', '186.91.165.55', 'Mozilla Firefox', 0),
(427, '2017-12-30 12:22:59', 1, 30, 'ADMICION', 'ADMICION DE USUARIO CON IP 186.91.165.55NAV-Mozilla Firefox', '186.91.165.55', 'Mozilla Firefox', 0),
(428, '2017-12-30 12:22:59', 1, 30, 'ADMICION', 'ACCESO AL SISTEMA DESDE IP 186.91.165.55', '186.91.165.55', 'Mozilla Firefox', 0),
(429, '2018-01-04 23:20:54', 1, 30, 'ADMICION', 'ACCESO AL SISTEMA DESDE IP 186.91.165.55', '186.91.165.55', 'Mozilla Firefox', 0),
(430, '2018-01-05 02:16:07', 1, 31, 'DESCONEXION', 'DESCONEXION POR SALIDA DEL SISTEMA', '186.91.165.55', 'Mozilla Firefox', 0),
(431, '2018-01-05 02:16:07', 1, 0, 'DESCONEXION', 'DESCONEXION DE USUARIO CON IP ', '186.91.165.55', 'Mozilla Firefox', 0),
(432, '2018-01-05 02:16:22', 1, 30, 'ADMICION', 'ADMICION DE USUARIO CON IP 186.91.165.55NAV-Mozilla Firefox', '186.91.165.55', 'Mozilla Firefox', 0),
(433, '2018-01-05 02:16:22', 1, 30, 'ADMICION', 'ACCESO AL SISTEMA DESDE IP 186.91.165.55', '186.91.165.55', 'Mozilla Firefox', 0),
(434, '2018-01-05 02:53:22', 1, 31, 'DESCONEXION', 'DESCONEXION POR SALIDA DEL SISTEMA', '186.91.165.55', 'Mozilla Firefox', 0),
(435, '2018-01-05 02:53:23', 1, 0, 'DESCONEXION', 'DESCONEXION DE USUARIO CON IP ', '186.91.165.55', 'Mozilla Firefox', 0),
(436, '2018-01-05 21:32:02', 1, 30, 'ADMICION', 'ADMICION DE USUARIO CON IP 186.91.165.55NAV-Mozilla Firefox', '186.91.165.55', 'Mozilla Firefox', 0),
(437, '2018-01-05 21:32:02', 1, 30, 'ADMICION', 'ACCESO AL SISTEMA DESDE IP 186.91.165.55', '186.91.165.55', 'Mozilla Firefox', 0),
(438, '2018-01-05 21:36:24', 1, 31, 'DESCONEXION', 'DESCONEXION POR SALIDA DEL SISTEMA', '186.91.165.55', 'Mozilla Firefox', 0),
(439, '2018-01-05 21:36:24', 1, 0, 'DESCONEXION', 'DESCONEXION DE USUARIO CON IP ', '186.91.165.55', 'Mozilla Firefox', 0),
(440, '2018-01-05 21:36:47', 1, 30, 'ADMICION', 'ADMICION DE USUARIO CON IP 186.91.165.55NAV-Mozilla Firefox', '186.91.165.55', 'Mozilla Firefox', 0),
(441, '2018-01-05 21:36:47', 1, 30, 'ADMICION', 'ACCESO AL SISTEMA DESDE IP 186.91.165.55', '186.91.165.55', 'Mozilla Firefox', 0),
(442, '2018-01-06 00:52:27', 1, 31, 'DESCONEXION', 'DESCONEXION POR SALIDA DEL SISTEMA', '186.91.165.55', 'Mozilla Firefox', 0),
(443, '2018-01-06 00:52:27', 1, 0, 'DESCONEXION', 'DESCONEXION DE USUARIO CON IP ', '186.91.165.55', 'Mozilla Firefox', 0),
(444, '2018-01-06 14:07:06', 1, 30, 'ADMICION', 'ADMICION DE USUARIO CON IP 186.91.165.55NAV-Mozilla Firefox', '186.91.165.55', 'Mozilla Firefox', 0),
(445, '2018-01-06 14:07:06', 1, 30, 'ADMICION', 'ACCESO AL SISTEMA DESDE IP 186.91.165.55', '186.91.165.55', 'Mozilla Firefox', 0),
(446, '2018-01-06 17:15:34', 1, 31, 'DESCONEXION', 'DESCONEXION POR SALIDA DEL SISTEMA', '186.91.165.55', 'Mozilla Firefox', 0),
(447, '2018-01-06 17:15:34', 1, 0, 'DESCONEXION', 'DESCONEXION DE USUARIO CON IP ', '186.91.165.55', 'Mozilla Firefox', 0),
(448, '2018-01-06 19:00:16', 1, 30, 'ADMICION', 'ADMICION DE USUARIO CON IP 186.91.165.55NAV-Mozilla Firefox', '186.91.165.55', 'Mozilla Firefox', 0),
(449, '2018-01-06 19:00:16', 1, 30, 'ADMICION', 'ACCESO AL SISTEMA DESDE IP 186.91.165.55', '186.91.165.55', 'Mozilla Firefox', 0),
(450, '2018-01-07 01:08:55', 1, 31, 'DESCONEXION', 'DESCONEXION POR SALIDA DEL SISTEMA', '186.91.165.55', 'Mozilla Firefox', 0),
(451, '2018-01-07 01:08:55', 1, 0, 'DESCONEXION', 'DESCONEXION DE USUARIO CON IP ', '186.91.165.55', 'Mozilla Firefox', 0),
(452, '2018-01-08 22:59:48', 1, 30, 'ADMICION', 'ADMICION DE USUARIO CON IP 186.91.165.55NAV-Mozilla Firefox', '186.91.165.55', 'Mozilla Firefox', 0),
(453, '2018-01-08 22:59:48', 1, 30, 'ADMICION', 'ACCESO AL SISTEMA DESDE IP 186.91.165.55', '186.91.165.55', 'Mozilla Firefox', 0),
(454, '2018-01-09 00:55:41', 1, 31, 'DESCONEXION', 'DESCONEXION POR SALIDA DEL SISTEMA', '186.91.165.55', 'Mozilla Firefox', 0),
(455, '2018-01-09 00:55:41', 1, 0, 'DESCONEXION', 'DESCONEXION DE USUARIO CON IP ', '186.91.165.55', 'Mozilla Firefox', 0),
(456, '2018-01-09 17:39:27', 1, 30, 'ADMICION', 'ADMICION DE USUARIO CON IP 186.91.165.55NAV-Mozilla Firefox', '186.91.165.55', 'Mozilla Firefox', 0),
(457, '2018-01-09 17:39:27', 1, 30, 'ADMICION', 'ACCESO AL SISTEMA DESDE IP 186.91.165.55', '186.91.165.55', 'Mozilla Firefox', 0),
(458, '2018-01-10 01:30:51', 1, 31, 'DESCONEXION', 'DESCONEXION POR SALIDA DEL SISTEMA', '186.91.165.55', 'Mozilla Firefox', 0),
(459, '2018-01-10 01:30:51', 1, 0, 'DESCONEXION', 'DESCONEXION DE USUARIO CON IP ', '186.91.165.55', 'Mozilla Firefox', 0),
(460, '2018-01-10 01:30:57', 1, 30, 'ADMICION', 'ADMICION DE USUARIO CON IP 186.91.165.55NAV-Mozilla Firefox', '186.91.165.55', 'Mozilla Firefox', 0),
(461, '2018-01-10 01:30:57', 1, 30, 'ADMICION', 'ACCESO AL SISTEMA DESDE IP 186.91.165.55', '186.91.165.55', 'Mozilla Firefox', 0),
(462, '2018-01-10 01:57:37', 1, 31, 'DESCONEXION', 'DESCONEXION POR SALIDA DEL SISTEMA', '186.91.165.55', 'Mozilla Firefox', 0),
(463, '2018-01-10 01:57:37', 1, 0, 'DESCONEXION', 'DESCONEXION DE USUARIO CON IP ', '186.91.165.55', 'Mozilla Firefox', 0),
(464, '2018-01-10 01:57:43', 1, 30, 'ADMICION', 'ADMICION DE USUARIO CON IP 186.91.165.55NAV-Mozilla Firefox', '186.91.165.55', 'Mozilla Firefox', 0),
(465, '2018-01-10 01:57:43', 1, 30, 'ADMICION', 'ACCESO AL SISTEMA DESDE IP 186.91.165.55', '186.91.165.55', 'Mozilla Firefox', 0),
(466, '2018-01-10 02:12:44', 1, 30, 'ADMICION', 'ACCESO AL SISTEMA DESDE IP 186.91.165.55', '186.91.165.55', 'Mozilla Firefox', 0),
(467, '2018-01-10 02:12:57', 1, 31, 'DESCONEXION', 'DESCONEXION POR SALIDA DEL SISTEMA', '186.91.165.55', 'Mozilla Firefox', 0),
(468, '2018-01-10 02:12:57', 1, 0, 'DESCONEXION', 'DESCONEXION DE USUARIO CON IP ', '186.91.165.55', 'Mozilla Firefox', 0),
(469, '2018-01-10 02:13:28', 1, 30, 'ADMICION', 'ADMICION DE USUARIO CON IP 186.91.165.55NAV-Mozilla Firefox', '186.91.165.55', 'Mozilla Firefox', 0),
(470, '2018-01-10 02:13:28', 1, 30, 'ADMICION', 'ACCESO AL SISTEMA DESDE IP 186.91.165.55', '186.91.165.55', 'Mozilla Firefox', 0),
(471, '2018-01-10 02:58:22', 1, 31, 'DESCONEXION', 'DESCONEXION POR SALIDA DEL SISTEMA', '186.91.165.55', 'Mozilla Firefox', 0),
(472, '2018-01-10 02:58:22', 1, 0, 'DESCONEXION', 'DESCONEXION DE USUARIO CON IP ', '186.91.165.55', 'Mozilla Firefox', 0),
(473, '2018-01-10 11:19:36', 1, 30, 'ADMICION', 'ADMICION DE USUARIO CON IP 186.91.165.55NAV-Mozilla Firefox', '186.91.165.55', 'Mozilla Firefox', 0),
(474, '2018-01-10 11:19:36', 1, 30, 'ADMICION', 'ACCESO AL SISTEMA DESDE IP 186.91.165.55', '186.91.165.55', 'Mozilla Firefox', 0),
(475, '2018-01-12 00:17:30', 1, 30, 'ADMICION', 'ACCESO AL SISTEMA DESDE IP 186.91.165.55', '186.91.165.55', 'Mozilla Firefox', 0),
(476, '2018-01-13 12:55:38', 1, 30, 'ADMICION', 'ADMICION DE USUARIO CON IP ::1NAV-Mozilla Firefox', '::1', 'Mozilla Firefox', 0),
(477, '2018-01-13 12:55:38', 1, 30, 'ADMICION', 'ACCESO AL SISTEMA DESDE IP ::1', '::1', 'Mozilla Firefox', 0),
(478, '2018-01-13 16:40:55', 1, 30, 'ADMICION', 'ADMICION DE USUARIO CON IP 127.0.0.1NAV-Mozilla Firefox', '127.0.0.1', 'Mozilla Firefox', 0),
(479, '2018-01-13 16:40:55', 1, 30, 'ADMICION', 'ACCESO AL SISTEMA DESDE IP 127.0.0.1', '127.0.0.1', 'Mozilla Firefox', 0),
(480, '2018-01-13 20:34:02', 1, 30, 'ADMICION', 'ACCESO AL SISTEMA DESDE IP 127.0.0.1', '127.0.0.1', 'Mozilla Firefox', 0),
(481, '2018-01-14 02:03:49', 1, 31, 'DESCONEXION', 'DESCONEXION POR SALIDA DEL SISTEMA', '127.0.0.1', 'Mozilla Firefox', 0),
(482, '2018-01-14 02:03:49', 1, 0, 'DESCONEXION', 'DESCONEXION DE USUARIO CON IP ', '127.0.0.1', 'Mozilla Firefox', 0),
(483, '2018-01-15 21:57:09', 1, 30, 'ADMICION', 'ADMICION DE USUARIO CON IP 127.0.0.1NAV-Mozilla Firefox', '127.0.0.1', 'Mozilla Firefox', 0),
(484, '2018-01-15 21:57:09', 1, 30, 'ADMICION', 'ACCESO AL SISTEMA DESDE IP 127.0.0.1', '127.0.0.1', 'Mozilla Firefox', 0),
(485, '2018-01-15 22:00:36', 1, 30, 'ADMICION', 'ACCESO AL SISTEMA DESDE IP 127.0.0.1', '127.0.0.1', 'Mozilla Firefox', 0),
(486, '2018-01-16 01:31:23', 1, 31, 'DESCONEXION', 'DESCONEXION POR SALIDA DEL SISTEMA', '127.0.0.1', 'Mozilla Firefox', 0),
(487, '2018-01-16 01:31:24', 1, 0, 'DESCONEXION', 'DESCONEXION DE USUARIO CON IP ', '127.0.0.1', 'Mozilla Firefox', 0),
(488, '2018-01-17 21:39:03', 1, 30, 'ADMICION', 'ADMICION DE USUARIO CON IP 127.0.0.1NAV-Mozilla Firefox', '127.0.0.1', 'Mozilla Firefox', 0),
(489, '2018-01-17 21:39:03', 1, 30, 'ADMICION', 'ACCESO AL SISTEMA DESDE IP 127.0.0.1', '127.0.0.1', 'Mozilla Firefox', 0),
(490, '2018-01-17 23:55:28', 1, 31, 'DESCONEXION', 'DESCONEXION POR SALIDA DEL SISTEMA', '127.0.0.1', 'Mozilla Firefox', 0),
(491, '2018-01-17 23:55:28', 1, 0, 'DESCONEXION', 'DESCONEXION DE USUARIO CON IP ', '127.0.0.1', 'Mozilla Firefox', 0),
(492, '2018-01-18 20:56:48', 1, 30, 'ADMICION', 'ADMICION DE USUARIO CON IP 127.0.0.1NAV-Mozilla Firefox', '127.0.0.1', 'Mozilla Firefox', 0),
(493, '2018-01-18 20:56:48', 1, 30, 'ADMICION', 'ACCESO AL SISTEMA DESDE IP 127.0.0.1', '127.0.0.1', 'Mozilla Firefox', 0),
(494, '2018-01-19 00:01:11', 1, 31, 'DESCONEXION', 'DESCONEXION POR SALIDA DEL SISTEMA', '127.0.0.1', 'Mozilla Firefox', 0),
(495, '2018-01-19 00:01:11', 1, 0, 'DESCONEXION', 'DESCONEXION DE USUARIO CON IP ', '127.0.0.1', 'Mozilla Firefox', 0),
(496, '2018-01-22 21:44:51', 1, 30, 'ADMICION', 'ADMICION DE USUARIO CON IP 127.0.0.1NAV-Mozilla Firefox', '127.0.0.1', 'Mozilla Firefox', 0),
(497, '2018-01-22 21:44:51', 1, 30, 'ADMICION', 'ACCESO AL SISTEMA DESDE IP 127.0.0.1', '127.0.0.1', 'Mozilla Firefox', 0),
(498, '2018-01-23 20:33:09', 1, 30, 'ADMICION', 'ACCESO AL SISTEMA DESDE IP 127.0.0.1', '127.0.0.1', 'Mozilla Firefox', 0),
(499, '2018-01-24 00:21:19', 1, 31, 'DESCONEXION', 'DESCONEXION POR SALIDA DEL SISTEMA', '127.0.0.1', 'Mozilla Firefox', 0),
(500, '2018-01-24 00:21:19', 1, 0, 'DESCONEXION', 'DESCONEXION DE USUARIO CON IP ', '127.0.0.1', 'Mozilla Firefox', 0),
(501, '2018-01-31 12:53:08', 1, 30, 'ADMICION', 'ADMICION DE USUARIO CON IP 127.0.0.1NAV-Mozilla Firefox', '127.0.0.1', 'Mozilla Firefox', 0),
(502, '2018-01-31 12:53:08', 1, 30, 'ADMICION', 'ACCESO AL SISTEMA DESDE IP 127.0.0.1', '127.0.0.1', 'Mozilla Firefox', 0),
(503, '2018-02-01 21:55:28', 1, 30, 'ADMICION', 'ACCESO AL SISTEMA DESDE IP 127.0.0.1', '127.0.0.1', 'Mozilla Firefox', 0),
(504, '2018-02-02 01:06:06', 1, 31, 'DESCONEXION', 'DESCONEXION POR SALIDA DEL SISTEMA', '127.0.0.1', 'Mozilla Firefox', 0),
(505, '2018-02-02 01:06:07', 1, 0, 'DESCONEXION', 'DESCONEXION DE USUARIO CON IP ', '127.0.0.1', 'Mozilla Firefox', 0),
(506, '2018-02-02 23:37:03', 1, 30, 'ADMICION', 'ADMICION DE USUARIO CON IP 127.0.0.1NAV-Mozilla Firefox', '127.0.0.1', 'Mozilla Firefox', 0),
(507, '2018-02-02 23:37:03', 1, 30, 'ADMICION', 'ACCESO AL SISTEMA DESDE IP 127.0.0.1', '127.0.0.1', 'Mozilla Firefox', 0),
(508, '2018-02-03 12:43:25', 1, 30, 'ADMICION', 'ACCESO AL SISTEMA DESDE IP 127.0.0.1', '127.0.0.1', 'Mozilla Firefox', 0),
(509, '2018-02-04 13:48:23', 1, 30, 'ADMICION', 'ACCESO AL SISTEMA DESDE IP 127.0.0.1', '127.0.0.1', 'Mozilla Firefox', 0),
(510, '2018-02-05 21:38:13', 1, 30, 'ADMICION', 'ACCESO AL SISTEMA DESDE IP 127.0.0.1', '127.0.0.1', 'Mozilla Firefox', 0),
(511, '2018-02-06 21:43:35', 1, 30, 'ADMICION', 'ACCESO AL SISTEMA DESDE IP 127.0.0.1', '127.0.0.1', 'Mozilla Firefox', 0),
(512, '2018-02-07 01:02:23', 1, 31, 'DESCONEXION', 'DESCONEXION POR SALIDA DEL SISTEMA', '127.0.0.1', 'Mozilla Firefox', 0),
(513, '2018-02-07 01:02:23', 1, 0, 'DESCONEXION', 'DESCONEXION DE USUARIO CON IP ', '127.0.0.1', 'Mozilla Firefox', 0),
(514, '2018-02-07 23:41:43', 1, 30, 'ADMICION', 'ADMICION DE USUARIO CON IP 127.0.0.1NAV-Mozilla Firefox', '127.0.0.1', 'Mozilla Firefox', 0),
(515, '2018-02-07 23:41:43', 1, 30, 'ADMICION', 'ACCESO AL SISTEMA DESDE IP 127.0.0.1', '127.0.0.1', 'Mozilla Firefox', 0),
(516, '2018-02-08 23:34:14', 1, 30, 'ADMICION', 'ACCESO AL SISTEMA DESDE IP 127.0.0.1', '127.0.0.1', 'Mozilla Firefox', 0),
(517, '2018-02-09 00:17:08', 1, 31, 'DESCONEXION', 'DESCONEXION POR SALIDA DEL SISTEMA', '127.0.0.1', 'Mozilla Firefox', 0),
(518, '2018-02-09 00:17:08', 1, 0, 'DESCONEXION', 'DESCONEXION DE USUARIO CON IP ', '127.0.0.1', 'Mozilla Firefox', 0),
(519, '2018-02-10 11:18:26', 1, 30, 'ADMICION', 'ADMICION DE USUARIO CON IP 127.0.0.1NAV-Opera', '127.0.0.1', 'Opera', 0),
(520, '2018-02-10 11:18:27', 1, 30, 'ADMICION', 'ACCESO AL SISTEMA DESDE IP 127.0.0.1', '127.0.0.1', 'Opera', 0),
(521, '2018-02-10 12:29:04', 1, 31, 'DESCONEXION', 'DESCONEXION POR SALIDA DEL SISTEMA', '127.0.0.1', 'Opera', 0),
(522, '2018-02-10 12:29:04', 1, 0, 'DESCONEXION', 'DESCONEXION DE USUARIO CON IP ', '127.0.0.1', 'Opera', 0),
(523, '2018-02-10 12:35:50', 1, 30, 'ADMICION', 'ADMICION DE USUARIO CON IP 127.0.0.1NAV-Mozilla Firefox', '127.0.0.1', 'Mozilla Firefox', 0),
(524, '2018-02-10 12:35:50', 1, 30, 'ADMICION', 'ACCESO AL SISTEMA DESDE IP 127.0.0.1', '127.0.0.1', 'Mozilla Firefox', 0),
(525, '2018-02-10 21:34:07', 1, 30, 'ADMICION', 'ACCESO AL SISTEMA DESDE IP 127.0.0.1', '127.0.0.1', 'Mozilla Firefox', 0),
(526, '2018-02-11 03:55:51', 1, 31, 'DESCONEXION', 'DESCONEXION POR SALIDA DEL SISTEMA', '127.0.0.1', 'Mozilla Firefox', 0),
(527, '2018-02-11 03:55:51', 1, 0, 'DESCONEXION', 'DESCONEXION DE USUARIO CON IP ', '127.0.0.1', 'Mozilla Firefox', 0),
(528, '2018-02-11 21:41:49', 1, 30, 'ADMICION', 'ADMICION DE USUARIO CON IP 127.0.0.1NAV-Opera', '127.0.0.1', 'Opera', 0),
(529, '2018-02-11 21:41:50', 1, 30, 'ADMICION', 'ACCESO AL SISTEMA DESDE IP 127.0.0.1', '127.0.0.1', 'Opera', 0),
(530, '2018-02-12 03:08:35', 1, 31, 'DESCONEXION', 'DESCONEXION POR SALIDA DEL SISTEMA', '127.0.0.1', 'Opera', 0),
(531, '2018-02-12 03:08:35', 1, 0, 'DESCONEXION', 'DESCONEXION DE USUARIO CON IP ', '127.0.0.1', 'Opera', 0),
(532, '2018-02-12 14:18:19', 1, 30, 'ADMICION', 'ADMICION DE USUARIO CON IP 127.0.0.1NAV-Opera', '127.0.0.1', 'Opera', 0),
(533, '2018-02-12 14:18:19', 1, 30, 'ADMICION', 'ACCESO AL SISTEMA DESDE IP 127.0.0.1', '127.0.0.1', 'Opera', 0),
(534, '2018-02-13 00:13:11', 1, 31, 'DESCONEXION', 'DESCONEXION POR SALIDA DEL SISTEMA', '127.0.0.1', 'Opera', 0),
(535, '2018-02-13 00:13:11', 1, 0, 'DESCONEXION', 'DESCONEXION DE USUARIO CON IP ', '127.0.0.1', 'Opera', 0),
(536, '2018-02-13 00:13:38', 1, 30, 'ADMICION', 'ADMICION DE USUARIO CON IP 127.0.0.1NAV-Opera', '127.0.0.1', 'Opera', 0),
(537, '2018-02-13 00:13:38', 1, 30, 'ADMICION', 'ACCESO AL SISTEMA DESDE IP 127.0.0.1', '127.0.0.1', 'Opera', 0),
(538, '2018-02-13 00:18:01', 1, 30, 'ADMICION', 'ACCESO AL SISTEMA DESDE IP 127.0.0.1', '127.0.0.1', 'Mozilla Firefox', 0),
(539, '2018-02-13 02:52:12', 1, 31, 'DESCONEXION', 'DESCONEXION POR SALIDA DEL SISTEMA', '127.0.0.1', 'Mozilla Firefox', 0),
(540, '2018-02-13 02:52:12', 1, 0, 'DESCONEXION', 'DESCONEXION DE USUARIO CON IP ', '127.0.0.1', 'Mozilla Firefox', 0),
(541, '2018-02-13 13:14:52', 1, 30, 'ADMICION', 'ADMICION DE USUARIO CON IP 127.0.0.1NAV-Mozilla Firefox', '127.0.0.1', 'Mozilla Firefox', 0),
(542, '2018-02-13 13:14:52', 1, 30, 'ADMICION', 'ACCESO AL SISTEMA DESDE IP 127.0.0.1', '127.0.0.1', 'Mozilla Firefox', 0),
(543, '2018-02-14 22:23:15', 1, 30, 'ADMICION', 'ACCESO AL SISTEMA DESDE IP 127.0.0.1', '127.0.0.1', 'Mozilla Firefox', 0),
(544, '2018-02-15 01:42:27', 1, 31, 'DESCONEXION', 'DESCONEXION POR SALIDA DEL SISTEMA', '127.0.0.1', 'Mozilla Firefox', 0),
(545, '2018-02-15 01:42:27', 1, 0, 'DESCONEXION', 'DESCONEXION DE USUARIO CON IP ', '127.0.0.1', 'Mozilla Firefox', 0),
(546, '2018-02-18 22:29:44', 1, 30, 'ADMICION', 'ADMICION DE USUARIO CON IP 127.0.0.1NAV-Mozilla Firefox', '127.0.0.1', 'Mozilla Firefox', 0),
(547, '2018-02-18 22:29:44', 1, 30, 'ADMICION', 'ACCESO AL SISTEMA DESDE IP 127.0.0.1', '127.0.0.1', 'Mozilla Firefox', 0),
(548, '2018-02-19 20:56:47', 1, 30, 'ADMICION', 'ACCESO AL SISTEMA DESDE IP 127.0.0.1', '127.0.0.1', 'Mozilla Firefox', 0),
(549, '2018-02-21 21:15:01', 1, 30, 'ADMICION', 'ACCESO AL SISTEMA DESDE IP 127.0.0.1', '127.0.0.1', 'Mozilla Firefox', 0),
(550, '2018-02-23 20:59:28', 1, 30, 'ADMICION', 'ACCESO AL SISTEMA DESDE IP 127.0.0.1', '127.0.0.1', 'Mozilla Firefox', 0),
(551, '2018-02-24 02:44:28', 1, 31, 'DESCONEXION', 'DESCONEXION POR SALIDA DEL SISTEMA', '127.0.0.1', 'Mozilla Firefox', 0),
(552, '2018-02-24 02:44:28', 1, 0, 'DESCONEXION', 'DESCONEXION DE USUARIO CON IP ', '127.0.0.1', 'Mozilla Firefox', 0),
(553, '2018-02-24 21:53:37', 1, 30, 'ADMICION', 'ADMICION DE USUARIO CON IP 127.0.0.1NAV-Mozilla Firefox', '127.0.0.1', 'Mozilla Firefox', 0),
(554, '2018-02-24 21:53:37', 1, 30, 'ADMICION', 'ACCESO AL SISTEMA DESDE IP 127.0.0.1', '127.0.0.1', 'Mozilla Firefox', 0),
(555, '2018-02-25 00:18:35', 1, 31, 'DESCONEXION', 'DESCONEXION POR SALIDA DEL SISTEMA', '127.0.0.1', 'Mozilla Firefox', 0),
(556, '2018-02-25 00:18:35', 1, 0, 'DESCONEXION', 'DESCONEXION DE USUARIO CON IP ', '127.0.0.1', 'Mozilla Firefox', 0),
(557, '2018-02-25 18:01:18', 1, 30, 'ADMICION', 'ADMICION DE USUARIO CON IP 127.0.0.1NAV-Mozilla Firefox', '127.0.0.1', 'Mozilla Firefox', 0),
(558, '2018-02-25 18:01:18', 1, 30, 'ADMICION', 'ACCESO AL SISTEMA DESDE IP 127.0.0.1', '127.0.0.1', 'Mozilla Firefox', 0),
(559, '2018-02-26 22:29:29', 1, 30, 'ADMICION', 'ACCESO AL SISTEMA DESDE IP 127.0.0.1', '127.0.0.1', 'Mozilla Firefox', 0),
(560, '2018-02-27 00:38:50', 1, 31, 'DESCONEXION', 'DESCONEXION POR SALIDA DEL SISTEMA', '127.0.0.1', 'Mozilla Firefox', 0),
(561, '2018-02-27 00:38:50', 1, 0, 'DESCONEXION', 'DESCONEXION DE USUARIO CON IP ', '127.0.0.1', 'Mozilla Firefox', 0),
(562, '2018-02-27 22:56:06', 1, 30, 'ADMICION', 'ADMICION DE USUARIO CON IP 127.0.0.1NAV-Mozilla Firefox', '127.0.0.1', 'Mozilla Firefox', 0),
(563, '2018-02-27 22:56:06', 1, 30, 'ADMICION', 'ACCESO AL SISTEMA DESDE IP 127.0.0.1', '127.0.0.1', 'Mozilla Firefox', 0),
(564, '2018-02-28 21:19:16', 1, 30, 'ADMICION', 'ACCESO AL SISTEMA DESDE IP 127.0.0.1', '127.0.0.1', 'Mozilla Firefox', 0),
(565, '2018-03-02 23:33:18', 1, 30, 'ADMICION', 'ACCESO AL SISTEMA DESDE IP 127.0.0.1', '127.0.0.1', 'Mozilla Firefox', 0),
(566, '2018-03-03 20:43:53', 1, 30, 'ADMICION', 'ACCESO AL SISTEMA DESDE IP 127.0.0.1', '127.0.0.1', 'Mozilla Firefox', 0),
(567, '2018-03-04 00:27:26', 1, 31, 'DESCONEXION', 'DESCONEXION POR SALIDA DEL SISTEMA', '127.0.0.1', 'Mozilla Firefox', 0),
(568, '2018-03-04 00:27:27', 1, 0, 'DESCONEXION', 'DESCONEXION DE USUARIO CON IP ', '127.0.0.1', 'Mozilla Firefox', 0),
(569, '2018-03-13 23:48:22', 1, 30, 'ADMICION', 'ADMICION DE USUARIO CON IP 127.0.0.1NAV-Mozilla Firefox', '127.0.0.1', 'Mozilla Firefox', 0),
(570, '2018-03-13 23:48:23', 1, 30, 'ADMICION', 'ACCESO AL SISTEMA DESDE IP 127.0.0.1', '127.0.0.1', 'Mozilla Firefox', 0),
(571, '2018-03-15 22:20:56', 1, 30, 'ADMICION', 'ACCESO AL SISTEMA DESDE IP 127.0.0.1', '127.0.0.1', 'Mozilla Firefox', 0),
(572, '2018-03-24 23:46:23', 1, 30, 'ADMICION', 'ACCESO AL SISTEMA DESDE IP 127.0.0.1', '127.0.0.1', 'Mozilla Firefox', 0),
(573, '2018-03-26 23:02:06', 1, 30, 'ADMICION', 'ACCESO AL SISTEMA DESDE IP 127.0.0.1', '127.0.0.1', 'Mozilla Firefox', 0),
(574, '2018-03-29 22:21:14', 1, 30, 'ADMICION', 'ACCESO AL SISTEMA DESDE IP 127.0.0.1', '127.0.0.1', 'Mozilla Firefox', 0),
(575, '2018-03-30 09:12:19', 1, 30, 'ADMICION', 'ACCESO AL SISTEMA DESDE IP 127.0.0.1', '127.0.0.1', 'Mozilla Firefox', 0),
(576, '2018-03-30 14:03:55', 1, 31, 'DESCONEXION', 'DESCONEXION POR SALIDA DEL SISTEMA', '127.0.0.1', 'Mozilla Firefox', 0),
(577, '2018-03-30 14:03:55', 1, 0, 'DESCONEXION', 'DESCONEXION DE USUARIO CON IP ', '127.0.0.1', 'Mozilla Firefox', 0),
(578, '2018-04-01 11:16:45', 1, 30, 'ADMICION', 'ADMICION DE USUARIO CON IP 127.0.0.1NAV-Mozilla Firefox', '127.0.0.1', 'Mozilla Firefox', 0),
(579, '2018-04-01 11:16:45', 1, 30, 'ADMICION', 'ACCESO AL SISTEMA DESDE IP 127.0.0.1', '127.0.0.1', 'Mozilla Firefox', 0),
(580, '2018-04-01 20:26:41', 1, 31, 'DESCONEXION', 'DESCONEXION POR SALIDA DEL SISTEMA', '127.0.0.1', 'Mozilla Firefox', 0),
(581, '2018-04-01 20:26:41', 1, 0, 'DESCONEXION', 'DESCONEXION DE USUARIO CON IP ', '127.0.0.1', 'Mozilla Firefox', 0),
(582, '2018-04-02 21:39:58', 1, 30, 'ADMICION', 'ADMICION DE USUARIO CON IP 127.0.0.1NAV-Mozilla Firefox', '127.0.0.1', 'Mozilla Firefox', 0),
(583, '2018-04-02 21:39:58', 1, 30, 'ADMICION', 'ACCESO AL SISTEMA DESDE IP 127.0.0.1', '127.0.0.1', 'Mozilla Firefox', 0),
(584, '2018-04-03 21:09:40', 1, 30, 'ADMICION', 'ACCESO AL SISTEMA DESDE IP 127.0.0.1', '127.0.0.1', 'Mozilla Firefox', 0),
(585, '2018-04-03 23:59:37', 1, 31, 'DESCONEXION', 'DESCONEXION POR SALIDA DEL SISTEMA', '127.0.0.1', 'Mozilla Firefox', 0),
(586, '2018-04-03 23:59:37', 1, 0, 'DESCONEXION', 'DESCONEXION DE USUARIO CON IP ', '127.0.0.1', 'Mozilla Firefox', 0),
(587, '2018-04-03 23:59:54', 1, 30, 'ADMICION', 'ADMICION DE USUARIO CON IP 127.0.0.1NAV-Mozilla Firefox', '127.0.0.1', 'Mozilla Firefox', 0),
(588, '2018-04-03 23:59:54', 1, 30, 'ADMICION', 'ACCESO AL SISTEMA DESDE IP 127.0.0.1', '127.0.0.1', 'Mozilla Firefox', 0),
(589, '2018-04-04 22:53:43', 1, 30, 'ADMICION', 'ACCESO AL SISTEMA DESDE IP 127.0.0.1', '127.0.0.1', 'Mozilla Firefox', 0),
(590, '2018-04-10 20:59:28', 1, 30, 'ADMICION', 'ACCESO AL SISTEMA DESDE IP 127.0.0.1', '127.0.0.1', 'Mozilla Firefox', 0),
(591, '2018-04-15 21:42:48', 1, 30, 'ADMICION', 'ACCESO AL SISTEMA DESDE IP 127.0.0.1', '127.0.0.1', 'Mozilla Firefox', 0),
(592, '2018-04-15 22:42:59', 1, 30, 'ADMICION', 'ACCESO AL SISTEMA DESDE IP 127.0.0.1', '127.0.0.1', 'Opera', 0),
(593, '2018-04-15 22:54:43', 1, 30, 'ADMICION', 'ACCESO AL SISTEMA DESDE IP 127.0.0.1', '127.0.0.1', 'Mozilla Firefox', 0),
(594, '2018-04-23 22:05:01', 1, 30, 'ADMICION', 'ACCESO AL SISTEMA DESDE IP 127.0.0.1', '127.0.0.1', 'Mozilla Firefox', 0),
(595, '2018-04-25 21:09:48', 1, 30, 'ADMICION', 'ACCESO AL SISTEMA DESDE IP 127.0.0.1', '127.0.0.1', 'Mozilla Firefox', 0),
(596, '2018-04-26 01:57:40', 1, 31, 'DESCONEXION', 'DESCONEXION POR SALIDA DEL SISTEMA', '127.0.0.1', 'Mozilla Firefox', 0),
(597, '2018-04-26 01:57:41', 1, 0, 'DESCONEXION', 'DESCONEXION DE USUARIO CON IP ', '127.0.0.1', 'Mozilla Firefox', 0),
(598, '2018-04-26 23:49:44', 1, 30, 'ADMICION', 'ADMICION DE USUARIO CON IP 127.0.0.1NAV-Mozilla Firefox', '127.0.0.1', 'Mozilla Firefox', 0),
(599, '2018-04-26 23:49:44', 1, 30, 'ADMICION', 'ACCESO AL SISTEMA DESDE IP 127.0.0.1', '127.0.0.1', 'Mozilla Firefox', 0),
(600, '2018-04-27 00:30:18', 1, 31, 'DESCONEXION', 'DESCONEXION POR SALIDA DEL SISTEMA', '127.0.0.1', 'Mozilla Firefox', 0),
(601, '2018-04-27 00:30:18', 1, 0, 'DESCONEXION', 'DESCONEXION DE USUARIO CON IP ', '127.0.0.1', 'Mozilla Firefox', 0),
(602, '2018-05-01 17:03:05', 1, 30, 'ADMICION', 'ADMICION DE USUARIO CON IP 127.0.0.1NAV-Mozilla Firefox', '127.0.0.1', 'Mozilla Firefox', 0),
(603, '2018-05-01 17:03:05', 1, 30, 'ADMICION', 'ACCESO AL SISTEMA DESDE IP 127.0.0.1', '127.0.0.1', 'Mozilla Firefox', 0),
(604, '2018-05-02 01:34:10', 1, 31, 'DESCONEXION', 'DESCONEXION POR SALIDA DEL SISTEMA', '127.0.0.1', 'Mozilla Firefox', 0),
(605, '2018-05-02 01:34:10', 1, 0, 'DESCONEXION', 'DESCONEXION DE USUARIO CON IP ', '127.0.0.1', 'Mozilla Firefox', 0),
(606, '2018-05-03 21:05:37', 1, 30, 'ADMICION', 'ADMICION DE USUARIO CON IP 127.0.0.1NAV-Mozilla Firefox', '127.0.0.1', 'Mozilla Firefox', 0),
(607, '2018-05-03 21:05:37', 1, 30, 'ADMICION', 'ACCESO AL SISTEMA DESDE IP 127.0.0.1', '127.0.0.1', 'Mozilla Firefox', 0),
(608, '2018-05-04 00:39:09', 1, 31, 'DESCONEXION', 'DESCONEXION POR SALIDA DEL SISTEMA', '127.0.0.1', 'Mozilla Firefox', 0),
(609, '2018-05-04 00:39:09', 1, 0, 'DESCONEXION', 'DESCONEXION DE USUARIO CON IP ', '127.0.0.1', 'Mozilla Firefox', 0),
(610, '2018-05-07 22:44:10', 1, 30, 'ADMICION', 'ADMICION DE USUARIO CON IP 127.0.0.1NAV-Mozilla Firefox', '127.0.0.1', 'Mozilla Firefox', 0),
(611, '2018-05-07 22:44:10', 1, 30, 'ADMICION', 'ACCESO AL SISTEMA DESDE IP 127.0.0.1', '127.0.0.1', 'Mozilla Firefox', 0),
(612, '2018-05-09 23:24:48', 1, 30, 'ADMICION', 'ACCESO AL SISTEMA DESDE IP 127.0.0.1', '127.0.0.1', 'Mozilla Firefox', 0),
(613, '2018-05-10 23:37:53', 1, 30, 'ADMICION', 'ACCESO AL SISTEMA DESDE IP 127.0.0.1', '127.0.0.1', 'Mozilla Firefox', 0),
(614, '2018-05-14 22:15:04', 1, 30, 'ADMICION', 'ACCESO AL SISTEMA DESDE IP 127.0.0.1', '127.0.0.1', 'Mozilla Firefox', 0),
(615, '2018-05-15 00:10:00', 1, 31, 'DESCONEXION', 'DESCONEXION POR SALIDA DEL SISTEMA', '127.0.0.1', 'Mozilla Firefox', 0),
(616, '2018-05-15 00:10:00', 1, 0, 'DESCONEXION', 'DESCONEXION DE USUARIO CON IP ', '127.0.0.1', 'Mozilla Firefox', 0),
(617, '2018-05-16 00:00:08', 1, 30, 'ADMICION', 'ADMICION DE USUARIO CON IP 127.0.0.1NAV-Mozilla Firefox', '127.0.0.1', 'Mozilla Firefox', 0),
(618, '2018-05-16 00:00:08', 1, 30, 'ADMICION', 'ACCESO AL SISTEMA DESDE IP 127.0.0.1', '127.0.0.1', 'Mozilla Firefox', 0),
(619, '2018-05-17 00:35:47', 1, 30, 'ADMICION', 'ACCESO AL SISTEMA DESDE IP 127.0.0.1', '127.0.0.1', 'Mozilla Firefox', 0),
(620, '2018-05-18 23:34:07', 1, 30, 'ADMICION', 'ACCESO AL SISTEMA DESDE IP 127.0.0.1', '127.0.0.1', 'Mozilla Firefox', 0),
(621, '2018-05-19 01:50:20', 1, 31, 'DESCONEXION', 'DESCONEXION POR SALIDA DEL SISTEMA', '127.0.0.1', 'Mozilla Firefox', 0),
(622, '2018-05-19 01:50:20', 1, 0, 'DESCONEXION', 'DESCONEXION DE USUARIO CON IP ', '127.0.0.1', 'Mozilla Firefox', 0),
(623, '2018-05-21 19:51:48', 1, 30, 'ADMICION', 'ADMICION DE USUARIO CON IP 127.0.0.1NAV-Mozilla Firefox', '127.0.0.1', 'Mozilla Firefox', 0),
(624, '2018-05-21 19:51:48', 1, 30, 'ADMICION', 'ACCESO AL SISTEMA DESDE IP 127.0.0.1', '127.0.0.1', 'Mozilla Firefox', 0),
(625, '2018-05-21 23:56:23', 1, 31, 'DESCONEXION', 'DESCONEXION POR SALIDA DEL SISTEMA', '127.0.0.1', 'Mozilla Firefox', 0),
(626, '2018-05-21 23:56:23', 1, 0, 'DESCONEXION', 'DESCONEXION DE USUARIO CON IP ', '127.0.0.1', 'Mozilla Firefox', 0),
(627, '2018-05-24 23:26:59', 1, 30, 'ADMICION', 'ADMICION DE USUARIO CON IP 127.0.0.1NAV-Mozilla Firefox', '127.0.0.1', 'Mozilla Firefox', 0),
(628, '2018-05-24 23:26:59', 1, 30, 'ADMICION', 'ACCESO AL SISTEMA DESDE IP 127.0.0.1', '127.0.0.1', 'Mozilla Firefox', 0),
(629, '2018-05-25 00:53:11', 1, 31, 'DESCONEXION', 'DESCONEXION POR SALIDA DEL SISTEMA', '127.0.0.1', 'Mozilla Firefox', 0),
(630, '2018-05-25 00:53:11', 1, 0, 'DESCONEXION', 'DESCONEXION DE USUARIO CON IP ', '127.0.0.1', 'Mozilla Firefox', 0),
(631, '2018-05-25 22:36:54', 1, 30, 'ADMICION', 'ADMICION DE USUARIO CON IP 127.0.0.1NAV-Mozilla Firefox', '127.0.0.1', 'Mozilla Firefox', 0),
(632, '2018-05-25 22:36:54', 1, 30, 'ADMICION', 'ACCESO AL SISTEMA DESDE IP 127.0.0.1', '127.0.0.1', 'Mozilla Firefox', 0),
(633, '2018-06-03 23:00:02', 1, 30, 'ADMICION', 'ACCESO AL SISTEMA DESDE IP 127.0.0.1', '127.0.0.1', 'Mozilla Firefox', 0),
(634, '2018-06-04 22:40:11', 1, 30, 'ADMICION', 'ACCESO AL SISTEMA DESDE IP 127.0.0.1', '127.0.0.1', 'Mozilla Firefox', 0),
(635, '2018-06-08 23:19:13', 1, 30, 'ADMICION', 'ACCESO AL SISTEMA DESDE IP 127.0.0.1', '127.0.0.1', 'Mozilla Firefox', 0),
(636, '2018-06-10 13:41:28', 1, 30, 'ADMICION', 'ACCESO AL SISTEMA DESDE IP 127.0.0.1', '127.0.0.1', 'Mozilla Firefox', 0),
(637, '2018-06-10 22:33:09', 1, 30, 'ADMICION', 'ACCESO AL SISTEMA DESDE IP 127.0.0.1', '127.0.0.1', 'Mozilla Firefox', 0),
(638, '2018-06-11 01:49:09', 1, 31, 'DESCONEXION', 'DESCONEXION POR SALIDA DEL SISTEMA', '127.0.0.1', 'Mozilla Firefox', 0),
(639, '2018-06-11 01:49:09', 1, 0, 'DESCONEXION', 'DESCONEXION DE USUARIO CON IP ', '127.0.0.1', 'Mozilla Firefox', 0),
(640, '2018-06-11 22:24:14', 1, 30, 'ADMICION', 'ADMICION DE USUARIO CON IP 127.0.0.1NAV-Mozilla Firefox', '127.0.0.1', 'Mozilla Firefox', 0),
(641, '2018-06-11 22:24:14', 1, 30, 'ADMICION', 'ACCESO AL SISTEMA DESDE IP 127.0.0.1', '127.0.0.1', 'Mozilla Firefox', 0),
(642, '2018-06-13 22:11:10', 1, 30, 'ADMICION', 'ACCESO AL SISTEMA DESDE IP 127.0.0.1', '127.0.0.1', 'Mozilla Firefox', 0),
(643, '2018-06-16 21:25:51', 1, 30, 'ADMICION', 'ACCESO AL SISTEMA DESDE IP 127.0.0.1', '127.0.0.1', 'Mozilla Firefox', 0),
(644, '2018-06-17 21:34:00', 1, 30, 'ADMICION', 'ACCESO AL SISTEMA DESDE IP 127.0.0.1', '127.0.0.1', 'Mozilla Firefox', 0),
(645, '2018-06-19 21:18:00', 1, 30, 'ADMICION', 'ACCESO AL SISTEMA DESDE IP 127.0.0.1', '127.0.0.1', 'Mozilla Firefox', 0),
(646, '2018-06-23 20:30:26', 1, 30, 'ADMICION', 'ACCESO AL SISTEMA DESDE IP 127.0.0.1', '127.0.0.1', 'Mozilla Firefox', 0),
(647, '2018-06-24 01:20:38', 1, 31, 'DESCONEXION', 'DESCONEXION POR SALIDA DEL SISTEMA', '127.0.0.1', 'Mozilla Firefox', 0),
(648, '2018-06-24 01:20:38', 1, 0, 'DESCONEXION', 'DESCONEXION DE USUARIO CON IP ', '127.0.0.1', 'Mozilla Firefox', 0),
(649, '2018-06-24 19:13:19', 1, 30, 'ADMICION', 'ADMICION DE USUARIO CON IP 127.0.0.1NAV-Mozilla Firefox', '127.0.0.1', 'Mozilla Firefox', 0),
(650, '2018-06-24 19:13:19', 1, 30, 'ADMICION', 'ACCESO AL SISTEMA DESDE IP 127.0.0.1', '127.0.0.1', 'Mozilla Firefox', 0),
(651, '2018-06-26 23:22:54', 1, 30, 'ADMICION', 'ACCESO AL SISTEMA DESDE IP 127.0.0.1', '127.0.0.1', 'Mozilla Firefox', 0),
(652, '2018-06-27 23:36:51', 1, 30, 'ADMICION', 'ACCESO AL SISTEMA DESDE IP 127.0.0.1', '127.0.0.1', 'Mozilla Firefox', 0),
(653, '2018-07-08 10:08:00', 1, 30, 'ADMICION', 'ACCESO AL SISTEMA DESDE IP 127.0.0.1', '127.0.0.1', 'Mozilla Firefox', 0),
(654, '2018-07-08 21:53:17', 1, 30, 'ADMICION', 'ACCESO AL SISTEMA DESDE IP 127.0.0.1', '127.0.0.1', 'Google Chrome', 0),
(655, '2018-07-09 22:54:23', 1, 30, 'ADMICION', 'ACCESO AL SISTEMA DESDE IP 127.0.0.1', '127.0.0.1', 'Mozilla Firefox', 0),
(656, '2018-07-11 22:37:08', 1, 30, 'ADMICION', 'ACCESO AL SISTEMA DESDE IP 127.0.0.1', '127.0.0.1', 'Mozilla Firefox', 0),
(657, '2018-07-14 21:57:12', 1, 30, 'ADMICION', 'ACCESO AL SISTEMA DESDE IP 127.0.0.1', '127.0.0.1', 'Mozilla Firefox', 0),
(658, '2018-07-15 02:38:15', 1, 31, 'DESCONEXION', 'DESCONEXION POR SALIDA DEL SISTEMA', '127.0.0.1', 'Mozilla Firefox', 0),
(659, '2018-07-15 02:38:15', 1, 0, 'DESCONEXION', 'DESCONEXION DE USUARIO CON IP ', '127.0.0.1', 'Mozilla Firefox', 0),
(660, '2018-07-15 19:29:46', 1, 30, 'ADMICION', 'ADMICION DE USUARIO CON IP 127.0.0.1NAV-Mozilla Firefox', '127.0.0.1', 'Mozilla Firefox', 0),
(661, '2018-07-15 19:29:46', 1, 30, 'ADMICION', 'ACCESO AL SISTEMA DESDE IP 127.0.0.1', '127.0.0.1', 'Mozilla Firefox', 0),
(662, '2018-07-17 22:10:20', 1, 30, 'ADMICION', 'ACCESO AL SISTEMA DESDE IP 127.0.0.1', '127.0.0.1', 'Mozilla Firefox', 0),
(663, '2018-07-21 23:56:54', 1, 30, 'ADMICION', 'ACCESO AL SISTEMA DESDE IP 127.0.0.1', '127.0.0.1', 'Mozilla Firefox', 0),
(664, '2018-07-22 22:29:09', 1, 30, 'ADMICION', 'ACCESO AL SISTEMA DESDE IP 127.0.0.1', '127.0.0.1', 'Mozilla Firefox', 0),
(665, '2018-07-23 21:13:58', 1, 30, 'ADMICION', 'ACCESO AL SISTEMA DESDE IP 127.0.0.1', '127.0.0.1', 'Mozilla Firefox', 0),
(666, '2018-07-24 15:29:58', 1, 30, 'ADMICION', 'ACCESO AL SISTEMA DESDE IP 127.0.0.1', '127.0.0.1', 'Mozilla Firefox', 0),
(667, '2018-07-25 22:51:00', 1, 30, 'ADMICION', 'ACCESO AL SISTEMA DESDE IP 127.0.0.1', '127.0.0.1', 'Mozilla Firefox', 0),
(668, '2018-07-26 23:18:06', 1, 30, 'ADMICION', 'ACCESO AL SISTEMA DESDE IP 127.0.0.1', '127.0.0.1', 'Mozilla Firefox', 0),
(669, '2018-07-31 23:13:24', 1, 30, 'ADMICION', 'ACCESO AL SISTEMA DESDE IP 127.0.0.1', '127.0.0.1', 'Mozilla Firefox', 0),
(670, '2018-08-01 23:33:46', 1, 30, 'ADMICION', 'ACCESO AL SISTEMA DESDE IP 127.0.0.1', '127.0.0.1', 'Mozilla Firefox', 0),
(671, '2018-08-02 22:35:59', 1, 30, 'ADMICION', 'ACCESO AL SISTEMA DESDE IP 127.0.0.1', '127.0.0.1', 'Mozilla Firefox', 0),
(672, '2018-08-22 21:41:46', 1, 30, 'ADMICION', 'ACCESO AL SISTEMA DESDE IP 127.0.0.1', '127.0.0.1', 'Mozilla Firefox', 0),
(673, '2018-08-26 22:03:25', 1, 30, 'ADMICION', 'ACCESO AL SISTEMA DESDE IP 127.0.0.1', '127.0.0.1', 'Mozilla Firefox', 0),
(674, '2018-08-27 22:23:21', 1, 30, 'ADMICION', 'ACCESO AL SISTEMA DESDE IP 127.0.0.1', '127.0.0.1', 'Mozilla Firefox', 0),
(675, '2018-09-03 22:37:00', 1, 30, 'ADMICION', 'ACCESO AL SISTEMA DESDE IP 127.0.0.1', '127.0.0.1', 'Mozilla Firefox', 0),
(676, '2018-09-05 23:23:02', 1, 30, 'ADMICION', 'ACCESO AL SISTEMA DESDE IP 127.0.0.1', '127.0.0.1', 'Mozilla Firefox', 0),
(677, '2018-09-12 23:04:54', 1, 30, 'ADMICION', 'ACCESO AL SISTEMA DESDE IP 127.0.0.1', '127.0.0.1', 'Mozilla Firefox', 0),
(678, '2018-09-16 19:47:32', 1, 30, 'ADMICION', 'ACCESO AL SISTEMA DESDE IP 127.0.0.1', '127.0.0.1', 'Mozilla Firefox', 0),
(679, '2018-09-20 10:28:58', 1, 30, 'ADMICION', 'ACCESO AL SISTEMA DESDE IP 127.0.0.1', '127.0.0.1', 'Mozilla Firefox', 0),
(680, '2018-09-20 23:05:35', 1, 31, 'DESCONEXION', 'DESCONEXION POR SALIDA DEL SISTEMA', '127.0.0.1', 'Mozilla Firefox', 0),
(681, '2018-09-20 23:05:36', 1, 0, 'DESCONEXION', 'DESCONEXION DE USUARIO CON IP ', '127.0.0.1', 'Mozilla Firefox', 0),
(682, '2018-09-20 23:05:43', 1, 30, 'ADMICION', 'ADMICION DE USUARIO CON IP 127.0.0.1NAV-Mozilla Firefox', '127.0.0.1', 'Mozilla Firefox', 0),
(683, '2018-09-20 23:05:43', 1, 30, 'ADMICION', 'ACCESO AL SISTEMA DESDE IP 127.0.0.1', '127.0.0.1', 'Mozilla Firefox', 0),
(684, '2018-09-22 13:47:56', 1, 30, 'ADMICION', 'ACCESO AL SISTEMA DESDE IP 127.0.0.1', '127.0.0.1', 'Mozilla Firefox', 0),
(685, '2018-09-24 20:18:48', 1, 30, 'ADMICION', 'ACCESO AL SISTEMA DESDE IP 127.0.0.1', '127.0.0.1', 'Mozilla Firefox', 0),
(686, '2018-09-26 18:31:29', 1, 30, 'ADMICION', 'ACCESO AL SISTEMA DESDE IP 127.0.0.1', '127.0.0.1', 'Mozilla Firefox', 0),
(687, '2018-09-26 22:00:51', 1, 31, 'DESCONEXION', 'DESCONEXION POR SALIDA DEL SISTEMA', '127.0.0.1', 'Mozilla Firefox', 0),
(688, '2018-09-26 22:00:51', 1, 0, 'DESCONEXION', 'DESCONEXION DE USUARIO CON IP ', '127.0.0.1', 'Mozilla Firefox', 0),
(689, '2018-09-27 09:22:31', 1, 30, 'ADMICION', 'ADMICION DE USUARIO CON IP 127.0.0.1NAV-Mozilla Firefox', '127.0.0.1', 'Mozilla Firefox', 0),
(690, '2018-09-27 09:22:31', 1, 30, 'ADMICION', 'ACCESO AL SISTEMA DESDE IP 127.0.0.1', '127.0.0.1', 'Mozilla Firefox', 0),
(691, '2018-09-29 21:41:38', 1, 30, 'ADMICION', 'ACCESO AL SISTEMA DESDE IP 127.0.0.1', '127.0.0.1', 'Mozilla Firefox', 0),
(692, '2018-09-30 23:21:06', 1, 30, 'ADMICION', 'ACCESO AL SISTEMA DESDE IP 127.0.0.1', '127.0.0.1', 'Mozilla Firefox', 0),
(693, '2018-10-13 21:41:11', 1, 30, 'ADMICION', 'ACCESO AL SISTEMA DESDE IP 127.0.0.1', '127.0.0.1', 'Mozilla Firefox', 0),
(694, '2018-10-14 23:09:32', 1, 30, 'ADMICION', 'ACCESO AL SISTEMA DESDE IP 127.0.0.1', '127.0.0.1', 'Mozilla Firefox', 0),
(695, '2018-10-15 00:16:43', 1, 31, 'DESCONEXION', 'DESCONEXION POR SALIDA DEL SISTEMA', '127.0.0.1', 'Mozilla Firefox', 0),
(696, '2018-10-15 00:16:43', 1, 0, 'DESCONEXION', 'DESCONEXION DE USUARIO CON IP ', '127.0.0.1', 'Mozilla Firefox', 0),
(697, '2018-10-16 20:42:26', 1, 30, 'ADMICION', 'ADMICION DE USUARIO CON IP 127.0.0.1NAV-Mozilla Firefox', '127.0.0.1', 'Mozilla Firefox', 0),
(698, '2018-10-16 20:42:26', 1, 30, 'ADMICION', 'ACCESO AL SISTEMA DESDE IP 127.0.0.1', '127.0.0.1', 'Mozilla Firefox', 0),
(699, '2018-10-20 16:54:49', 1, 30, 'ADMICION', 'ACCESO AL SISTEMA DESDE IP 127.0.0.1', '127.0.0.1', 'Mozilla Firefox', 0),
(700, '2018-10-20 23:28:08', 1, 31, 'DESCONEXION', 'DESCONEXION POR SALIDA DEL SISTEMA', '127.0.0.1', 'Mozilla Firefox', 0),
(701, '2018-10-20 23:28:08', 1, 0, 'DESCONEXION', 'DESCONEXION DE USUARIO CON IP ', '127.0.0.1', 'Mozilla Firefox', 0),
(702, '2018-10-21 18:50:48', 1, 30, 'ADMICION', 'ADMICION DE USUARIO CON IP 127.0.0.1NAV-Mozilla Firefox', '127.0.0.1', 'Mozilla Firefox', 0),
(703, '2018-10-21 18:50:48', 1, 30, 'ADMICION', 'ACCESO AL SISTEMA DESDE IP 127.0.0.1', '127.0.0.1', 'Mozilla Firefox', 0),
(704, '2018-10-23 23:38:50', 1, 30, 'ADMICION', 'ACCESO AL SISTEMA DESDE IP 127.0.0.1', '127.0.0.1', 'Mozilla Firefox', 0),
(705, '2018-10-29 23:47:26', 1, 30, 'ADMICION', 'ACCESO AL SISTEMA DESDE IP 127.0.0.1', '127.0.0.1', 'Mozilla Firefox', 0),
(706, '2018-10-31 23:01:47', 1, 30, 'ADMICION', 'ACCESO AL SISTEMA DESDE IP 127.0.0.1', '127.0.0.1', 'Mozilla Firefox', 0),
(707, '2018-11-02 23:20:32', 1, 30, 'ADMICION', 'ACCESO AL SISTEMA DESDE IP 127.0.0.1', '127.0.0.1', 'Mozilla Firefox', 0),
(708, '2018-11-06 00:15:53', 1, 30, 'ADMICION', 'ACCESO AL SISTEMA DESDE IP 127.0.0.1', '127.0.0.1', 'Mozilla Firefox', 0),
(709, '2018-11-07 22:24:24', 1, 30, 'ADMICION', 'ACCESO AL SISTEMA DESDE IP 127.0.0.1', '127.0.0.1', 'Mozilla Firefox', 0),
(710, '2018-11-10 21:33:03', 1, 30, 'ADMICION', 'ACCESO AL SISTEMA DESDE IP 127.0.0.1', '127.0.0.1', 'Mozilla Firefox', 0),
(711, '2018-11-10 23:09:28', 1, 30, 'ADMICION', 'ACCESO AL SISTEMA DESDE IP 127.0.0.1', '127.0.0.1', 'Mozilla Firefox', 0),
(712, '2018-11-11 19:16:41', 1, 30, 'ADMICION', 'ACCESO AL SISTEMA DESDE IP 127.0.0.1', '127.0.0.1', 'Mozilla Firefox', 0),
(713, '2018-11-12 23:56:49', 1, 30, 'ADMICION', 'ACCESO AL SISTEMA DESDE IP 127.0.0.1', '127.0.0.1', 'Mozilla Firefox', 0),
(714, '2018-11-17 13:39:24', 1, 30, 'ADMICION', 'ACCESO AL SISTEMA DESDE IP 127.0.0.1', '127.0.0.1', 'Mozilla Firefox', 0),
(715, '2019-02-23 23:23:17', 1, 30, 'ADMICION', 'ACCESO AL SISTEMA DESDE IP 127.0.0.1', '127.0.0.1', 'Opera', 0),
(716, '2019-02-28 00:29:29', 1, 31, 'DESCONEXION', 'DESCONEXION POR SALIDA DEL SISTEMA', '127.0.0.1', 'Opera', 0),
(717, '2019-02-28 00:29:29', 1, 0, 'DESCONEXION', 'DESCONEXION DE USUARIO CON IP ', '127.0.0.1', 'Opera', 0),
(718, '2019-02-28 22:51:21', 1, 30, 'ADMICION', 'ADMICION DE USUARIO CON IP 127.0.0.1NAV-Opera', '127.0.0.1', 'Opera', 0),
(719, '2019-02-28 22:51:22', 1, 30, 'ADMICION', 'ACCESO AL SISTEMA DESDE IP 127.0.0.1', '127.0.0.1', 'Opera', 0),
(720, '2019-03-05 00:01:58', 2, 30, 'ADMICION', 'ADMICION DE USUARIO CON IP 127.0.0.1NAV-Opera', '127.0.0.1', 'Opera', 0),
(721, '2019-03-05 00:01:58', 2, 30, 'ADMICION', 'ACCESO AL SISTEMA DESDE IP 127.0.0.1', '127.0.0.1', 'Opera', 0),
(722, '2019-03-05 00:21:31', 2, 31, 'DESCONEXION', 'DESCONEXION POR SALIDA DEL SISTEMA', '127.0.0.1', 'Opera', 0),
(723, '2019-03-05 00:21:31', 2, 0, 'DESCONEXION', 'DESCONEXION DE USUARIO CON IP ', '127.0.0.1', 'Opera', 0),
(724, '2019-03-05 00:24:13', 1, 30, 'ADMICION', 'ADMICION DE USUARIO CON IP 127.0.0.1NAV-Opera', '127.0.0.1', 'Opera', 0),
(725, '2019-03-05 00:24:13', 1, 30, 'ADMICION', 'ACCESO AL SISTEMA DESDE IP 127.0.0.1', '127.0.0.1', 'Opera', 0),
(726, '2019-03-05 00:28:20', 1, 31, 'DESCONEXION', 'DESCONEXION POR SALIDA DEL SISTEMA', '127.0.0.1', 'Opera', 0),
(727, '2019-03-05 00:28:20', 1, 0, 'DESCONEXION', 'DESCONEXION DE USUARIO CON IP ', '127.0.0.1', 'Opera', 0),
(728, '2019-03-05 00:28:28', 2, 30, 'ADMICION', 'ADMICION DE USUARIO CON IP 127.0.0.1NAV-Opera', '127.0.0.1', 'Opera', 0),
(729, '2019-03-05 00:28:28', 2, 30, 'ADMICION', 'ACCESO AL SISTEMA DESDE IP 127.0.0.1', '127.0.0.1', 'Opera', 0),
(730, '2019-03-06 22:02:37', 2, 30, 'ADMICION', 'ACCESO AL SISTEMA DESDE IP 127.0.0.1', '127.0.0.1', 'Opera', 0),
(731, '2019-03-07 00:18:20', 2, 31, 'DESCONEXION', 'DESCONEXION POR SALIDA DEL SISTEMA', '127.0.0.1', 'Opera', 0),
(732, '2019-03-07 00:18:20', 2, 0, 'DESCONEXION', 'DESCONEXION DE USUARIO CON IP ', '127.0.0.1', 'Opera', 0),
(733, '2019-03-12 20:50:50', 2, 30, 'ADMICION', 'ADMICION DE USUARIO CON IP 127.0.0.1NAV-Opera', '127.0.0.1', 'Opera', 0),
(734, '2019-03-12 20:50:50', 2, 30, 'ADMICION', 'ACCESO AL SISTEMA DESDE IP 127.0.0.1', '127.0.0.1', 'Opera', 0),
(735, '2019-03-18 22:44:26', 2, 30, 'ADMICION', 'ACCESO AL SISTEMA DESDE IP 127.0.0.1', '127.0.0.1', 'Opera', 0),
(736, '2019-03-19 22:55:18', 2, 30, 'ADMICION', 'ACCESO AL SISTEMA DESDE IP 127.0.0.1', '127.0.0.1', 'Opera', 0),
(737, '2019-03-21 01:02:11', 2, 31, 'DESCONEXION', 'DESCONEXION POR SALIDA DEL SISTEMA', '127.0.0.1', 'Opera', 0),
(738, '2019-03-21 01:02:12', 2, 0, 'DESCONEXION', 'DESCONEXION DE USUARIO CON IP ', '127.0.0.1', 'Opera', 0),
(739, '2019-03-21 22:38:43', 2, 30, 'ADMICION', 'ADMICION DE USUARIO CON IP 127.0.0.1NAV-Opera', '127.0.0.1', 'Opera', 0),
(740, '2019-03-21 22:38:43', 2, 30, 'ADMICION', 'ACCESO AL SISTEMA DESDE IP 127.0.0.1', '127.0.0.1', 'Opera', 0),
(741, '2019-03-25 01:03:22', 2, 31, 'DESCONEXION', 'DESCONEXION POR SALIDA DEL SISTEMA', '127.0.0.1', 'Opera', 0),
(742, '2019-03-25 01:03:22', 2, 0, 'DESCONEXION', 'DESCONEXION DE USUARIO CON IP ', '127.0.0.1', 'Opera', 0);

-- --------------------------------------------------------

--
-- Table structure for table `bitacora_procesos`
--

CREATE TABLE `bitacora_procesos` (
  `id_ope` int(11) NOT NULL,
  `fecha` datetime NOT NULL,
  `usuario` int(11) NOT NULL,
  `recurso` int(11) NOT NULL,
  `accion` varchar(20) COLLATE utf8_spanish_ci NOT NULL,
  `contenido` text COLLATE utf8_spanish_ci NOT NULL,
  `navegador` varchar(50) COLLATE utf8_spanish_ci NOT NULL,
  `ip` varchar(25) COLLATE utf8_spanish_ci NOT NULL
) ENGINE=InnoDB DEFAULT CHARSET=utf8 COLLATE=utf8_spanish_ci;

-- --------------------------------------------------------

--
-- Table structure for table `block_stock`
--

CREATE TABLE `block_stock` (
  `id_block_stock` int(11) NOT NULL,
  `fecha_creacion` datetime DEFAULT NULL,
  `usuario_creador` int(11) NOT NULL,
  `estacion_block` varchar(45) COLLATE utf8_spanish_ci DEFAULT NULL,
  `producto_block` int(11) NOT NULL,
  `stock_id` int(11) NOT NULL,
  `cantidad_block` decimal(12,2) DEFAULT NULL,
  `empresa_id` int(11) NOT NULL
) ENGINE=InnoDB DEFAULT CHARSET=utf8 COLLATE=utf8_spanish_ci;

-- --------------------------------------------------------

--
-- Table structure for table `cargo`
--

CREATE TABLE `cargo` (
  `id_cargo` int(11) NOT NULL,
  `fecha_creacion` datetime DEFAULT NULL,
  `nombre_cargo` varchar(80) COLLATE utf8_spanish_ci DEFAULT NULL,
  `estatus_cargo` int(1) DEFAULT NULL,
  `departamento_id` int(11) DEFAULT NULL,
  `empresa_id` int(11) NOT NULL
) ENGINE=InnoDB DEFAULT CHARSET=utf8 COLLATE=utf8_spanish_ci;

--
-- Dumping data for table `cargo`
--

INSERT INTO `cargo` (`id_cargo`, `fecha_creacion`, `nombre_cargo`, `estatus_cargo`, `departamento_id`, `empresa_id`) VALUES
(1, '2015-11-26 12:43:16', 'Tcnico de Depsito', 1, 2, 0),
(2, '2015-11-26 12:43:42', 'Tcnico de Logstica ', 1, 3, 0),
(3, '2015-12-21 21:09:30', 'Tcnico de Abastecimiento', 1, 1, 0),
(4, '2015-12-21 21:10:41', 'Chfer', 1, 4, 0),
(5, '2015-12-21 21:10:57', 'Tcnico de Operaciones', 1, 4, 0),
(6, '2016-07-04 11:47:52', 'VENDEDOR', 1, 5, 0),
(7, '2016-07-06 10:23:10', 'Coord de Deposito', 1, 2, 0);

-- --------------------------------------------------------

--
-- Table structure for table `clasificacion`
--

CREATE TABLE `clasificacion` (
  `id_clasificacion` int(11) NOT NULL,
  `nombre_clasificacion` varchar(100) COLLATE utf8_spanish_ci NOT NULL,
  `estatus_clasificacion` int(1) NOT NULL DEFAULT 0,
  `comentario_clasificacion` varchar(150) COLLATE utf8_spanish_ci DEFAULT NULL,
  `fecha_crea_clasificacion` date NOT NULL,
  `tipo_clasificacion_id` int(11) NOT NULL,
  `empresa_id` int(11) NOT NULL
) ENGINE=InnoDB DEFAULT CHARSET=utf8 COLLATE=utf8_spanish_ci;

--
-- Dumping data for table `clasificacion`
--

INSERT INTO `clasificacion` (`id_clasificacion`, `nombre_clasificacion`, `estatus_clasificacion`, `comentario_clasificacion`, `fecha_crea_clasificacion`, `tipo_clasificacion_id`, `empresa_id`) VALUES
(1, 'MATERIALES DE ALTO RIESGO', 1, 'PRUEBA', '2016-08-16', 1, 0),
(2, 'CABLES', 1, 'CABLE PARA INSTALACIONES', '2016-08-21', 3, 0),
(3, 'BATEA  DE COCRETO GRIS', 1, 'BATEA DE CONCRETO ARMADO GRIS', '2017-04-29', 2, 0),
(4, 'BATEA DE GRANITO', 1, 'BATEA DE GRANITO', '2017-04-29', 2, 0),
(5, 'MANTENIMIENTO Y REPARACIONES', 1, 'TRABAJOS DE MANTENIMIENTO PERIODICOS', '0000-00-00', 5, 0);

-- --------------------------------------------------------

--
-- Table structure for table `clave`
--

CREATE TABLE `clave` (
  `id_clave` int(11) NOT NULL,
  `fecha_creacion` date DEFAULT NULL,
  `fecha_expiracion` date DEFAULT NULL,
  `clave` varchar(150) COLLATE utf8_spanish_ci DEFAULT NULL,
  `usuario_id` int(11) DEFAULT NULL,
  `estatus_clave` int(1) DEFAULT NULL
) ENGINE=InnoDB DEFAULT CHARSET=utf8 COLLATE=utf8_spanish_ci;

--
-- Dumping data for table `clave`
--

INSERT INTO `clave` (`id_clave`, `fecha_creacion`, `fecha_expiracion`, `clave`, `usuario_id`, `estatus_clave`) VALUES
(1, '0000-00-00', '0000-00-00', '0', 0, 9),
(3, '2016-04-05', '2016-05-05', '35050196b06bcccf9c708c1ffb890cd2', 5, 1),
(4, '2016-04-05', '2016-05-05', 'aa4224991c96d26191d554815addfb1d', 6, 1),
(6, '2016-04-05', '2016-05-05', '649223ecd180c7c09fafc9715cc73335', 8, 1),
(7, '2016-04-05', '2016-05-05', 'ba161f16757836a3a857bac79f77508e', 9, 1),
(11, '2016-04-09', '2016-05-09', '48c4822957c5dccbef4357e741679fb9', 1, 9),
(12, '2016-04-09', '2016-05-09', '', 1, 9),
(13, '2016-04-09', '2016-05-09', 'f27e76e62d4e665931471ae62630e7b9', 3, 9),
(14, '2016-04-10', '2016-05-10', 'f6dc1c33f4d44d02be31034eeb31c81f', 10, 1),
(15, '2016-04-10', '2016-05-10', 'e24008f98a92b7622f3a11245c3561a1', 11, 1),
(16, '2016-04-10', '2016-05-10', 'a40c1f64f0e4b6996e055c1bcdb337b1', 12, 1),
(17, '2016-06-06', '2016-07-06', 'a8dddfea293cca6301f07aa26808cba4', 13, 1),
(18, '2016-06-13', '2016-07-13', '449b297120492ed62ab7733d3084a806', 14, 1),
(19, '2016-07-02', '2016-08-01', '8d2dffe7063309efc42b81f8f2b0f822', 1, 1),
(20, '2016-07-02', '2016-08-01', 'f87c4b72b9f0930d4187353f8bddfa3d', 15, 1),
(21, '2016-07-02', '2016-08-01', '5d062347b3b3343b2b661ef28c739232', 16, 1),
(22, '2016-07-03', '2016-08-02', '3e5ffc13c54f0d89146b4be90e85d785', 2, 1),
(23, '2016-07-04', '2016-08-03', '3a5c6494ca7d8f2e244f50899e7e6413', 17, 1),
(24, '2016-07-04', '2016-08-03', 'a8ff503978f99da4f81924fcd08adec9', 18, 9),
(25, '2016-07-04', '2016-08-03', '1d4a68711a23de706ce81f4b1d17c833', 19, 1),
(26, '2016-07-06', '2016-08-05', '7f74dc8c89466f85523ba0181e2d1f7f', 18, 1),
(27, '2020-03-24', '2020-04-23', 'afb149452be9836686e49abf984cd0da', 4, 1);

-- --------------------------------------------------------

--
-- Table structure for table `cliente`
--

CREATE TABLE `cliente` (
  `id_cliente` int(11) NOT NULL,
  `fecha_creacion` date NOT NULL,
  `rif_cliente` varchar(20) COLLATE utf8_spanish_ci NOT NULL,
  `razon_social_cliente` varchar(150) COLLATE utf8_spanish_ci NOT NULL,
  `direccion_fiscal_cliente` varchar(150) COLLATE utf8_spanish_ci NOT NULL,
  `telefono_cliente` char(20) COLLATE utf8_spanish_ci NOT NULL,
  `celular_cliente` char(20) COLLATE utf8_spanish_ci NOT NULL,
  `correo_cliente` char(60) COLLATE utf8_spanish_ci NOT NULL,
  `tipo_cliente` tinyint(1) NOT NULL,
  `sector_id` int(11) NOT NULL,
  `estado_id` int(11) NOT NULL,
  `municipio_id` int(11) NOT NULL,
  `parroquia_id` int(11) NOT NULL,
  `credito_cliente` tinyint(1) NOT NULL,
  `limite_credito_cliente` decimal(12,2) NOT NULL,
  `denominacion_cliente` varchar(150) COLLATE utf8_spanish_ci NOT NULL,
  `estatus_cliente` int(1) NOT NULL,
  `empresa_id` int(11) NOT NULL
) ENGINE=InnoDB DEFAULT CHARSET=utf8 COLLATE=utf8_spanish_ci COMMENT='tabla que contendra los datos de los clinetes de la organizacion';

--
-- Dumping data for table `cliente`
--

INSERT INTO `cliente` (`id_cliente`, `fecha_creacion`, `rif_cliente`, `razon_social_cliente`, `direccion_fiscal_cliente`, `telefono_cliente`, `celular_cliente`, `correo_cliente`, `tipo_cliente`, `sector_id`, `estado_id`, `municipio_id`, `parroquia_id`, `credito_cliente`, `limite_credito_cliente`, `denominacion_cliente`, `estatus_cliente`, `empresa_id`) VALUES
(1, '2016-11-17', 'V15340779', 'RAFAEL SANTELIZ SISTEMAS', 'URBNIZACION PRODOS DEL SOL', '6633181', '04125150479', 'rafaelperez70@gmail.com', 2, 3, 2, 7, 96, 1, '1000000.00', 'RSSISTEMAS', 1, 0),
(2, '2018-01-23', 'V16829210', 'DANIELYS ALFONZO', 'PARQUE RESIDENCIAL CNATACLARO PLAZA', '02556633181', '04125150467', 'danielysap23@yahoo.com', 1, 0, 8, 37, 23, 1, '2000000.00', 'CONTRUCCIONES ALFONZO', 1, 0),
(3, '2018-01-23', 'V16829210', 'DANIELYS ALFONZO', 'PARQUE RESIDENCIAL CNATACLARO PLAZA', '02556633181', '04125150467', 'danielysap23@yahoo.com', 1, 0, 8, 37, 23, 1, '2000000.00', 'CONTRUCCIONES ALFONZO', 9, 0),
(4, '2018-08-02', 'V12555555', 'NELSON ESCOBAR', 'CARRE 23 VIA QUIBOR N42', '123456', '123456', 'nelson24escobar@hotmail.com', 1, 0, 6, 85, 70, 1, '10000000.00', 'TELECOMUNICACIONES ESCOBAR', 9, 0);

-- --------------------------------------------------------

--
-- Table structure for table `cobro`
--

CREATE TABLE `cobro` (
  `id_cobro` int(11) NOT NULL,
  `fecha_cobro` date DEFAULT NULL,
  `usuario_cobro` int(11) DEFAULT NULL,
  `cliente_id` int(11) DEFAULT NULL,
  `monto_cobro` decimal(12,2) DEFAULT NULL,
  `estatus_cobro` int(1) DEFAULT NULL,
  `condicion_cobro` varchar(15) COLLATE utf8_spanish_ci DEFAULT NULL,
  `comentario_cobro` varchar(45) COLLATE utf8_spanish_ci DEFAULT NULL,
  `unidad_operativa` int(11) NOT NULL,
  `empresa_id` int(11) NOT NULL
) ENGINE=InnoDB DEFAULT CHARSET=utf8 COLLATE=utf8_spanish_ci;

--
-- Dumping data for table `cobro`
--

INSERT INTO `cobro` (`id_cobro`, `fecha_cobro`, `usuario_cobro`, `cliente_id`, `monto_cobro`, `estatus_cobro`, `condicion_cobro`, `comentario_cobro`, `unidad_operativa`, `empresa_id`) VALUES
(4, '2017-10-28', 1, 1, '3040.00', 1, 'PROCESADO', NULL, 0, 0),
(5, '2017-12-26', 1, 1, '1000.00', 1, 'PROCESADO', NULL, 0, 0);

-- --------------------------------------------------------

--
-- Table structure for table `compra`
--

CREATE TABLE `compra` (
  `id_compra` int(11) NOT NULL,
  `fecha_creacion` date DEFAULT NULL,
  `empresa_id` int(11) DEFAULT NULL,
  `unidad_operativa` int(11) NOT NULL,
  `deposito_id` int(11) NOT NULL,
  `proveedor_id` int(11) DEFAULT NULL,
  `tipo_compra` varchar(20) COLLATE utf8_spanish_ci DEFAULT NULL,
  `recepcion_id` int(11) UNSIGNED ZEROFILL DEFAULT NULL,
  `estatus_compra` int(1) DEFAULT NULL,
  `condicion_compra` char(20) COLLATE utf8_spanish_ci DEFAULT NULL,
  `comentario_compra` char(100) COLLATE utf8_spanish_ci DEFAULT NULL,
  `emision_documento` date DEFAULT NULL,
  `vencimiento_documento` date DEFAULT NULL,
  `pronto_pago_documento` tinyint(1) DEFAULT NULL,
  `plazo_pronto_pago` int(3) DEFAULT NULL,
  `tasa_pronto_pago` int(3) DEFAULT NULL,
  `tipo_doc_rec` char(3) COLLATE utf8_spanish_ci DEFAULT NULL,
  `nro_doc_rec` char(20) COLLATE utf8_spanish_ci DEFAULT NULL,
  `control_doc_rec` char(20) COLLATE utf8_spanish_ci DEFAULT NULL,
  `orden_compra` int(11) UNSIGNED ZEROFILL DEFAULT NULL COMMENT 'nro documento origen(orden compra) '
) ENGINE=InnoDB DEFAULT CHARSET=utf8 COLLATE=utf8_spanish_ci COMMENT='tabla que registra las compras relacionadas a los informes de recepcion';

--
-- Dumping data for table `compra`
--

INSERT INTO `compra` (`id_compra`, `fecha_creacion`, `empresa_id`, `unidad_operativa`, `deposito_id`, `proveedor_id`, `tipo_compra`, `recepcion_id`, `estatus_compra`, `condicion_compra`, `comentario_compra`, `emision_documento`, `vencimiento_documento`, `pronto_pago_documento`, `plazo_pronto_pago`, `tasa_pronto_pago`, `tipo_doc_rec`, `nro_doc_rec`, `control_doc_rec`, `orden_compra`) VALUES
(1, '2017-05-04', NULL, 0, 0, 5, NULL, 00000000001, 1, 'POR LIQUIDAR', 'prueba', '2017-05-03', '2017-05-10', NULL, NULL, NULL, NULL, NULL, NULL, 00000000556),
(5, '2017-08-31', NULL, 0, 0, 5, 'CONTADO', 00000000000, 1, 'POR LIQUIDAR', '', '2017-08-31', '2017-08-31', NULL, NULL, NULL, NULL, NULL, NULL, 00000000000),
(6, '2017-08-31', NULL, 0, 0, 5, 'CONTADO', 00000000000, 1, 'POR LIQUIDAR', '', '2017-08-31', '2017-08-31', NULL, NULL, NULL, NULL, NULL, NULL, 00000003325),
(7, '2017-08-31', NULL, 0, 0, 5, 'CONTADO', 00000000000, 1, 'POR LIQUIDAR', '', '2017-08-31', '2017-08-31', NULL, NULL, NULL, NULL, NULL, NULL, 00000003328),
(8, '2017-08-31', NULL, 0, 0, 5, 'CONTADO', 00000000000, 1, 'POR LIQUIDAR', '', '2017-08-31', '2017-08-31', NULL, NULL, NULL, NULL, NULL, NULL, 00000005546),
(9, '2017-09-11', NULL, 0, 0, 5, 'CREDITO', 00000000000, 1, 'POR LIQUIDAR', '', '2017-09-10', '2017-09-15', NULL, NULL, NULL, NULL, NULL, NULL, 00000066589),
(10, '2018-01-18', NULL, 1, 1, 4, 'CONTADO', 00000000000, 9, 'ELIMINADA', '', '2018-01-18', '2018-01-18', NULL, NULL, NULL, NULL, NULL, NULL, 00000055698),
(11, '2018-02-03', NULL, 1, 1, 4, 'CONTADO', 00000000000, 1, 'POR LIQUIDAR', '', '2018-02-03', '2018-02-06', NULL, NULL, NULL, NULL, NULL, NULL, 00000000000),
(12, '2019-08-29', 1, 1, 1, 5, 'CONTADO', 00000000000, 1, 'REGISTRADA', 'prueba de comentario', '2019-08-29', '2019-08-29', NULL, NULL, NULL, 'FA', '12332', '00-55564', 00000000000),
(13, '2019-08-30', 1, 1, 1, 5, 'CONTADO', 00000000000, 1, 'REGISTRADA', 'prueba de comentario', '2019-08-29', '2019-08-29', NULL, NULL, NULL, 'FA', '12332', '00-55564', 00000000000),
(14, '2019-08-30', 1, 1, 1, 5, 'CONTADO', 00000000000, 1, 'REGISTRADA', 'prueba de comentario', '2019-08-30', '2019-08-30', NULL, NULL, NULL, '1', '6656', '00-99865', 00000000000),
(15, '2019-08-30', 1, 1, 1, 5, 'CONTADO', 00000000000, 1, 'REGISTRADA', 'prueba de comentario', '2019-08-30', '2019-08-30', NULL, NULL, NULL, '1', '456546', '00-4456', 00000000000);

-- --------------------------------------------------------

--
-- Table structure for table `concepto_pln`
--

CREATE TABLE `concepto_pln` (
  `id_concepto_pln` int(11) NOT NULL,
  `fecha_creacion` date DEFAULT NULL,
  `usuario_creador` int(11) DEFAULT NULL,
  `descripcion_concepto` varchar(150) COLLATE utf8_spanish_ci DEFAULT NULL,
  `estatus_concepto_pln` int(1) DEFAULT NULL,
  `comentario_concepto_pln` varchar(150) COLLATE utf8_spanish_ci NOT NULL DEFAULT '0',
  `empresa_id` int(11) NOT NULL
) ENGINE=InnoDB DEFAULT CHARSET=utf8 COLLATE=utf8_spanish_ci COMMENT='TABLA QUE ALMACENA LOS CONCEPTOS DE PLANIFICACION';

--
-- Dumping data for table `concepto_pln`
--

INSERT INTO `concepto_pln` (`id_concepto_pln`, `fecha_creacion`, `usuario_creador`, `descripcion_concepto`, `estatus_concepto_pln`, `comentario_concepto_pln`, `empresa_id`) VALUES
(1, '2018-02-20', 1, 'REPOSICION DE INVENTARIO DE COMERCIALIZACION', 1, 'pRUEBA DE CONCEPTO', 0),
(2, '2018-02-21', 1, 'reposicion de inventario de papeleria de officina', 1, 'comprende el abastecimiento de papeleria de oficina, papeleria tipo carta,tipo oficio, extra-oficio sobres manilas, ', 0);

-- --------------------------------------------------------

--
-- Table structure for table `configuracion`
--

CREATE TABLE `configuracion` (
  `id_configuracion` int(11) NOT NULL,
  `nombre_configuracion` varchar(45) COLLATE utf8_spanish_ci DEFAULT NULL,
  `fecha_inicio` datetime DEFAULT NULL,
  `fecha_trabajo` datetime DEFAULT NULL,
  `intento_login` int(1) DEFAULT NULL,
  `longitud_max_clave` int(2) NOT NULL,
  `longitud_min_clave` int(2) NOT NULL,
  `nro_pregunta_seg` int(1) NOT NULL,
  `dia_vigencia_clave` int(3) NOT NULL,
  `envia_correo` int(1) NOT NULL,
  `envia_sms` int(1) NOT NULL,
  `nombre_organizaion` varchar(150) COLLATE utf8_spanish_ci NOT NULL,
  `rif_organizacion` varchar(20) COLLATE utf8_spanish_ci NOT NULL,
  `direccion_organizacion` varchar(150) COLLATE utf8_spanish_ci NOT NULL,
  `empresa_id` int(11) NOT NULL
) ENGINE=InnoDB DEFAULT CHARSET=utf8 COLLATE=utf8_spanish_ci;

--
-- Dumping data for table `configuracion`
--

INSERT INTO `configuracion` (`id_configuracion`, `nombre_configuracion`, `fecha_inicio`, `fecha_trabajo`, `intento_login`, `longitud_max_clave`, `longitud_min_clave`, `nro_pregunta_seg`, `dia_vigencia_clave`, `envia_correo`, `envia_sms`, `nombre_organizaion`, `rif_organizacion`, `direccion_organizacion`, `empresa_id`) VALUES
(1, 'principal', '2016-04-05 00:00:00', '2016-04-05 00:00:00', 3, 10, 6, 0, 30, 0, 0, 'PDVAL', '0000000', 'prueba', 0);

-- --------------------------------------------------------

--
-- Table structure for table `cotizacion`
--

CREATE TABLE `cotizacion` (
  `id_cotizacion` int(11) NOT NULL,
  `fecha_creacion` date NOT NULL,
  `usuario_creador` int(11) NOT NULL,
  `proveedor_id` int(11) NOT NULL,
  `prioridad` char(20) COLLATE utf8_spanish_ci NOT NULL,
  `plazo` int(3) NOT NULL,
  `estatus_cotizacion` int(1) NOT NULL,
  `condicion_cotizacion` char(20) COLLATE utf8_spanish_ci NOT NULL,
  `comentario_cotizacion` char(150) COLLATE utf8_spanish_ci NOT NULL,
  `fecha_ult_act` date NOT NULL,
  `usuario_ult_act` int(11) NOT NULL,
  `empresa_id` int(11) NOT NULL
) ENGINE=InnoDB DEFAULT CHARSET=utf8 COLLATE=utf8_spanish_ci;

-- --------------------------------------------------------

--
-- Table structure for table `cxc`
--

CREATE TABLE `cxc` (
  `id_cxc` int(11) NOT NULL,
  `fecha_creacion` date DEFAULT NULL,
  `tipo_doc_ori` int(11) DEFAULT NULL,
  `nro_doc_ori` int(11) DEFAULT NULL,
  `debitos_cxc` decimal(12,2) DEFAULT NULL,
  `creditos_cxc` decimal(12,2) DEFAULT NULL,
  `saldo_cxc` decimal(12,2) DEFAULT NULL,
  `estatus_cxc` int(1) DEFAULT NULL,
  `comentario_cxc` varchar(65) COLLATE utf8_spanish_ci DEFAULT NULL,
  `fecha_vence_cxc` date DEFAULT NULL,
  `condicion_cxc` varchar(45) COLLATE utf8_spanish_ci DEFAULT NULL,
  `cliente_id` varchar(45) COLLATE utf8_spanish_ci DEFAULT NULL,
  `tipo_doc_af` int(11) DEFAULT NULL,
  `nro_doc_af` int(11) DEFAULT NULL,
  `empresa_id` int(11) NOT NULL
) ENGINE=InnoDB DEFAULT CHARSET=utf8 COLLATE=utf8_spanish_ci;

--
-- Dumping data for table `cxc`
--

INSERT INTO `cxc` (`id_cxc`, `fecha_creacion`, `tipo_doc_ori`, `nro_doc_ori`, `debitos_cxc`, `creditos_cxc`, `saldo_cxc`, `estatus_cxc`, `comentario_cxc`, `fecha_vence_cxc`, `condicion_cxc`, `cliente_id`, `tipo_doc_af`, `nro_doc_af`, `empresa_id`) VALUES
(1, '2017-07-27', 1, 8, '5040.00', NULL, '1000.00', 1, 'FACTURA POR COMPRA A CREDITO ....', '2017-08-16', 'POR COBRAR', '1', NULL, NULL, 0),
(4, '2017-10-28', 6, 4, NULL, '2000.00', NULL, 1, 'GENERADO POR COBRO', NULL, 'COBRADO', '1', 1, 8, 0),
(5, '2017-10-28', 6, 4, NULL, '1040.00', NULL, 1, 'GENERADO POR COBRO', NULL, 'COBRADO', '1', 1, 8, 0),
(6, '2017-12-26', 6, 5, NULL, '1000.00', NULL, 1, 'GENERADO POR COBRO', NULL, 'COBRADO', '1', 1, 8, 0),
(7, '2018-09-20', 1, 3, '5644.80', NULL, '5644.80', 1, 'FACTURA POR COMPRA A CREDITO ....', '2018-09-21', 'POR COBRAR', NULL, NULL, NULL, 0);

-- --------------------------------------------------------

--
-- Table structure for table `cxp`
--

CREATE TABLE `cxp` (
  `id_cxp` int(11) NOT NULL,
  `fecha_creacion` date NOT NULL,
  `proveedor_id` int(11) NOT NULL,
  `tipo_doc_ori` int(11) NOT NULL,
  `nro_doc_ori` int(11) NOT NULL,
  `debito_cxp` decimal(12,2) NOT NULL,
  `credito_cxp` decimal(12,2) NOT NULL,
  `saldo_cxp` decimal(12,2) NOT NULL,
  `estatus_cxp` int(1) NOT NULL,
  `condicion_cxp` varchar(20) COLLATE utf8_spanish_ci NOT NULL,
  `tipo_mov_ori` int(11) NOT NULL,
  `nro_mov_ori` int(11) NOT NULL,
  `comentario_cxp` varchar(100) COLLATE utf8_spanish_ci NOT NULL,
  `fecha_vence_cxp` date DEFAULT NULL,
  `tipo_doc_af` int(11) DEFAULT NULL,
  `nro_doc_af` int(11) DEFAULT NULL,
  `empresa_id` int(11) NOT NULL
) ENGINE=InnoDB DEFAULT CHARSET=utf8 COLLATE=utf8_spanish_ci;

--
-- Dumping data for table `cxp`
--

INSERT INTO `cxp` (`id_cxp`, `fecha_creacion`, `proveedor_id`, `tipo_doc_ori`, `nro_doc_ori`, `debito_cxp`, `credito_cxp`, `saldo_cxp`, `estatus_cxp`, `condicion_cxp`, `tipo_mov_ori`, `nro_mov_ori`, `comentario_cxp`, `fecha_vence_cxp`, `tipo_doc_af`, `nro_doc_af`, `empresa_id`) VALUES
(1, '2017-02-22', 3, 5, 3, '1232.00', '0.00', '1232.00', 1, 'PENDIENTE', 0, 0, 'CUENTA POR PAGAR GENERADA POR COMPRA N-3', NULL, NULL, NULL, 0),
(2, '2017-03-08', 2, 1, 587, '0.00', '0.00', '0.00', 1, 'PENDIENTE', 7, 0, 'CUENTA POR PAGAR GENERADA POR COMPRA N-', NULL, NULL, NULL, 0),
(3, '2017-04-15', 2, 1, 5568, '0.00', '0.00', '0.00', 1, 'PENDIENTE', 9, 3, 'CUENTA POR PAGAR GENERADA POR COMPRA N-', NULL, NULL, NULL, 0),
(4, '2017-04-30', 5, 5, 4, '280000.00', '0.00', '280000.00', 1, 'PENDIENTE', 0, 0, 'CUENTA POR PAGAR GENERADA POR COMPRA N-4', NULL, NULL, NULL, 0),
(5, '2017-04-30', 2, 1, 446, '0.00', '0.00', '0.00', 1, 'PENDIENTE', 9, 4, 'CUENTA POR PAGAR GENERADA POR COMPRA N-', NULL, NULL, NULL, 0),
(6, '2017-05-04', 5, 5, 1, '140000.00', '0.00', '140000.00', 1, 'PENDIENTE', 0, 0, 'CUENTA POR PAGAR GENERADA POR COMPRA N-1', NULL, NULL, NULL, 0),
(7, '2017-05-04', 5, 1, 556, '13200.00', '0.00', '13200.00', 1, 'PENDIENTE', 9, 1, 'CUENTA POR PAGAR GENERADA POR COMPRA N-', NULL, NULL, NULL, 0),
(8, '2017-08-31', 1, 1, 954, '5600.00', '0.00', '5600.00', 1, 'PENDIENTE', 9, 2, 'CUENTA POR PAGAR GENERADA POR COMPRA N-', NULL, NULL, NULL, 0),
(9, '2017-09-09', 2, 1, 55648, '5600.00', '0.00', '5600.00', 1, 'PENDIENTE', 9, 3, 'CUENTA POR PAGAR GENERADA POR COMPRA N-', NULL, NULL, NULL, 0),
(10, '2017-09-11', 5, 5, 9, '560000.00', '0.00', '560000.00', 1, 'POR CANCELAR', 0, 0, 'CUENTA POR PAGAR GENERADA POR COMPRA N-9', NULL, NULL, NULL, 0),
(11, '2018-02-05', 0, 1, 23165, '202000.00', '0.00', '202000.00', 1, 'PENDIENTE', 9, 4, 'CUENTA POR PAGAR GENERADA POR GASTO N-4', NULL, NULL, NULL, 0);

-- --------------------------------------------------------

--
-- Table structure for table `departamento`
--

CREATE TABLE `departamento` (
  `id_departamento` int(11) NOT NULL,
  `descripcion_departamento` varchar(45) COLLATE utf8_spanish_ci DEFAULT NULL,
  `telefono_departamento` varchar(45) COLLATE utf8_spanish_ci DEFAULT NULL,
  `fecha_creacion` date NOT NULL,
  `estatus_departamento` int(11) NOT NULL,
  `empresa_id` int(11) NOT NULL
) ENGINE=InnoDB DEFAULT CHARSET=utf8 COLLATE=utf8_spanish_ci;

--
-- Dumping data for table `departamento`
--

INSERT INTO `departamento` (`id_departamento`, `descripcion_departamento`, `telefono_departamento`, `fecha_creacion`, `estatus_departamento`, `empresa_id`) VALUES
(1, 'Abastecimiento', '0414-1592389', '2015-11-26', 1, 0),
(2, 'Almacn', '0412-15963', '2015-11-26', 1, 0),
(3, 'Logistica', '0412-1592563', '2015-11-26', 1, 0),
(4, 'Operaciones', '0255-6235898', '2015-12-21', 1, 0),
(5, 'Comercial', '0255-23456', '2016-07-05', 1, 0);

-- --------------------------------------------------------

--
-- Table structure for table `deposito`
--

CREATE TABLE `deposito` (
  `id_deposito` int(11) NOT NULL,
  `nombre_deposito` varchar(50) COLLATE utf8_spanish_ci DEFAULT NULL,
  `ubicacion_deposito` varchar(100) COLLATE utf8_spanish_ci DEFAULT NULL,
  `estatus_deposito` int(1) NOT NULL,
  `tipo_deposito` int(11) DEFAULT NULL,
  `telefono_deposito` varchar(45) COLLATE utf8_spanish_ci DEFAULT NULL,
  `fax_deposito` varchar(45) COLLATE utf8_spanish_ci DEFAULT NULL,
  `correo_deposito` varchar(100) COLLATE utf8_spanish_ci DEFAULT NULL,
  `condicion_deposito` varchar(20) COLLATE utf8_spanish_ci DEFAULT NULL,
  `fecha_creacion` date NOT NULL,
  `unidad_almacenaje` int(11) DEFAULT NULL,
  `capacidad_max` decimal(10,2) DEFAULT NULL,
  `capacidad_min` decimal(10,2) DEFAULT NULL,
  `unidad_operativa_id` int(11) DEFAULT NULL,
  `sector_id` int(11) NOT NULL,
  `parroquia_id` int(11) NOT NULL,
  `municipio_id` int(11) NOT NULL,
  `estado_id` int(11) NOT NULL,
  `empresa_id` int(11) NOT NULL
) ENGINE=InnoDB DEFAULT CHARSET=utf8 COLLATE=utf8_spanish_ci;

--
-- Dumping data for table `deposito`
--

INSERT INTO `deposito` (`id_deposito`, `nombre_deposito`, `ubicacion_deposito`, `estatus_deposito`, `tipo_deposito`, `telefono_deposito`, `fax_deposito`, `correo_deposito`, `condicion_deposito`, `fecha_creacion`, `unidad_almacenaje`, `capacidad_max`, `capacidad_min`, `unidad_operativa_id`, `sector_id`, `parroquia_id`, `municipio_id`, `estado_id`, `empresa_id`) VALUES
(1, 'CAVACUARTO EL TUNAL', 'CALLE2 AV 22', 1, 1, '321654564', '4654987', 'ELTUNAL@HOTMAIL.COM', NULL, '2017-02-04', 2, '20000.00', '2000.00', 1, 2, 1, 3, 10, 0),
(2, 'GALPON PRINCIPAL EL TUNAL', 'AV. PRINCIPAL LOS AGRICULTORES LOTE 4', 1, 1, '00023123', '456564', NULL, NULL, '2019-03-19', 6, '1.00', '20000.00', 1, 2, 95, 1, 2, 0);

-- --------------------------------------------------------

--
-- Table structure for table `despacho`
--

CREATE TABLE `despacho` (
  `id_despacho` int(11) NOT NULL,
  `fecha_despacho` date DEFAULT NULL,
  `usuario_id` int(11) DEFAULT NULL,
  `estatus_despacho` int(11) DEFAULT NULL,
  `deposito_origen` int(11) DEFAULT NULL,
  `comentario` varchar(100) COLLATE utf8_spanish_ci DEFAULT NULL,
  `condicion_despacho` varchar(20) COLLATE utf8_spanish_ci NOT NULL,
  `deposito_destino` int(11) NOT NULL,
  `empresa_id` int(11) NOT NULL
) ENGINE=InnoDB DEFAULT CHARSET=utf8 COLLATE=utf8_spanish_ci;

--
-- Dumping data for table `despacho`
--

INSERT INTO `despacho` (`id_despacho`, `fecha_despacho`, `usuario_id`, `estatus_despacho`, `deposito_origen`, `comentario`, `condicion_despacho`, `deposito_destino`, `empresa_id`) VALUES
(3, '2016-07-05', 10, 1, 2, 'prueba', 'DESPACHADO', 3, 0),
(4, '2016-07-08', 1, 1, 2, 'prueba', 'DESPACHADO', 3, 0);

-- --------------------------------------------------------

--
-- Table structure for table `det_cliente`
--

CREATE TABLE `det_cliente` (
  `id_det_cliente` int(11) NOT NULL,
  `cliente_id` int(11) NOT NULL,
  `premisa_id` int(11) NOT NULL,
  `estatus_det_cliente` int(1) DEFAULT NULL,
  `fecha_creacion` varchar(45) COLLATE utf8_spanish_ci DEFAULT NULL
) ENGINE=InnoDB DEFAULT CHARSET=utf8 COLLATE=utf8_spanish_ci;

--
-- Dumping data for table `det_cliente`
--

INSERT INTO `det_cliente` (`id_det_cliente`, `cliente_id`, `premisa_id`, `estatus_det_cliente`, `fecha_creacion`) VALUES
(1, 1, 1, 1, '2017-05-13 22:36:18');

-- --------------------------------------------------------

--
-- Table structure for table `det_cobro`
--

CREATE TABLE `det_cobro` (
  `id_det_cobro` int(11) NOT NULL,
  `cobro_id` int(11) DEFAULT NULL,
  `forma_cobro` varchar(10) COLLATE utf8_spanish_ci DEFAULT NULL,
  `monto` decimal(12,2) DEFAULT NULL,
  `banco_emisor` int(11) DEFAULT NULL,
  `ref_banco_emisor` varchar(45) COLLATE utf8_spanish_ci DEFAULT NULL,
  `banco_receptor` int(11) DEFAULT NULL,
  `estatus_det_cobro` int(1) DEFAULT NULL,
  `tipo_doc_ori` int(11) DEFAULT NULL,
  `nro_doc_ori` int(11) DEFAULT NULL
) ENGINE=InnoDB DEFAULT CHARSET=utf8 COLLATE=utf8_spanish_ci;

--
-- Dumping data for table `det_cobro`
--

INSERT INTO `det_cobro` (`id_det_cobro`, `cobro_id`, `forma_cobro`, `monto`, `banco_emisor`, `ref_banco_emisor`, `banco_receptor`, `estatus_det_cobro`, `tipo_doc_ori`, `nro_doc_ori`) VALUES
(4, 4, 'TDD', '2000.00', 1, '5568', NULL, 1, 1, 8),
(5, 4, 'CHQ', '1040.00', 1, '66325', NULL, 1, 1, 8),
(6, 5, 'TDD', '1000.00', 1, '55654', NULL, 1, 1, 8);

-- --------------------------------------------------------

--
-- Table structure for table `det_compra`
--

CREATE TABLE `det_compra` (
  `id_det_compra` int(11) NOT NULL,
  `compra_id` int(11) NOT NULL DEFAULT 0,
  `det_producto_id` int(11) DEFAULT NULL,
  `costo_producto` decimal(12,2) DEFAULT NULL,
  `cantidad_producto` decimal(12,2) DEFAULT NULL,
  `monto_producto` decimal(12,2) DEFAULT NULL,
  `tsa_iva_producto` decimal(5,2) DEFAULT NULL,
  `mto_iva_producto` decimal(12,2) DEFAULT NULL,
  `mto_total_producto` decimal(12,2) DEFAULT NULL
) ENGINE=InnoDB DEFAULT CHARSET=utf8 COLLATE=utf8_spanish_ci COMMENT='tabla que guarda el detalle de la compra';

--
-- Dumping data for table `det_compra`
--

INSERT INTO `det_compra` (`id_det_compra`, `compra_id`, `det_producto_id`, `costo_producto`, `cantidad_producto`, `monto_producto`, `tsa_iva_producto`, `mto_iva_producto`, `mto_total_producto`) VALUES
(1, 1, 6, '25000.00', '5.00', '125000.00', '12.00', '15000.00', '140000.00'),
(5, 5, 6, '5000.00', '10.00', '50000.00', '1.00', '500.00', '50500.00'),
(6, 6, 6, '5000.00', '10.00', '50000.00', '12.00', '6000.00', '56000.00'),
(7, 7, 6, '5000.00', '10.00', '50000.00', '12.00', '6000.00', '56000.00'),
(8, 8, 6, '4820.00', '10.00', '48200.00', '12.00', '5784.00', '53984.00'),
(9, 9, 6, '50000.00', '10.00', '500000.00', '12.00', '60000.00', '560000.00'),
(10, 10, 6, '100000.00', '10.00', '1000000.00', '12.00', '120000.00', '1120000.00'),
(11, 11, 6, '250000.00', '10.00', '2500000.00', '12.00', '300000.00', '2800000.00'),
(12, 13, 6, '500.00', '10.00', '5000.00', '12.00', '600.00', '5600.00'),
(13, 14, 6, '500.00', '20.00', '10000.00', '12.00', '1200.00', '11200.00'),
(14, 15, 6, '550.00', '10.00', '5500.00', '12.00', '660.00', '6160.00');

-- --------------------------------------------------------

--
-- Table structure for table `det_cotizacion`
--

CREATE TABLE `det_cotizacion` (
  `id_det_cotizacion` int(11) NOT NULL,
  `cotizacion_id` int(11) NOT NULL,
  `id_det_requisicion` int(11) NOT NULL,
  `requisicion_id` int(11) NOT NULL,
  `item` int(11) NOT NULL,
  `tipo_requisito` char(20) COLLATE utf8_spanish_ci NOT NULL,
  `id_requisito` int(11) NOT NULL,
  `cantidad` decimal(12,2) NOT NULL,
  `precio_sujerido` decimal(12,2) NOT NULL,
  `precio_real` decimal(12,2) NOT NULL,
  `fecha_ult_act` date NOT NULL,
  `usuario_ult_act` int(11) NOT NULL
) ENGINE=InnoDB DEFAULT CHARSET=utf8 COLLATE=utf8_spanish_ci;

-- --------------------------------------------------------

--
-- Table structure for table `det_despacho`
--

CREATE TABLE `det_despacho` (
  `id_det_despacho` int(11) NOT NULL,
  `despacho_id` int(11) NOT NULL,
  `producto_id` int(11) DEFAULT NULL,
  `cantidad` decimal(12,2) DEFAULT NULL,
  `presentacion_id` int(11) NOT NULL
) ENGINE=InnoDB DEFAULT CHARSET=utf8 COLLATE=utf8_spanish_ci;

--
-- Dumping data for table `det_despacho`
--

INSERT INTO `det_despacho` (`id_det_despacho`, `despacho_id`, `producto_id`, `cantidad`, `presentacion_id`) VALUES
(5, 3, 104, '50.00', 1),
(6, 4, 277, '25.00', 1);

-- --------------------------------------------------------

--
-- Table structure for table `det_empresa`
--

CREATE TABLE `det_empresa` (
  `id_det_empresa` int(11) NOT NULL,
  `fec_creado` date NOT NULL,
  `empresa_id` int(11) NOT NULL,
  `usuario_id` int(11) NOT NULL,
  `estatus_det_empresa` int(1) NOT NULL,
  `condicion_empresa` int(1) NOT NULL
) ENGINE=InnoDB DEFAULT CHARSET=utf8 COLLATE=utf8_spanish_ci;

--
-- Dumping data for table `det_empresa`
--

INSERT INTO `det_empresa` (`id_det_empresa`, `fec_creado`, `empresa_id`, `usuario_id`, `estatus_det_empresa`, `condicion_empresa`) VALUES
(3, '2020-04-03', 1, 2, 1, 1),
(4, '2020-04-03', 9, 2, 1, 0);

-- --------------------------------------------------------

--
-- Table structure for table `det_gasto`
--

CREATE TABLE `det_gasto` (
  `id_det_gasto` int(11) NOT NULL,
  `gasto_id` int(11) NOT NULL,
  `det_tgasto_id` int(11) NOT NULL,
  `precio_tgasto` decimal(12,2) NOT NULL,
  `cantidad_tgasto` decimal(12,2) NOT NULL,
  `mto_tgasto` decimal(12,2) NOT NULL,
  `tsa_iva_tgasto` decimal(5,2) NOT NULL,
  `mto_iva_tgasto` decimal(12,2) NOT NULL,
  `mto_total_tgasto` decimal(12,2) NOT NULL,
  `estatus_tgasto` int(1) NOT NULL
) ENGINE=InnoDB DEFAULT CHARSET=utf8 COLLATE=utf8_spanish_ci;

--
-- Dumping data for table `det_gasto`
--

INSERT INTO `det_gasto` (`id_det_gasto`, `gasto_id`, `det_tgasto_id`, `precio_tgasto`, `cantidad_tgasto`, `mto_tgasto`, `tsa_iva_tgasto`, `mto_iva_tgasto`, `mto_total_tgasto`, `estatus_tgasto`) VALUES
(1, 1, 1, '15000.00', '1.00', '15000.00', '12.00', '1800.00', '16800.00', 1),
(2, 2, 1, '5000.00', '1.00', '5000.00', '12.00', '600.00', '5600.00', 1),
(3, 3, 1, '5000.00', '1.00', '5000.00', '12.00', '600.00', '5600.00', 1),
(4, 4, 3, '100000.00', '2.00', '200000.00', '1.00', '2000.00', '202000.00', 1);

-- --------------------------------------------------------

--
-- Table structure for table `det_movimiento`
--

CREATE TABLE `det_movimiento` (
  `id_det_movimiento` int(11) NOT NULL COMMENT 'clave primeria de la tabla',
  `movimiento_id` int(11) NOT NULL COMMENT 'clave foranea de la tabla movimento',
  `producto_id` int(11) NOT NULL COMMENT 'clave foranea de la tabla productos',
  `cantidad` decimal(12,2) NOT NULL COMMENT 'cantidad de productos del movimiento de inventario',
  `estatus_det_movimiento` int(1) NOT NULL COMMENT 'estatus del detalle del movimiento de inventario'
) ENGINE=InnoDB DEFAULT CHARSET=utf8 COLLATE=utf8_spanish_ci;

--
-- Dumping data for table `det_movimiento`
--

INSERT INTO `det_movimiento` (`id_det_movimiento`, `movimiento_id`, `producto_id`, `cantidad`, `estatus_det_movimiento`) VALUES
(1, 1, 7, '0.00', 0),
(2, 2, 7, '500.00', 0),
(3, 3, 7, '500.00', 0),
(4, 4, 7, '500.00', 0),
(5, 5, 104, '1.00', 0);

-- --------------------------------------------------------

--
-- Table structure for table `det_orden_compra`
--

CREATE TABLE `det_orden_compra` (
  `id_det_orden_compra` int(11) NOT NULL,
  `det_producto_id` int(11) DEFAULT NULL,
  `orden_compra_id` int(11) DEFAULT NULL,
  `cantidad` decimal(12,2) DEFAULT NULL,
  `precio` decimal(12,2) DEFAULT NULL,
  `monto` decimal(12,2) DEFAULT NULL,
  `tasa_impuesto` decimal(5,2) DEFAULT NULL,
  `impuesto` decimal(12,2) DEFAULT NULL,
  `total` decimal(12,2) DEFAULT NULL
) ENGINE=InnoDB DEFAULT CHARSET=utf8 COLLATE=utf8_spanish_ci COMMENT='tabla que guarda el detalle de la compra';

--
-- Dumping data for table `det_orden_compra`
--

INSERT INTO `det_orden_compra` (`id_det_orden_compra`, `det_producto_id`, `orden_compra_id`, `cantidad`, `precio`, `monto`, `tasa_impuesto`, `impuesto`, `total`) VALUES
(1, 6, 1, '5.00', '25000.00', '125000.00', '12.00', '15000.00', '140000.00'),
(2, 6, 2, '10.00', '50000.00', '500000.00', '12.00', '60000.00', '560000.00'),
(3, 6, 3, '10.00', '250000.00', '2500000.00', '1.00', '25000.00', '2525000.00');

-- --------------------------------------------------------

--
-- Table structure for table `det_pago`
--

CREATE TABLE `det_pago` (
  `id_det_pago` int(11) NOT NULL,
  `pago_id` int(11) DEFAULT NULL,
  `tipo_doc_ori` int(11) DEFAULT NULL,
  `nro_doc_ori` int(11) DEFAULT NULL,
  `monto_doc_ori` decimal(12,2) DEFAULT NULL
) ENGINE=InnoDB DEFAULT CHARSET=utf8 COLLATE=utf8_spanish_ci;

--
-- Dumping data for table `det_pago`
--

INSERT INTO `det_pago` (`id_det_pago`, `pago_id`, `tipo_doc_ori`, `nro_doc_ori`, `monto_doc_ori`) VALUES
(1, 6, 4, 4, '280000.00');

-- --------------------------------------------------------

--
-- Table structure for table `det_pln_compra`
--

CREATE TABLE `det_pln_compra` (
  `id_det_pln_compra` int(11) NOT NULL,
  `pln_compra_id` int(11) DEFAULT NULL,
  `tipo_requisito` char(20) COLLATE utf8_spanish_ci DEFAULT NULL,
  `prioridad_requisito` char(20) COLLATE utf8_spanish_ci DEFAULT NULL,
  `plazo_ejecucion` int(3) DEFAULT NULL,
  `id_requisito` int(11) DEFAULT NULL,
  `cantidad_requisito` decimal(10,2) DEFAULT NULL,
  `ult_costo_requisito` decimal(10,2) DEFAULT NULL,
  `estatus_det_pln_compra` int(1) DEFAULT NULL,
  `condicion_requisito` char(50) COLLATE utf8_spanish_ci DEFAULT NULL,
  `justificacion_requisito` char(150) COLLATE utf8_spanish_ci NOT NULL DEFAULT '0',
  `comentario_requisito` char(150) COLLATE utf8_spanish_ci DEFAULT NULL,
  `fecha_creacion` date DEFAULT NULL,
  `usuario_creador` int(11) DEFAULT NULL,
  `usuario_autoriza` int(11) DEFAULT NULL,
  `fecha_autoriza` date DEFAULT NULL,
  `codigo_autoriza` char(50) COLLATE utf8_spanish_ci DEFAULT NULL
) ENGINE=InnoDB DEFAULT CHARSET=utf8 COLLATE=utf8_spanish_ci;

--
-- Dumping data for table `det_pln_compra`
--

INSERT INTO `det_pln_compra` (`id_det_pln_compra`, `pln_compra_id`, `tipo_requisito`, `prioridad_requisito`, `plazo_ejecucion`, `id_requisito`, `cantidad_requisito`, `ult_costo_requisito`, `estatus_det_pln_compra`, `condicion_requisito`, `justificacion_requisito`, `comentario_requisito`, `fecha_creacion`, `usuario_creador`, `usuario_autoriza`, `fecha_autoriza`, `codigo_autoriza`) VALUES
(1, 13, 'PRODUCTO', 'MEDIA', 1, 1, '100.00', NULL, 1, 'POR EVALUAR', '0', NULL, '2018-05-16', 1, NULL, NULL, NULL),
(2, 14, 'PRODUCTO', 'BAJA', 10, 1, '1.00', NULL, 1, 'POR EVALUAR', '0', NULL, '2018-05-21', 1, NULL, NULL, NULL),
(3, 14, 'SERVICIO', 'BAJA', 10, 2, '1.00', NULL, 1, 'POR EVALUAR', '0', NULL, '2018-05-21', 1, NULL, NULL, NULL);

-- --------------------------------------------------------

--
-- Table structure for table `det_presentacion`
--

CREATE TABLE `det_presentacion` (
  `id_det_producto` int(11) NOT NULL,
  `det_producto_id` int(11) NOT NULL,
  `presentacion_id` int(11) NOT NULL,
  `estatus_det_producto` int(1) NOT NULL
) ENGINE=InnoDB DEFAULT CHARSET=utf8 COLLATE=utf8_spanish_ci;

--
-- Dumping data for table `det_presentacion`
--

INSERT INTO `det_presentacion` (`id_det_producto`, `det_producto_id`, `presentacion_id`, `estatus_det_producto`) VALUES
(1, 1, 11, 1),
(2, 5, 11, 1),
(3, 6, 12, 1);

-- --------------------------------------------------------

--
-- Table structure for table `det_presupuesto`
--

CREATE TABLE `det_presupuesto` (
  `id_det_presupuesto` int(11) NOT NULL,
  `presupuesto_id` int(11) NOT NULL DEFAULT 0,
  `producto_id` int(11) NOT NULL DEFAULT 0,
  `precio_producto` decimal(12,2) NOT NULL DEFAULT 0.00,
  `cantidad_producto` decimal(12,2) NOT NULL DEFAULT 0.00,
  `monto_producto` decimal(12,2) NOT NULL DEFAULT 0.00,
  `mto_iva_producto` decimal(12,2) NOT NULL DEFAULT 0.00,
  `tsa_iva_producto` decimal(5,2) NOT NULL DEFAULT 0.00,
  `total_producto` decimal(12,2) NOT NULL DEFAULT 0.00
) ENGINE=InnoDB DEFAULT CHARSET=utf8 COLLATE=utf8_spanish_ci;

-- --------------------------------------------------------

--
-- Table structure for table `det_producto`
--

CREATE TABLE `det_producto` (
  `id_det_producto` int(11) NOT NULL,
  `codigo_producto` varchar(30) COLLATE utf8_spanish_ci NOT NULL,
  `serial_producto` varchar(60) COLLATE utf8_spanish_ci DEFAULT NULL,
  `marca_id` int(11) NOT NULL,
  `unidad_almacenamiento` int(11) NOT NULL,
  `producto_id` int(11) NOT NULL,
  `presentacion_id` int(11) NOT NULL,
  `comentario` varchar(100) COLLATE utf8_spanish_ci NOT NULL,
  `modelo` varchar(60) COLLATE utf8_spanish_ci NOT NULL,
  `estatus_det_producto` tinyint(4) DEFAULT NULL,
  `ruta_imagen` varchar(150) COLLATE utf8_spanish_ci NOT NULL
) ENGINE=InnoDB DEFAULT CHARSET=utf8 COLLATE=utf8_spanish_ci;

--
-- Dumping data for table `det_producto`
--

INSERT INTO `det_producto` (`id_det_producto`, `codigo_producto`, `serial_producto`, `marca_id`, `unidad_almacenamiento`, `producto_id`, `presentacion_id`, `comentario`, `modelo`, `estatus_det_producto`, `ruta_imagen`) VALUES
(1, 'cable006', NULL, 178, 8, 8, 11, 'prueba', 'CAB001Rc', 1, ''),
(2, 'cab002N', NULL, 871, 8, 9, 0, 'PRUEBA DE PRODUCTO 2', 'AWG 12', 1, ''),
(3, 'cab003N', NULL, 871, 8, 10, 0, 'prueba de producto  directo', 'awg10', 1, ''),
(4, 'cab004R', NULL, 871, 8, 11, 11, 'prueba', 'awg 10', 1, ''),
(5, 'cab005R', NULL, 871, 8, 12, 11, 'prueba', 'awg 8c', 1, ''),
(6, 'bat001', NULL, 19, 6, 14, 12, 'prueba de producto', 'estandar 1mt x 060 n', 1, '');

-- --------------------------------------------------------

--
-- Table structure for table `det_recepcion`
--

CREATE TABLE `det_recepcion` (
  `id_det_recepcion` int(10) UNSIGNED NOT NULL,
  `recepcion_id` int(11) NOT NULL,
  `producto_id` int(11) NOT NULL,
  `orden_compra_id` int(11) DEFAULT NULL,
  `cantidad_producto` decimal(12,2) DEFAULT NULL,
  `estatus_producto` int(1) NOT NULL,
  `condicion_producto` varchar(50) COLLATE utf8_spanish_ci NOT NULL,
  `lote` varchar(10) COLLATE utf8_spanish_ci NOT NULL,
  `comentario` varchar(100) COLLATE utf8_spanish_ci NOT NULL
) ENGINE=InnoDB DEFAULT CHARSET=utf8 COLLATE=utf8_spanish_ci;

--
-- Dumping data for table `det_recepcion`
--

INSERT INTO `det_recepcion` (`id_det_recepcion`, `recepcion_id`, `producto_id`, `orden_compra_id`, `cantidad_producto`, `estatus_producto`, `condicion_producto`, `lote`, `comentario`) VALUES
(1, 1, 6, 1, '5.00', 1, '', '', ''),
(2, 2, 6, 0, '10.00', 1, '', '', ''),
(3, 3, 6, 2, '10.00', 1, '', '', '');

-- --------------------------------------------------------

--
-- Table structure for table `det_requisicion`
--

CREATE TABLE `det_requisicion` (
  `id_det_requisicion` int(10) UNSIGNED NOT NULL,
  `requisicion_id` int(11) NOT NULL,
  `fecha_creacion` date NOT NULL,
  `usuario_creador` int(11) NOT NULL,
  `tipo_requisito` char(20) COLLATE utf8_spanish_ci NOT NULL,
  `id_requisito` int(11) NOT NULL,
  `cantidad_requisito` decimal(12,2) NOT NULL,
  `condicion_requisito` char(20) COLLATE utf8_spanish_ci NOT NULL,
  `estatus_det_requisito` int(1) NOT NULL,
  `fecha_evaluacion` date DEFAULT NULL,
  `usuario_evaluacion` int(11) DEFAULT NULL,
  `comentario_evaluacion` varchar(150) COLLATE utf8_spanish_ci DEFAULT NULL
) ENGINE=InnoDB DEFAULT CHARSET=utf8 COLLATE=utf8_spanish_ci COMMENT='tabla que almacena el detalle de requisicion, estos detalles tambien son utilizados por la planificacion';

--
-- Dumping data for table `det_requisicion`
--

INSERT INTO `det_requisicion` (`id_det_requisicion`, `requisicion_id`, `fecha_creacion`, `usuario_creador`, `tipo_requisito`, `id_requisito`, `cantidad_requisito`, `condicion_requisito`, `estatus_det_requisito`, `fecha_evaluacion`, `usuario_evaluacion`, `comentario_evaluacion`) VALUES
(1, 1, '2018-07-22', 1, 'SERVICIO', 1, '10.00', 'POR COTIZAR', 1, '2019-03-04', 1, 'manteniento de iluminacion del pasillo interno'),
(2, 1, '2018-07-22', 1, 'PRODUCTO', 5, '1.00', 'POR COTIZAR', 1, '2018-07-24', 1, 'material necesario para trabajo de mantenimineto suc el tunal');

-- --------------------------------------------------------

--
-- Table structure for table `det_solicitud`
--

CREATE TABLE `det_solicitud` (
  `id_det_solicitud` int(11) NOT NULL,
  `solicitud_id` int(11) DEFAULT NULL,
  `producto_id` int(11) DEFAULT NULL,
  `rubro_id` int(11) NOT NULL,
  `cantidad` decimal(12,2) DEFAULT NULL,
  `cantidad_asignada` decimal(12,2) NOT NULL
) ENGINE=InnoDB DEFAULT CHARSET=utf8 COLLATE=utf8_spanish_ci;

--
-- Dumping data for table `det_solicitud`
--

INSERT INTO `det_solicitud` (`id_det_solicitud`, `solicitud_id`, `producto_id`, `rubro_id`, `cantidad`, `cantidad_asignada`) VALUES
(1, 1, 299, 0, '500.00', '500.00'),
(2, 1, 1425, 0, '50.00', '50.00'),
(3, 2, 104, 0, '50.00', '50.00'),
(4, 3, 277, 0, '600.00', '600.00');

-- --------------------------------------------------------

--
-- Table structure for table `det_venta`
--

CREATE TABLE `det_venta` (
  `id_det_venta` int(11) NOT NULL,
  `venta_id` int(11) NOT NULL,
  `producto_id` int(11) NOT NULL,
  `cantidad_producto` decimal(12,2) DEFAULT NULL,
  `precio_producto` decimal(12,2) DEFAULT NULL,
  `tsa_iva_producto` decimal(5,2) DEFAULT NULL,
  `mto_iva_producto` decimal(12,2) DEFAULT NULL,
  `total_producto` decimal(12,2) DEFAULT NULL
) ENGINE=InnoDB DEFAULT CHARSET=utf8 COLLATE=utf8_spanish_ci;

--
-- Dumping data for table `det_venta`
--

INSERT INTO `det_venta` (`id_det_venta`, `venta_id`, `producto_id`, `cantidad_producto`, `precio_producto`, `tsa_iva_producto`, `mto_iva_producto`, `total_producto`) VALUES
(2, 2, 6, '1.00', '5040.00', '12.00', '604.80', '5644.80'),
(3, 3, 6, '1.00', '5040.00', '12.00', '604.80', '5644.80'),
(4, 4, 6, '1.00', '5040.00', '12.00', '604.80', '5644.80');

-- --------------------------------------------------------

--
-- Table structure for table `distribucion_gasto`
--

CREATE TABLE `distribucion_gasto` (
  `id_distribucion` int(11) NOT NULL,
  `fecha_distribucion` date DEFAULT NULL,
  `nro_doc_ori` varchar(45) COLLATE utf8_spanish_ci DEFAULT NULL,
  `gasto_id` int(11) DEFAULT NULL,
  `producto_id` int(11) DEFAULT NULL,
  `alicuota_distribucion` decimal(5,2) DEFAULT NULL,
  `monto_distribucion` decimal(12,2) DEFAULT NULL,
  `cantidad_producto` decimal(12,2) DEFAULT NULL,
  `compra_id` int(11) DEFAULT NULL,
  `tipo_doc_ori` int(11) DEFAULT NULL
) ENGINE=InnoDB DEFAULT CHARSET=utf8 COLLATE=utf8_spanish_ci;

--
-- Dumping data for table `distribucion_gasto`
--

INSERT INTO `distribucion_gasto` (`id_distribucion`, `fecha_distribucion`, `nro_doc_ori`, `gasto_id`, `producto_id`, `alicuota_distribucion`, `monto_distribucion`, `cantidad_producto`, `compra_id`, `tipo_doc_ori`) VALUES
(1, '2017-05-04', '556', 1, 6, '100.00', '16800.00', '5.00', 1, 1);

-- --------------------------------------------------------

--
-- Table structure for table `empresa`
--

CREATE TABLE `empresa` (
  `id_empresa` int(11) NOT NULL,
  `fecha_creacion` date NOT NULL,
  `estatus_empresa` int(1) NOT NULL,
  `nombre_empresa` varchar(100) COLLATE utf8_spanish_ci NOT NULL,
  `comentario_empresa` varchar(100) COLLATE utf8_spanish_ci NOT NULL,
  `logo_empresa` varchar(45) COLLATE utf8_spanish_ci DEFAULT NULL,
  `direccion_empresa` varchar(150) COLLATE utf8_spanish_ci DEFAULT NULL,
  `telefono_empresa` varchar(45) COLLATE utf8_spanish_ci DEFAULT NULL,
  `correo_empresa` varchar(70) COLLATE utf8_spanish_ci DEFAULT NULL,
  `periodo_trb_empresa` varchar(10) COLLATE utf8_spanish_ci DEFAULT NULL
) ENGINE=InnoDB DEFAULT CHARSET=utf8 COLLATE=utf8_spanish_ci;

--
-- Dumping data for table `empresa`
--

INSERT INTO `empresa` (`id_empresa`, `fecha_creacion`, `estatus_empresa`, `nombre_empresa`, `comentario_empresa`, `logo_empresa`, `direccion_empresa`, `telefono_empresa`, `correo_empresa`, `periodo_trb_empresa`) VALUES
(1, '2017-02-02', 1, 'CORPORACION PEREZ', 'PRUEBA ', 'SIN LOGO', 'URB. PRADOS DEL SOL ', '1234566789', NULL, '09-2017'),
(4, '2020-04-03', 1, '3245234534', 'prueba', NULL, 'Algun lugar del mundo', '', NULL, NULL),
(5, '2020-04-03', 1, '234234534', 'prueba', NULL, 'Algun lugar de alaka', '', NULL, NULL),
(8, '2020-04-03', 1, 'Empresa Poyoli', 'prueba', NULL, 'algun lugar del mundo', '1343453', NULL, NULL),
(9, '2020-04-03', 1, 'Empresa Poyoli', 'prueba', NULL, 'prueba', '24322523', NULL, NULL);

-- --------------------------------------------------------

--
-- Table structure for table `estado`
--

CREATE TABLE `estado` (
  `id_estado` int(11) NOT NULL,
  `descripcion_estado` varchar(100) COLLATE utf8_spanish_ci NOT NULL,
  `fecha_creacion` date NOT NULL,
  `estatus_estado` int(11) NOT NULL,
  `empresa_id` int(11) NOT NULL
) ENGINE=InnoDB DEFAULT CHARSET=utf8 COLLATE=utf8_spanish_ci;

--
-- Dumping data for table `estado`
--

INSERT INTO `estado` (`id_estado`, `descripcion_estado`, `fecha_creacion`, `estatus_estado`, `empresa_id`) VALUES
(1, 'mrida', '2016-07-02', 1, 0),
(2, 'portuguesa', '2016-07-02', 1, 0),
(3, 'tachira', '2016-07-02', 1, 0),
(4, 'miranda', '2016-07-02', 1, 0),
(5, 'barinas', '2016-07-02', 1, 0),
(6, 'lara', '2016-07-02', 1, 0),
(7, 'nueva esparta', '2016-07-02', 1, 0),
(8, 'aragua', '2016-07-02', 1, 0),
(9, 'carabobo', '2016-07-02', 1, 0),
(10, 'falcn', '2016-07-02', 1, 0),
(11, 'amazonias', '2016-07-02', 9, 0),
(12, 'Anzoategui', '2016-07-02', 1, 0),
(13, 'apure', '2016-07-02', 1, 0),
(14, 'bolvar', '2016-07-02', 1, 0),
(15, 'delta amacuro', '2016-07-02', 1, 0),
(16, 'cojedes', '2016-07-02', 1, 0),
(17, 'distrito capital', '2016-07-02', 1, 0),
(18, 'gurico ', '2016-07-02', 1, 0),
(19, 'monagas', '2016-07-02', 1, 0),
(20, 'sucre', '2016-07-02', 1, 0),
(21, 'trujillo', '2016-07-02', 1, 0),
(22, 'yaracuy', '2016-07-02', 1, 0),
(23, 'zulia', '2016-07-02', 1, 0),
(24, 'vargas', '2016-07-02', 1, 0),
(25, 'Portuguesa', '2018-01-11', 1, 0),
(26, 'Santafe', '2018-01-12', 1, 0),
(27, 'La paz', '2018-01-13', 1, 0);

-- --------------------------------------------------------

--
-- Table structure for table `gasto`
--

CREATE TABLE `gasto` (
  `id_gasto` int(11) NOT NULL,
  `fecha_creacion` date NOT NULL,
  `fecha_emision_gasto` date NOT NULL,
  `fecha_vencimiento_gasto` date NOT NULL,
  `tipo_doc_ori` int(11) NOT NULL,
  `nro_doc_ori` int(11) NOT NULL,
  `proveedor_id` int(11) NOT NULL,
  `estatus_gasto` int(1) NOT NULL,
  `tipo_mov_af` int(1) NOT NULL,
  `nro_mov_af` int(1) NOT NULL,
  `condicion_gasto` varchar(20) COLLATE utf8_spanish_ci NOT NULL,
  `comentario_gasto` varchar(100) COLLATE utf8_spanish_ci NOT NULL
) ENGINE=InnoDB DEFAULT CHARSET=utf8 COLLATE=utf8_spanish_ci;

--
-- Dumping data for table `gasto`
--

INSERT INTO `gasto` (`id_gasto`, `fecha_creacion`, `fecha_emision_gasto`, `fecha_vencimiento_gasto`, `tipo_doc_ori`, `nro_doc_ori`, `proveedor_id`, `estatus_gasto`, `tipo_mov_af`, `nro_mov_af`, `condicion_gasto`, `comentario_gasto`) VALUES
(1, '2017-05-04', '2017-05-02', '2017-05-02', 1, 556, 5, 2, 7, 1, 'ACTIVO', 'prueba'),
(2, '2017-08-31', '2017-08-31', '2017-08-31', 1, 954, 1, 1, 7, 8, 'ACTIVO', 'prueba'),
(3, '2017-09-09', '2017-09-08', '2017-09-08', 1, 55648, 2, 1, 7, 5, 'ACTIVO', 'prueba'),
(4, '2018-02-05', '2018-02-05', '2018-02-05', 1, 23165, 4, 1, 7, 11, 'ACTIVO', '');

-- --------------------------------------------------------

--
-- Table structure for table `ga_field_system`
--

CREATE TABLE `ga_field_system` (
  `id_field_system` int(11) NOT NULL,
  `ag_table_system_id` int(11) NOT NULL,
  `fecha_creado` date NOT NULL,
  `usuario_creador` int(11) NOT NULL,
  `tipo_campo` varchar(20) COLLATE utf8_spanish_ci NOT NULL,
  `longitud_campo` int(4) NOT NULL,
  `elemento_id` int(11) NOT NULL,
  `nombre_campo` varchar(50) COLLATE utf8_spanish_ci NOT NULL,
  `estatus_campo` int(1) NOT NULL,
  `condicion_campo` varchar(20) COLLATE utf8_spanish_ci NOT NULL,
  `clave_primaria` char(1) COLLATE utf8_spanish_ci NOT NULL DEFAULT 'N',
  `clave_foranea` char(1) COLLATE utf8_spanish_ci NOT NULL DEFAULT 'N',
  `validacion_campo` varchar(200) COLLATE utf8_spanish_ci DEFAULT NULL,
  `comentario_campo` varchar(100) COLLATE utf8_spanish_ci DEFAULT NULL,
  `fecha_ult_act` date DEFAULT NULL,
  `usuario_ult_ac` int(11) DEFAULT NULL
) ENGINE=InnoDB DEFAULT CHARSET=utf8 COLLATE=utf8_spanish_ci COMMENT='table that stores information about the  of the company';

-- --------------------------------------------------------

--
-- Table structure for table `ga_table_system`
--

CREATE TABLE `ga_table_system` (
  `id_table_system` int(11) NOT NULL,
  `fecha_creado` date DEFAULT NULL,
  `nombre_table_system` varchar(50) COLLATE utf8_spanish_ci DEFAULT NULL,
  `descripcion_table_system` varchar(100) COLLATE utf8_spanish_ci DEFAULT NULL,
  `estatus_table_system` int(1) DEFAULT 0,
  `fecha_ult_act` date DEFAULT NULL,
  `usuario_ult_act` int(11) DEFAULT 0,
  `organizacion_id` int(11) DEFAULT NULL
) ENGINE=InnoDB DEFAULT CHARSET=utf8 COLLATE=utf8_spanish_ci COMMENT='contains the system tables';

-- --------------------------------------------------------

--
-- Table structure for table `grupo`
--

CREATE TABLE `grupo` (
  `id_grupo` int(11) NOT NULL,
  `fecha_creacion` date NOT NULL,
  `nombre_grupo` varchar(40) COLLATE utf8_spanish_ci NOT NULL,
  `estatus_grupo` int(1) NOT NULL,
  `comentario_grupo` varchar(100) COLLATE utf8_spanish_ci NOT NULL,
  `clasificacion_id` int(11) NOT NULL
) ENGINE=InnoDB DEFAULT CHARSET=utf8 COLLATE=utf8_spanish_ci;

--
-- Dumping data for table `grupo`
--

INSERT INTO `grupo` (`id_grupo`, `fecha_creacion`, `nombre_grupo`, `estatus_grupo`, `comentario_grupo`, `clasificacion_id`) VALUES
(1, '2016-11-27', 'ALTA TENCION', 1, 'ALTO AMPERAJE', 2),
(2, '2017-04-29', 'batea en cemento blanco', 1, 'batea en cemento blanco', 4),
(3, '2017-04-29', 'CEMENTO BLANCO', 1, 'PRODUCTO HECHO EN CEMENTO BLANCO', 4),
(4, '2017-04-29', 'CEMENTO GRIS', 1, 'PRODUCTO ELABORADO EN CEMENTO GRIS', 4),
(5, '0000-00-00', 'REPARACION DE SISTEMAS ELECTRICOS', 1, '', 5),
(6, '0000-00-00', 'MANTENIMIENTO DE AREAS VERDES', 1, '', 5);

-- --------------------------------------------------------

--
-- Table structure for table `imagenes`
--

CREATE TABLE `imagenes` (
  `id_imagen` int(11) NOT NULL,
  `imagen` mediumblob NOT NULL,
  `tipo_imagen` varchar(30) COLLATE utf8_spanish_ci NOT NULL,
  `codigo` varchar(50) COLLATE utf8_spanish_ci NOT NULL
) ENGINE=InnoDB DEFAULT CHARSET=utf8 COLLATE=utf8_spanish_ci;

-- --------------------------------------------------------

--
-- Table structure for table `impuesto`
--

CREATE TABLE `impuesto` (
  `id_impuesto` int(11) NOT NULL,
  `fecha_creacion` date DEFAULT NULL,
  `nombre_impuesto` varchar(45) COLLATE utf8_spanish_ci DEFAULT NULL,
  `tasa_impuesto` decimal(5,2) DEFAULT NULL,
  `condicion_impuesto` varchar(45) COLLATE utf8_spanish_ci DEFAULT NULL,
  `estatus_impuesto` int(1) DEFAULT NULL,
  `descripcion_impuesto` varchar(45) COLLATE utf8_spanish_ci DEFAULT NULL,
  `tipo_impuesto` varchar(45) COLLATE utf8_spanish_ci DEFAULT NULL,
  `operador_impuesto` varchar(45) COLLATE utf8_spanish_ci DEFAULT NULL,
  `comparador_impuesto` varchar(45) COLLATE utf8_spanish_ci DEFAULT NULL,
  `accion_impuesto` varchar(45) COLLATE utf8_spanish_ci DEFAULT NULL
) ENGINE=InnoDB DEFAULT CHARSET=utf8 COLLATE=utf8_spanish_ci;

--
-- Dumping data for table `impuesto`
--

INSERT INTO `impuesto` (`id_impuesto`, `fecha_creacion`, `nombre_impuesto`, `tasa_impuesto`, `condicion_impuesto`, `estatus_impuesto`, `descripcion_impuesto`, `tipo_impuesto`, `operador_impuesto`, `comparador_impuesto`, `accion_impuesto`) VALUES
(1, '2017-07-26', 'IVA', '12.00', NULL, 1, 'IMPUESTO AL VALOR AGREGADO', 'VENTA', 'MAYOR', '1', 'SUMA');

-- --------------------------------------------------------

--
-- Table structure for table `impuesto_producto`
--

CREATE TABLE `impuesto_producto` (
  `id_imp_prod` int(11) NOT NULL,
  `fecha_creado` date NOT NULL,
  `usuario_crador` int(11) NOT NULL,
  `det_producto_id` int(11) NOT NULL,
  `impuesto_id` int(11) NOT NULL,
  `estatus_imp_prod` int(1) NOT NULL
) ENGINE=InnoDB DEFAULT CHARSET=utf8 COLLATE=utf8_spanish_ci;

-- --------------------------------------------------------

--
-- Table structure for table `incidencia`
--

CREATE TABLE `incidencia` (
  `id_incidencia` int(11) NOT NULL COMMENT 'calve primaria da la tabla identificador de incidencias',
  `fecha_incidencia` date DEFAULT NULL COMMENT 'fecha de creacion de la incidencia',
  `usuario_ori_incidencia` int(11) DEFAULT NULL COMMENT 'usuario que crea la incidencia',
  `lugar_incidencia` int(11) DEFAULT NULL COMMENT 'deposito donde se origina la incidencia',
  `observacion_incidencia` varchar(150) COLLATE utf8_spanish_ci DEFAULT NULL COMMENT 'observacion de la incidencia',
  `estatus_incidencia` int(1) DEFAULT NULL COMMENT 'estatus de la incidencia 1 o 9 ',
  `condicion_incidencia` varchar(45) COLLATE utf8_spanish_ci DEFAULT NULL COMMENT 'condicion de la incidencia ',
  `fecha_ult_act` date DEFAULT NULL COMMENT 'fecha de la ultima actualizacion de la incidencia',
  `dpto_destino_incidencia` int(11) NOT NULL COMMENT 'depertamento donde va dirigida la incidencia'
) ENGINE=InnoDB DEFAULT CHARSET=utf8 COLLATE=utf8_spanish_ci;

--
-- Dumping data for table `incidencia`
--

INSERT INTO `incidencia` (`id_incidencia`, `fecha_incidencia`, `usuario_ori_incidencia`, `lugar_incidencia`, `observacion_incidencia`, `estatus_incidencia`, `condicion_incidencia`, `fecha_ult_act`, `dpto_destino_incidencia`) VALUES
(1, '2016-06-03', 8, 3, 'prueba de incidencia', 1, 'EN COLA', NULL, 2),
(2, '2016-06-03', 8, 3, 'Rotura de empaque de harina, marca pan de 20 kg. se realizo seleccion de empaque sin daos   ', 1, 'EN COLA', NULL, 2);

-- --------------------------------------------------------

--
-- Table structure for table `marca`
--

CREATE TABLE `marca` (
  `id_marca` int(11) NOT NULL,
  `nombre_marca` varchar(100) COLLATE utf8_spanish_ci DEFAULT NULL,
  `estatus_marca` int(1) NOT NULL,
  `fecha_creacion` date NOT NULL
) ENGINE=InnoDB DEFAULT CHARSET=utf8 COLLATE=utf8_spanish_ci;

--
-- Dumping data for table `marca`
--

INSERT INTO `marca` (`id_marca`, `nombre_marca`, `estatus_marca`, `fecha_creacion`) VALUES
(1, 'SIN MARCA', 1, '2016-03-01'),
(2, 'LOS ANDES', 1, '0000-00-00'),
(3, 'MONTA ALTA', 1, '0000-00-00'),
(4, 'NEVADA', 1, '0000-00-00'),
(5, 'VISTA', 1, '0000-00-00'),
(6, 'BENAVES', 1, '0000-00-00'),
(7, 'DEL MONTE', 1, '0000-00-00'),
(8, 'DEL CORRAL ', 1, '0000-00-00'),
(9, 'CERELAC', 1, '0000-00-00'),
(10, 'VITAL BOYS', 1, '0000-00-00'),
(11, 'CHEPELCA', 1, '0000-00-00'),
(12, 'NESTUM', 1, '0000-00-00'),
(13, 'NESTLE', 1, '0000-00-00'),
(14, 'KRECER', 1, '0000-00-00'),
(15, 'GERBER', 1, '0000-00-00'),
(16, 'KELIN', 1, '0000-00-00'),
(17, 'KELL', 1, '0000-00-00'),
(18, 'MARY', 1, '0000-00-00'),
(19, 'POLLY', 1, '0000-00-00'),
(20, 'PRIMOR', 1, '0000-00-00'),
(21, 'LUMALAC', 1, '0000-00-00'),
(22, 'CARIARINA', 1, '0000-00-00'),
(23, 'CANPROLAC', 1, '0000-00-00'),
(24, 'CELIA EXPERT', 1, '0000-00-00'),
(25, 'SUSTAGEN', 1, '0000-00-00'),
(26, 'ENFAMIL ', 1, '0000-00-00'),
(27, 'NAN', 1, '0000-00-00'),
(28, 'NUTRAMIGEN', 1, '0000-00-00'),
(29, 'ENFAMIL PREMIUM ', 1, '0000-00-00'),
(30, 'GRAN PLUS', 1, '0000-00-00'),
(31, 'COLONA', 1, '0000-00-00'),
(32, 'PASTOR', 1, '0000-00-00'),
(33, 'SAN SIMON', 1, '0000-00-00'),
(34, 'KIANA', 1, '0000-00-00'),
(35, 'arepa pelada', 1, '0000-00-00'),
(36, 'EL CHICHERO', 1, '0000-00-00'),
(37, 'agua clara', 1, '0000-00-00'),
(38, 'COMEDOR', 1, '0000-00-00'),
(39, 'PDVAL', 1, '0000-00-00'),
(40, 'HALLARICAS', 1, '0000-00-00'),
(41, 'DER CONDE', 1, '0000-00-00'),
(42, 'PLUMROSE', 1, '0000-00-00'),
(43, 'LA TROPICAL', 1, '0000-00-00'),
(44, 'CAMPO BUENO', 1, '0000-00-00'),
(45, 'CHOCOCAO', 1, '0000-00-00'),
(46, 'CHOCOCOOL', 1, '0000-00-00'),
(47, 'CHOCOMAX', 1, '0000-00-00'),
(48, 'TODDY', 1, '0000-00-00'),
(49, 'D`FRUTTI', 1, '0000-00-00'),
(50, 'NESFRUTA', 1, '0000-00-00'),
(51, 'TANG', 1, '0000-00-00'),
(52, 'FAMILIA', 1, '0000-00-00'),
(53, 'AAA', 1, '0000-00-00'),
(54, 'RACAMAR', 1, '0000-00-00'),
(55, 'MERENGUAN', 1, '0000-00-00'),
(56, 'LECHECAO', 1, '0000-00-00'),
(57, 'NUTRICHICHA   ', 1, '0000-00-00'),
(58, 'CHICHALAC', 1, '0000-00-00'),
(59, 'CAMPESTRE', 1, '0000-00-00'),
(60, 'CHOCOTIN ', 1, '0000-00-00'),
(61, 'NESTEA', 1, '0000-00-00'),
(62, 'LIPTON', 1, '0000-00-00'),
(63, 'FREXTEA', 1, '0000-00-00'),
(64, 'LIFE TEA', 1, '0000-00-00'),
(65, 'BRAHMA', 1, '0000-00-00'),
(66, 'REGIONAL', 1, '0000-00-00'),
(67, 'NEVADITO ', 1, '0000-00-00'),
(68, 'COCACOLA', 1, '0000-00-00'),
(69, 'LUISHEILYN', 1, '0000-00-00'),
(70, 'SEBUCAN', 1, '0000-00-00'),
(71, 'EL CHICHE ARZOLAY', 1, '0000-00-00'),
(72, 'LA ROJERA', 1, '0000-00-00'),
(73, 'SANTONI ', 1, '0000-00-00'),
(74, 'LLANO VERDE ', 1, '0000-00-00'),
(75, 'agua blanca', 1, '0000-00-00'),
(76, 'CAMPIVERDE', 1, '0000-00-00'),
(77, 'CHICHI RICCHI', 1, '0000-00-00'),
(78, 'VENALCASA', 1, '0000-00-00'),
(79, 'MANNA PACK RICE ', 1, '0000-00-00'),
(80, 'DEL ALBA', 1, '0000-00-00'),
(81, 'EL JAPONES', 1, '0000-00-00'),
(82, 'MASIA', 1, '0000-00-00'),
(83, 'CRISTAL', 1, '0000-00-00'),
(84, 'AVELINA', 1, '0000-00-00'),
(85, 'ASOCOFE', 1, '0000-00-00'),
(86, 'LA LUCHA', 1, '0000-00-00'),
(87, 'LASSIE', 1, '0000-00-00'),
(88, 'PANTERA', 1, '0000-00-00'),
(89, 'VIZCAYA', 1, '0000-00-00'),
(90, 'QUAKER ', 1, '0000-00-00'),
(91, 'MAIZORITOS', 1, '0000-00-00'),
(92, 'ALL -BRAN FLAKES', 1, '0000-00-00'),
(93, 'NUTRI BABY', 1, '0000-00-00'),
(94, 'CORN POPS', 1, '0000-00-00'),
(95, 'CHOCO KRISPI', 1, '0000-00-00'),
(96, 'MUSLI', 1, '0000-00-00'),
(97, 'ALL BRAN', 1, '0000-00-00'),
(98, 'FROOT LOOPS', 1, '0000-00-00'),
(99, 'HOUSE MILL', 1, '0000-00-00'),
(100, 'KELLOGGS', 1, '0000-00-00'),
(101, 'KRAKIN FLAKES', 1, '0000-00-00'),
(102, 'ZUCARITAS', 1, '0000-00-00'),
(103, 'CORN FLAKES', 1, '0000-00-00'),
(104, 'SPECIAL K', 1, '0000-00-00'),
(105, 'MEGA BIT', 1, '0000-00-00'),
(106, 'NUTRICEREAL', 1, '0000-00-00'),
(107, 'LAS DELICIAS', 1, '0000-00-00'),
(108, 'SERVIPORK ', 1, '0000-00-00'),
(109, 'CHACICA ', 1, '0000-00-00'),
(110, 'EL CORRAL', 1, '0000-00-00'),
(111, 'EMBUTIDOS ORIENTE', 1, '0000-00-00'),
(112, 'EUROSPAR', 1, '0000-00-00'),
(113, 'FONTANA', 1, '0000-00-00'),
(114, 'SERRANO', 1, '0000-00-00'),
(115, 'GIACOMELO', 1, '0000-00-00'),
(116, 'MONSERRATINA', 1, '0000-00-00'),
(117, 'LA LEONESA', 1, '0000-00-00'),
(118, 'LA MONSERRATINA', 1, '0000-00-00'),
(119, 'CARVEN', 1, '0000-00-00'),
(120, 'ALIMEX', 1, '0000-00-00'),
(121, 'IBRICO', 1, '0000-00-00'),
(122, 'FIESTA ', 1, '0000-00-00'),
(123, 'CVA', 1, '0000-00-00'),
(124, 'LA MONTSERRATINA', 1, '0000-00-00'),
(125, 'VENEZUELA SOCIALISTA', 1, '0000-00-00'),
(126, 'EL PAO', 1, '0000-00-00'),
(127, 'MOVILLA', 1, '0000-00-00'),
(128, 'GRAND PIG', 1, '0000-00-00'),
(129, 'HERMO', 1, '0000-00-00'),
(130, 'PREMIER', 1, '0000-00-00'),
(131, 'CASTELO BRANCO', 1, '0000-00-00'),
(132, 'EMBUTIDOS ORIENTE (GALICIA)', 1, '0000-00-00'),
(133, 'ITALVECA', 1, '0000-00-00'),
(134, 'STEFANUTTI', 1, '0000-00-00'),
(135, 'GRAN BRISCO', 1, '0000-00-00'),
(136, 'CORDILLERA', 1, '0000-00-00'),
(137, 'OSCAR MAYER', 1, '0000-00-00'),
(138, 'CHARVENCA', 1, '0000-00-00'),
(139, 'CARACAS', 1, '0000-00-00'),
(140, 'BARKER TURKEY', 1, '0000-00-00'),
(141, 'PUCCI', 1, '0000-00-00'),
(142, 'GRAEFKE', 1, '0000-00-00'),
(143, 'SERVIPOLLO ', 1, '0000-00-00'),
(144, 'DISPROCERCA', 1, '0000-00-00'),
(145, 'SIN MARCA', 1, '0000-00-00'),
(146, 'VENEZUELA', 1, '0000-00-00'),
(147, 'CARBONERO', 1, '0000-00-00'),
(148, 'CAISA', 1, '0000-00-00'),
(149, 'COMA', 1, '0000-00-00'),
(150, 'D-WILLIAM', 1, '0000-00-00'),
(151, 'EUREKA', 1, '0000-00-00'),
(152, 'GUARIQUISIMA', 1, '0000-00-00'),
(153, 'KAMPESTRE', 1, '0000-00-00'),
(154, 'LA CAICARE', 1, '0000-00-00'),
(155, 'LA GIRALDA', 1, '0000-00-00'),
(156, 'MACARENA', 1, '0000-00-00'),
(157, 'NATURALYST', 1, '0000-00-00'),
(158, 'ORITUCO', 1, '0000-00-00'),
(159, 'PASSATA KAMPESTR', 1, '0000-00-00'),
(160, 'SPANIA', 1, '0000-00-00'),
(161, 'TAF', 1, '0000-00-00'),
(162, 'DICARLOS', 1, '0000-00-00'),
(163, 'MUTTI', 1, '0000-00-00'),
(164, 'ROMERIA', 1, '0000-00-00'),
(165, 'ANDURI', 1, '0000-00-00'),
(166, 'LA ALHAMBRA', 1, '0000-00-00'),
(167, 'MEDITERRANEO', 1, '0000-00-00'),
(168, 'TOMATO NAPOLI', 1, '0000-00-00'),
(169, 'INDOPECA ', 1, '0000-00-00'),
(170, 'LA COMADRE', 1, '0000-00-00'),
(171, 'DEL CAMPO', 1, '0000-00-00'),
(172, 'MAGGI', 1, '0000-00-00'),
(173, 'DON PEDRO', 1, '0000-00-00'),
(174, 'GUT', 1, '0000-00-00'),
(175, 'VITASAL', 1, '0000-00-00'),
(176, 'MAGI', 1, '0000-00-00'),
(177, 'LA LOMBARDA', 1, '0000-00-00'),
(178, 'BACON', 1, '0000-00-00'),
(179, 'MUNCH TIME', 1, '0000-00-00'),
(180, 'LE BISCUIT ', 1, '0000-00-00'),
(181, 'MEGA PIGUI', 1, '0000-00-00'),
(182, 'BOLIBOMBA', 1, '0000-00-00'),
(183, 'OREO', 1, '0000-00-00'),
(184, 'OVOMALTINA', 1, '0000-00-00'),
(185, 'NEGUSA', 1, '0000-00-00'),
(186, 'LA MARCONA', 1, '0000-00-00'),
(187, 'MARCONA', 1, '0000-00-00'),
(188, 'MC LAWS', 1, '0000-00-00'),
(189, 'TROPICAL', 1, '0000-00-00'),
(190, 'CHISPITO', 1, '0000-00-00'),
(191, 'TRIGO DE ORO', 1, '0000-00-00'),
(192, 'PALMERITAS DE ORO', 1, '0000-00-00'),
(193, 'DANIBISK', 1, '0000-00-00'),
(194, 'DON JOSE', 1, '0000-00-00'),
(195, 'LAYA', 1, '0000-00-00'),
(196, 'AITANA ', 1, '0000-00-00'),
(197, 'RIKO LI', 1, '0000-00-00'),
(198, 'DON PELAYO', 1, '0000-00-00'),
(199, 'RIKO NUT', 1, '0000-00-00'),
(200, 'LA BRUJA', 1, '0000-00-00'),
(201, 'RIKO MIX   ', 1, '0000-00-00'),
(202, 'BELLAFRUT', 1, '0000-00-00'),
(203, 'EL MAZO', 1, '0000-00-00'),
(204, 'FLAME', 1, '0000-00-00'),
(205, 'SUN.MAID', 1, '0000-00-00'),
(206, 'CHILE', 1, '0000-00-00'),
(207, 'CHINITA', 1, '0000-00-00'),
(208, 'LESMI', 1, '0000-00-00'),
(209, 'TRES SOLES', 1, '0000-00-00'),
(210, 'LA COLMENA', 1, '0000-00-00'),
(211, 'AREL', 1, '0000-00-00'),
(212, 'BIEN STAR', 1, '0000-00-00'),
(213, 'DORAL', 1, '0000-00-00'),
(214, 'KRISOL', 1, '0000-00-00'),
(215, 'MONACO', 1, '0000-00-00'),
(216, 'NAVARRA', 1, '0000-00-00'),
(217, 'ORO DE ESPAA', 1, '0000-00-00'),
(218, 'SARCE', 1, '0000-00-00'),
(219, 'KAMPIST', 1, '0000-00-00'),
(220, 'LA DELICIA', 1, '0000-00-00'),
(221, 'VIENESA', 1, '0000-00-00'),
(222, 'SIBONEY', 1, '0000-00-00'),
(223, 'MINA', 1, '0000-00-00'),
(224, 'CIMARRON GUARURA', 1, '0000-00-00'),
(225, 'CIMARRON', 1, '0000-00-00'),
(226, 'CUMBE', 1, '0000-00-00'),
(227, 'CIMARRON MALEMBE', 1, '0000-00-00'),
(228, 'KKO REAL', 1, '0000-00-00'),
(229, 'VILLA LACTEA', 1, '0000-00-00'),
(230, 'SAN MIGUEL ', 1, '0000-00-00'),
(231, 'ELLA', 1, '0000-00-00'),
(232, 'LA ESTRELLA', 1, '0000-00-00'),
(233, 'CLAUDIANA', 1, '0000-00-00'),
(234, 'MAUTA', 1, '0000-00-00'),
(235, 'QUESERAS DEL MEDIO', 1, '0000-00-00'),
(236, 'LA  RANCHERA', 1, '0000-00-00'),
(237, 'LA PERIJANERA', 1, '0000-00-00'),
(238, 'MOCOCA', 1, '0000-00-00'),
(239, 'OMELA', 1, '0000-00-00'),
(240, 'MI VACA', 1, '0000-00-00'),
(241, 'ALGARRA', 1, '0000-00-00'),
(242, 'BLANCA NUBE', 1, '0000-00-00'),
(243, 'LA PASTORA', 1, '0000-00-00'),
(244, 'ZULI', 1, '0000-00-00'),
(245, 'PALMIANDINO', 1, '0000-00-00'),
(246, 'LA PERFECTA', 1, '0000-00-00'),
(247, 'ECOLAT', 1, '0000-00-00'),
(248, 'SAVORY', 1, '0000-00-00'),
(249, 'LA PASTOREA', 1, '0000-00-00'),
(250, 'CONAPROLE', 1, '0000-00-00'),
(251, 'CENTROLAC', 1, '0000-00-00'),
(252, 'MIGURT', 1, '0000-00-00'),
(253, 'RIKESA CHEDDAR', 1, '0000-00-00'),
(254, 'LOS FRAILES', 1, '0000-00-00'),
(255, 'FRITZ ', 1, '0000-00-00'),
(256, 'GALLO NEGRO', 1, '0000-00-00'),
(257, 'LA CABAA', 1, '0000-00-00'),
(258, 'ROQUEFORT', 1, '0000-00-00'),
(259, 'PURO LOMO', 1, '0000-00-00'),
(260, 'PILI COLONIA', 1, '0000-00-00'),
(261, 'QUENACA', 1, '0000-00-00'),
(262, 'HOLANDA', 1, '0000-00-00'),
(263, 'ANANKE', 1, '0000-00-00'),
(264, 'MIRO', 1, '0000-00-00'),
(265, 'VOLENDAM', 1, '0000-00-00'),
(266, 'BUFALINDA', 1, '0000-00-00'),
(267, 'LA VACA QUE RIE', 1, '0000-00-00'),
(268, 'DALVI', 1, '0000-00-00'),
(269, 'CLADY', 1, '0000-00-00'),
(270, 'FRICO', 1, '0000-00-00'),
(271, 'SURLAT', 1, '0000-00-00'),
(272, 'PANAMERICANO', 1, '0000-00-00'),
(273, 'CASTILLA', 1, '0000-00-00'),
(274, 'CEBU', 1, '0000-00-00'),
(275, 'LA NONA FILOMENA', 1, '0000-00-00'),
(276, 'NAPOLITANA', 1, '0000-00-00'),
(277, 'YEJU', 1, '0000-00-00'),
(278, 'VICTORIA', 1, '0000-00-00'),
(279, 'agrobabu', 1, '0000-00-00'),
(280, 'LACSA', 1, '0000-00-00'),
(281, 'TORONDOY', 1, '0000-00-00'),
(282, 'PILI', 1, '0000-00-00'),
(283, 'TOSCANO', 1, '0000-00-00'),
(284, 'PACOMELA', 1, '0000-00-00'),
(285, 'IDEAL', 1, '0000-00-00'),
(286, 'ARTE', 1, '0000-00-00'),
(287, 'DON NIKO', 1, '0000-00-00'),
(288, 'MI GURT', 1, '0000-00-00'),
(289, 'BASSIL', 1, '0000-00-00'),
(290, 'MONTALBAN', 1, '0000-00-00'),
(291, 'DOA ILIA', 1, '0000-00-00'),
(292, 'FRESHT', 1, '0000-00-00'),
(293, 'ARTESANAL', 1, '0000-00-00'),
(294, 'BIDONES', 1, '0000-00-00'),
(295, 'LA ESPAOLA', 1, '0000-00-00'),
(296, 'PERUANA', 1, '0000-00-00'),
(297, 'LORETO', 1, '0000-00-00'),
(298, 'LA PEDRIZA', 1, '0000-00-00'),
(299, 'TORRENT', 1, '0000-00-00'),
(300, 'GRANJA FLOR', 1, '0000-00-00'),
(301, 'LAS FRAGATAS', 1, '0000-00-00'),
(302, 'MANZANILLA', 1, '0000-00-00'),
(303, 'FRUYPER', 1, '0000-00-00'),
(304, 'SARASA', 1, '0000-00-00'),
(305, 'MARRUECOS', 1, '0000-00-00'),
(306, 'BOQUEMAR', 1, '0000-00-00'),
(307, 'NINA', 1, '0000-00-00'),
(308, 'LA NAVARRA', 1, '0000-00-00'),
(309, 'MORRONES', 1, '0000-00-00'),
(310, 'CARCIOFINI PUCCI', 1, '0000-00-00'),
(311, 'EL CORSARIO', 1, '0000-00-00'),
(312, 'GRAN COCHE', 1, '0000-00-00'),
(313, 'MARGARITA', 1, '0000-00-00'),
(314, 'SUCRE', 1, '0000-00-00'),
(315, 'MAR BRAVA', 1, '0000-00-00'),
(316, 'MAREBLU', 1, '0000-00-00'),
(317, 'PALMERA', 1, '0000-00-00'),
(318, 'RIO MARE', 1, '0000-00-00'),
(319, 'DONZELA', 1, '0000-00-00'),
(320, 'CALIFORNIA ', 1, '0000-00-00'),
(321, 'ANTOXO', 1, '0000-00-00'),
(322, 'CHAIMAS', 1, '0000-00-00'),
(323, 'NOLLY', 1, '0000-00-00'),
(324, 'YORK', 1, '0000-00-00'),
(325, 'BETEL', 1, '0000-00-00'),
(326, 'DELIPAL', 1, '0000-00-00'),
(327, 'SNOB', 1, '0000-00-00'),
(328, 'UNDERWOOD', 1, '0000-00-00'),
(329, 'EVEBA', 1, '0000-00-00'),
(330, 'DITORIS', 1, '0000-00-00'),
(331, 'NOYA', 1, '0000-00-00'),
(332, 'VERA', 1, '0000-00-00'),
(333, 'BAHIA MARA', 1, '0000-00-00'),
(334, 'GRAN COCINA', 1, '0000-00-00'),
(335, 'DAUCY', 1, '0000-00-00'),
(336, 'DACAFEGAR', 1, '0000-00-00'),
(337, 'YARECITO', 1, '0000-00-00'),
(338, 'SOUTH PACIFIC', 1, '0000-00-00'),
(339, 'REY DEL CARIBE', 1, '0000-00-00'),
(340, 'ARRECIFE', 1, '0000-00-00'),
(341, 'ELIZA', 1, '0000-00-00'),
(342, 'MARIPIAR', 1, '0000-00-00'),
(343, 'ALFAMA', 1, '0000-00-00'),
(344, 'REINA DEL CARIBE', 1, '0000-00-00'),
(345, 'EL REY', 1, '0000-00-00'),
(346, 'FLAVOR EL TORO', 1, '0000-00-00'),
(347, 'LA GLORIA', 1, '0000-00-00'),
(348, 'CARABOBO', 1, '0000-00-00'),
(349, 'HANSF ', 1, '0000-00-00'),
(350, 'PREMIUM', 1, '0000-00-00'),
(351, 'CLUB SOCIAL', 1, '0000-00-00'),
(352, 'CHARMY', 1, '0000-00-00'),
(353, 'TIP TOP ', 1, '0000-00-00'),
(354, 'MIGUELITOS ', 1, '0000-00-00'),
(355, 'KRAKER BRAN', 1, '0000-00-00'),
(356, 'JACOBSENS', 1, '0000-00-00'),
(357, 'RIFEL', 1, '0000-00-00'),
(358, 'avenitas', 1, '0000-00-00'),
(359, 'CHOCOCHITAS', 1, '0000-00-00'),
(360, 'TAKI', 1, '0000-00-00'),
(361, 'GUAYABITA', 1, '0000-00-00'),
(362, '2 caas', 1, '0000-00-00'),
(363, 'FENIX', 1, '0000-00-00'),
(364, 'FLORA DANICA', 1, '0000-00-00'),
(365, 'HECHO ENCASA', 1, '0000-00-00'),
(366, 'NABISCO', 1, '0000-00-00'),
(367, 'ITALIA', 1, '0000-00-00'),
(368, 'CELEDONIA', 1, '0000-00-00'),
(369, 'INAICA', 1, '0000-00-00'),
(370, 'TAKY', 1, '0000-00-00'),
(371, 'GALLE-RICAS', 1, '0000-00-00'),
(372, 'SAFARI', 1, '0000-00-00'),
(373, 'LIMONCHITAS ', 1, '0000-00-00'),
(374, 'BUONA', 1, '0000-00-00'),
(375, 'VAINILLITAS', 1, '0000-00-00'),
(376, 'PANKY', 1, '0000-00-00'),
(377, 'BOA MESA', 1, '0000-00-00'),
(378, 'LE PLEIADI  ', 1, '0000-00-00'),
(379, 'SAN MICHEL', 1, '0000-00-00'),
(380, 'DIANA', 1, '0000-00-00'),
(381, 'MUELOLIVA', 1, '0000-00-00'),
(382, 'BONAFINA', 1, '0000-00-00'),
(383, 'BONA', 1, '0000-00-00'),
(384, 'CASA ', 1, '0000-00-00'),
(385, 'PERIJANERA', 1, '0000-00-00'),
(386, 'PAISA', 1, '0000-00-00'),
(387, 'LA ESTANCIA', 1, '0000-00-00'),
(388, 'FABRIPAN', 1, '0000-00-00'),
(389, 'DELARA', 1, '0000-00-00'),
(390, 'EL MAICITO', 1, '0000-00-00'),
(391, 'KEL', 1, '0000-00-00'),
(392, 'JUANA', 1, '0000-00-00'),
(393, 'PAN', 1, '0000-00-00'),
(394, 'MAIZKEL', 1, '0000-00-00'),
(395, 'ANDINITO', 1, '0000-00-00'),
(396, 'CALSA', 1, '0000-00-00'),
(397, 'ALFONZO RIVAS', 1, '0000-00-00'),
(398, 'BLANCAFLOR', 1, '0000-00-00'),
(399, 'ROBIN HOOD', 1, '0000-00-00'),
(400, 'CAFFE MOTTA', 1, '0000-00-00'),
(401, 'CREMA E GUST LAVAZZA', 1, '0000-00-00'),
(402, 'DEK LAVAZZA', 1, '0000-00-00'),
(403, 'AMANECER ', 1, '0000-00-00'),
(404, 'BRASIL', 1, '0000-00-00'),
(405, 'COFFE EL LLANERO', 1, '0000-00-00'),
(406, 'CONCAFE', 1, '0000-00-00'),
(407, 'CORDILLANO', 1, '0000-00-00'),
(408, 'SAN DOMINGO', 1, '0000-00-00'),
(409, 'IMPERIAL', 1, '0000-00-00'),
(410, 'FLOR DE PATRIA', 1, '0000-00-00'),
(411, 'SANTO DOMINGO', 1, '0000-00-00'),
(412, 'LA FLOR DE BARINAS', 1, '0000-00-00'),
(413, 'SAN ANTONIO', 1, '0000-00-00'),
(414, 'EL PEON', 1, '0000-00-00'),
(415, 'GLODEN FOODS', 1, '0000-00-00'),
(416, 'MADRID', 1, '0000-00-00'),
(417, 'TOP', 1, '0000-00-00'),
(418, 'SUCAFE', 1, '0000-00-00'),
(419, 'YUKERY', 1, '0000-00-00'),
(420, 'QUENIQUEA', 1, '0000-00-00'),
(421, 'LISTO', 1, '0000-00-00'),
(422, 'FRUTEL', 1, '0000-00-00'),
(423, 'HUESITO', 1, '0000-00-00'),
(424, 'VALFRUTTA', 1, '0000-00-00'),
(425, 'SANTAL', 1, '0000-00-00'),
(426, 'CIFRUT CITRUS', 1, '0000-00-00'),
(427, 'VALENCIA', 1, '0000-00-00'),
(428, 'NATULAC', 1, '0000-00-00'),
(429, 'TANTRA', 1, '0000-00-00'),
(430, 'GRAMOLCA', 1, '0000-00-00'),
(431, 'LA AURORA ', 1, '0000-00-00'),
(432, 'MI REINA', 1, '0000-00-00'),
(433, 'CARTACHO', 1, '0000-00-00'),
(434, 'GELITA', 1, '0000-00-00'),
(435, 'CEWA', 1, '0000-00-00'),
(436, 'KIKO', 1, '0000-00-00'),
(437, 'SWEET JELLY', 1, '0000-00-00'),
(438, 'ROYAL', 1, '0000-00-00'),
(439, 'SONRISA', 1, '0000-00-00'),
(440, 'GATORADE', 1, '0000-00-00'),
(441, 'PARLAMAT', 1, '0000-00-00'),
(442, 'PARMALAT', 1, '0000-00-00'),
(443, 'MIL Y UN PAN', 1, '0000-00-00'),
(444, 'PANINO', 1, '0000-00-00'),
(445, 'TUM BROD', 1, '0000-00-00'),
(446, 'MELEGATTI ', 1, '0000-00-00'),
(447, 'VALENTINO', 1, '0000-00-00'),
(448, 'CHICHOS', 1, '0000-00-00'),
(449, 'TMMY', 1, '0000-00-00'),
(450, 'AMERICA', 1, '0000-00-00'),
(451, 'MARMOL', 1, '0000-00-00'),
(452, 'KRIZ', 1, '0000-00-00'),
(453, 'LA NACIONAL', 1, '0000-00-00'),
(454, 'EDUARDO', 1, '0000-00-00'),
(455, 'LA SIRENA', 1, '0000-00-00'),
(456, 'LA ORIENTAL ', 1, '0000-00-00'),
(457, 'DONNA VERA', 1, '0000-00-00'),
(458, 'MI CASA', 1, '0000-00-00'),
(459, 'RONCO', 1, '0000-00-00'),
(460, 'CAPRI', 1, '0000-00-00'),
(461, 'MI MESA', 1, '0000-00-00'),
(462, 'S/N', 1, '0000-00-00'),
(463, 'CAJUN', 1, '0000-00-00'),
(464, 'TODAS', 1, '0000-00-00'),
(465, 'IMPORTADO', 1, '0000-00-00'),
(466, 'OLAICE', 1, '0000-00-00'),
(467, 'COPPELIA ', 1, '0000-00-00'),
(468, 'LA CREMERIA', 1, '0000-00-00'),
(469, 'SOFRUVER DE VENEZUELA', 1, '0000-00-00'),
(470, 'NIGRIS', 1, '0000-00-00'),
(471, 'ORINOQUIA ', 1, '0000-00-00'),
(472, 'ALBECA', 1, '0000-00-00'),
(473, 'MAYOTROPIC', 1, '0000-00-00'),
(474, 'MAILLE', 1, '0000-00-00'),
(475, 'D WILLIAM', 1, '0000-00-00'),
(476, 'DEL AVILA', 1, '0000-00-00'),
(477, 'FERGOS', 1, '0000-00-00'),
(478, 'PLAZA M', 1, '0000-00-00'),
(479, 'QUIDY', 1, '0000-00-00'),
(480, 'AMAPOLA', 1, '0000-00-00'),
(481, 'D-MAY', 1, '0000-00-00'),
(482, 'FERGO', 1, '0000-00-00'),
(483, 'HEINZ', 1, '0000-00-00'),
(484, 'INDIAN ', 1, '0000-00-00'),
(485, 'D-WILLIAMS', 1, '0000-00-00'),
(486, 'EL AVILA', 1, '0000-00-00'),
(487, 'LA CHINA ', 1, '0000-00-00'),
(488, 'TIQUIRE FLORES', 1, '0000-00-00'),
(489, 'LA YAYA', 1, '0000-00-00'),
(490, 'MOLISANA', 1, '0000-00-00'),
(491, 'PAMPERO', 1, '0000-00-00'),
(492, 'HEINZ', 1, '0000-00-00'),
(493, 'MCCORMICK', 1, '0000-00-00'),
(494, 'MR. TUNA', 1, '0000-00-00'),
(495, 'EDACA', 1, '0000-00-00'),
(496, 'TABASCO', 1, '0000-00-00'),
(497, 'RIOJAVINA', 1, '0000-00-00'),
(498, 'acetum', 1, '0000-00-00'),
(499, 'TORRIONI', 1, '0000-00-00'),
(500, 'MAVESA', 1, '0000-00-00'),
(501, 'ASTILLA', 1, '0000-00-00'),
(502, 'ROSSO DE NIGRIS', 1, '0000-00-00'),
(503, 'RIOJA', 1, '0000-00-00'),
(504, 'U.S.A', 1, '0000-00-00'),
(505, 'MALLORCA', 1, '0000-00-00'),
(506, 'CELESTIAL', 1, '0000-00-00'),
(507, 'LA CELESTIAL', 1, '0000-00-00'),
(508, 'MERU', 1, '0000-00-00'),
(509, 'SAL DE VENEZUELA', 1, '0000-00-00'),
(510, 'ESKIMO', 1, '0000-00-00'),
(511, 'ITAMBE', 1, '0000-00-00'),
(512, 'DELLA NONNA ', 1, '0000-00-00'),
(513, 'CROGINO', 1, '0000-00-00'),
(514, 'CORONA', 1, '0000-00-00'),
(515, 'LA ESMERALDA', 1, '0000-00-00'),
(516, 'OPTIMA', 1, '0000-00-00'),
(517, 'DIAMANTE', 1, '0000-00-00'),
(518, 'ENSAL', 1, '0000-00-00'),
(519, 'CAMPO RICO', 1, '0000-00-00'),
(520, 'LOS LLANOS', 1, '0000-00-00'),
(521, 'PALMI REAL', 1, '0000-00-00'),
(522, 'ORIENTE', 1, '0000-00-00'),
(523, 'VALLES DEL TURBIO', 1, '0000-00-00'),
(524, 'EL PRIMO', 1, '0000-00-00'),
(525, 'EL VALLE', 1, '0000-00-00'),
(526, 'FARALLON', 1, '0000-00-00'),
(527, 'INCOSA', 1, '0000-00-00'),
(528, 'LA GAVIOTA', 1, '0000-00-00'),
(529, 'LINA', 1, '0000-00-00'),
(530, 'MISTRAL', 1, '0000-00-00'),
(531, 'NAGUANA', 1, '0000-00-00'),
(532, 'VEENFOOD', 1, '0000-00-00'),
(533, 'CHAMBE', 1, '0000-00-00'),
(534, 'EL MORRO', 1, '0000-00-00'),
(535, 'EL PEERO', 1, '0000-00-00'),
(536, 'CASTILLO DE ORO', 1, '0000-00-00'),
(537, 'KRAFT', 1, '0000-00-00'),
(538, 'KRATF', 1, '0000-00-00'),
(539, 'LA RENDIDORA', 1, '0000-00-00'),
(540, 'NACIONAL', 1, '0000-00-00'),
(541, 'ANACOCO', 1, '0000-00-00'),
(542, 'ARROZERO', 1, '0000-00-00'),
(543, 'BLANQUITO', 1, '0000-00-00'),
(544, 'CAMPO ARROZ', 1, '0000-00-00'),
(545, 'COGOYAL', 1, '0000-00-00'),
(546, 'DOAA ALICIA', 1, '0000-00-00'),
(547, 'DOA EMILIASA', 1, '0000-00-00'),
(548, 'EL CHIMITO', 1, '0000-00-00'),
(549, 'EL TRIUNFADOR', 1, '0000-00-00'),
(550, 'ELITE', 1, '0000-00-00'),
(551, 'GLORIA', 1, '0000-00-00'),
(552, 'GRAN MARQUES', 1, '0000-00-00'),
(553, 'LA CAROLINA ', 1, '0000-00-00'),
(554, 'LA CHINITA', 1, '0000-00-00'),
(555, 'LA CONQUISTA', 1, '0000-00-00'),
(556, 'LA MOLINERA', 1, '0000-00-00'),
(557, 'LA PAJARITA', 1, '0000-00-00'),
(558, 'LUISANA', 1, '0000-00-00'),
(559, 'MOLINCA', 1, '0000-00-00'),
(560, 'MONICA', 1, '0000-00-00'),
(561, 'MOITO', 1, '0000-00-00'),
(562, 'SOJO', 1, '0000-00-00'),
(563, 'VIGOR', 1, '0000-00-00'),
(564, 'CORRALITO', 1, '0000-00-00'),
(565, 'D PALERMO', 1, '0000-00-00'),
(566, 'SADILAR', 1, '0000-00-00'),
(567, 'PALDI', 1, '0000-00-00'),
(568, 'PANORAMA', 1, '0000-00-00'),
(569, 'UPACA', 1, '0000-00-00'),
(570, 'DOA LUISA', 1, '0000-00-00'),
(571, 'LA CAMPESTRE', 1, '0000-00-00'),
(572, 'LA MONTAA', 1, '0000-00-00'),
(573, 'LA SABANA ', 1, '0000-00-00'),
(574, 'LOMA LINDA', 1, '0000-00-00'),
(575, 'MI QUERENCIA', 1, '0000-00-00'),
(576, 'SAN ONOFRE', 1, '0000-00-00'),
(577, 'VALLE HONDO', 1, '0000-00-00'),
(578, 'ZULI CRECIMILK', 1, '0000-00-00'),
(579, 'SUR DEL LAGO ', 1, '0000-00-00'),
(580, 'LA CAMPIA', 1, '0000-00-00'),
(581, 'BOLIVAR VUELVE', 1, '0000-00-00'),
(582, 'SULI MILK ', 1, '0000-00-00'),
(583, 'SEBASTIAN/ NORLECHE', 1, '0000-00-00'),
(584, 'DANA MILK', 1, '0000-00-00'),
(585, 'DOA ELENA', 1, '0000-00-00'),
(586, 'LA DANESA', 1, '0000-00-00'),
(587, 'FLEISCHM ', 1, '0000-00-00'),
(588, 'LLANO ANDES', 1, '0000-00-00'),
(589, 'GUANAGUANARE', 1, '0000-00-00'),
(590, 'KONFINT', 1, '0000-00-00'),
(591, 'abeja tachirense', 1, '0000-00-00'),
(592, 'acarigua', 1, '0000-00-00'),
(593, 'CAMPO DEL SOL', 1, '0000-00-00'),
(594, 'CAZTA', 1, '0000-00-00'),
(595, 'COMAZUCAR', 1, '0000-00-00'),
(596, 'CORPVENGA', 1, '0000-00-00'),
(597, 'DEL SUR', 1, '0000-00-00'),
(598, 'DON AMABLE', 1, '0000-00-00'),
(599, 'DON ESTEBAN ', 1, '0000-00-00'),
(600, 'DOA BARBARA', 1, '0000-00-00'),
(601, 'DOA GAUDY', 1, '0000-00-00'),
(602, 'DOA JUANA', 1, '0000-00-00'),
(603, 'DOA VICTORIA', 1, '0000-00-00'),
(604, 'DULCE CARMELITA', 1, '0000-00-00'),
(605, 'EL CARDENALITO', 1, '0000-00-00'),
(606, 'EL CENTAURO', 1, '0000-00-00'),
(607, 'EL RICO MELAO', 1, '0000-00-00'),
(608, 'GRAMAL', 1, '0000-00-00'),
(609, 'GRECO', 1, '0000-00-00'),
(610, 'JACINTO', 1, '0000-00-00'),
(611, 'JAYMAR', 1, '0000-00-00'),
(612, 'LA ANDINITA', 1, '0000-00-00'),
(613, 'LA BENDICIN', 1, '0000-00-00'),
(614, 'LA BONITA', 1, '0000-00-00'),
(615, 'LA COLINA', 1, '0000-00-00'),
(616, 'LA CONCEPCION', 1, '0000-00-00'),
(617, 'LA CONSOLACION', 1, '0000-00-00'),
(618, 'LA LIDER', 1, '0000-00-00'),
(619, 'LA MERIDEA', 1, '0000-00-00'),
(620, 'LA MILAGROSA', 1, '0000-00-00'),
(621, 'LA TRUJILLANA', 1, '0000-00-00'),
(622, 'LAS BREAS', 1, '0000-00-00'),
(623, 'MARTINA', 1, '0000-00-00'),
(624, 'MONTERREY', 1, '0000-00-00'),
(625, 'MORERE', 1, '0000-00-00'),
(626, 'NISI', 1, '0000-00-00'),
(627, 'OCCIDENTE', 1, '0000-00-00'),
(628, 'PARAMILLO', 1, '0000-00-00'),
(629, 'PORTUGUESA', 1, '0000-00-00'),
(630, 'REY DAVID', 1, '0000-00-00'),
(631, 'SAN GREGORIO', 1, '0000-00-00'),
(632, 'SANTA BARBARA', 1, '0000-00-00'),
(633, 'TACHIRENSE', 1, '0000-00-00'),
(634, 'VALLE REAL', 1, '0000-00-00'),
(635, 'ISABEL', 1, '0000-00-00'),
(636, 'SANTA MARIA', 1, '0000-00-00'),
(637, 'ATLANTIC QUEEN', 1, '0000-00-00'),
(638, 'CAPITAN DEL MAR', 1, '0000-00-00'),
(639, 'EL NORTEO', 1, '0000-00-00'),
(640, 'GARAVILLA', 1, '0000-00-00'),
(641, 'MAR AZUL', 1, '0000-00-00'),
(642, 'MARBELLA', 1, '0000-00-00'),
(643, 'PARAGUANA', 1, '0000-00-00'),
(644, 'PEERO', 1, '0000-00-00'),
(645, 'TODASANA', 1, '0000-00-00'),
(646, 'MAR CARIBE', 1, '0000-00-00'),
(647, 'DEL MAR', 1, '0000-00-00'),
(648, 'CHEF', 1, '0000-00-00'),
(649, 'ORISOL', 1, '0000-00-00'),
(650, 'MAZEITE', 1, '0000-00-00'),
(651, 'LA JOYA', 1, '0000-00-00'),
(652, 'AMBAR ', 1, '0000-00-00'),
(653, 'BRANCA', 1, '0000-00-00'),
(654, 'BUNGE', 1, '0000-00-00'),
(655, 'CORCOVADO ', 1, '0000-00-00'),
(656, 'ENABAS', 1, '0000-00-00'),
(657, 'FRIGI', 1, '0000-00-00'),
(658, 'ITAL SOYA', 1, '0000-00-00'),
(659, 'NATUROIL', 1, '0000-00-00'),
(660, 'OLY', 1, '0000-00-00'),
(661, 'ORIENTAL', 1, '0000-00-00'),
(662, 'PORTUMESA', 1, '0000-00-00'),
(663, 'SANTA LUCIA', 1, '0000-00-00'),
(664, 'SIGLO DE ORO', 1, '0000-00-00'),
(665, 'STEPHANY', 1, '0000-00-00'),
(666, 'VATEL', 1, '0000-00-00'),
(667, 'LDER', 1, '0000-00-00'),
(668, 'MARISOL', 1, '0000-00-00'),
(669, 'SADIA', 1, '0000-00-00'),
(670, 'SOYA     ', 1, '0000-00-00'),
(671, 'CRAVO', 1, '0000-00-00'),
(672, 'MIRASOL', 1, '0000-00-00'),
(673, 'MAZORCA', 1, '0000-00-00'),
(674, 'DEMASA', 1, '0000-00-00'),
(675, 'EL SILBON', 1, '0000-00-00'),
(676, 'LOS ANGELES', 1, '0000-00-00'),
(677, 'RICAMASA', 1, '0000-00-00'),
(678, 'SANTA BARBARA ', 1, '0000-00-00'),
(679, 'DULCE MAR ', 1, '0000-00-00'),
(680, 'EL TUNAL ', 1, '0000-00-00'),
(681, 'RIO REAL', 1, '0000-00-00'),
(682, 'CHICHI', 1, '0000-00-00'),
(683, 'DON EMA', 1, '0000-00-00'),
(684, 'SAN BLAS', 1, '0000-00-00'),
(685, 'ANZOATEGUI', 1, '0000-00-00'),
(686, 'AROMA', 1, '0000-00-00'),
(687, 'BUEN CAFE', 1, '0000-00-00'),
(688, 'CARMENCITA', 1, '0000-00-00'),
(689, 'CREMA DE GUSTO', 1, '0000-00-00'),
(690, 'FAMA DE AMERICA', 1, '0000-00-00'),
(691, 'FILA RICA', 1, '0000-00-00'),
(692, 'FLOR DEL VALLE', 1, '0000-00-00'),
(693, 'LAVAZZA', 1, '0000-00-00'),
(694, 'REDIAL', 1, '0000-00-00'),
(695, 'SUERTE', 1, '0000-00-00'),
(696, 'TOVAREO', 1, '0000-00-00'),
(697, 'QUALITA ROSSA', 1, '0000-00-00'),
(698, 'EL MAIZAL', 1, '0000-00-00'),
(699, 'SANTA ROSA', 1, '0000-00-00'),
(700, 'GRANAL', 1, '0000-00-00'),
(701, 'MATA DE CAA', 1, '0000-00-00'),
(702, 'SAZONADAS DEL MONTE', 1, '0000-00-00'),
(703, 'SUBLIME', 1, '0000-00-00'),
(704, 'ALLEGRI', 1, '0000-00-00'),
(705, 'GRAN SEORA', 1, '0000-00-00'),
(706, 'LA ESPECIAL', 1, '0000-00-00'),
(707, 'SINDONI', 1, '0000-00-00'),
(708, 'GALO ', 1, '0000-00-00'),
(709, 'LA COMISANA', 1, '0000-00-00'),
(710, 'ITALPASTA', 1, '0000-00-00'),
(711, 'FARFALLE', 1, '0000-00-00'),
(712, 'GARAFALO', 1, '0000-00-00'),
(713, 'REGAL', 1, '0000-00-00'),
(714, 'ARBELLA ', 1, '0000-00-00'),
(715, 'LA REINA', 1, '0000-00-00'),
(716, 'PASTARICA', 1, '0000-00-00'),
(717, 'SANTA AMALIA', 1, '0000-00-00'),
(718, 'MIMESA', 1, '0000-00-00'),
(719, 'PROTINAL', 1, '0000-00-00'),
(720, 'DOGPLUS', 1, '0000-00-00'),
(721, 'INTERFOIL', 1, '0000-00-00'),
(722, 'MAXIFOL ', 1, '0000-00-00'),
(723, 'ALNAFOL', 1, '0000-00-00'),
(724, 'alcasafoil', 1, '0000-00-00'),
(725, 'MAXI FOIL ', 1, '0000-00-00'),
(726, 'ALUCASA', 1, '0000-00-00'),
(727, 'SMART HOME', 1, '0000-00-00'),
(728, 'adicora', 1, '0000-00-00'),
(729, 'BILL BUFALO', 1, '0000-00-00'),
(730, 'RINDEX', 1, '0000-00-00'),
(731, 'KARINA', 1, '0000-00-00'),
(732, 'EASYCLEAN ', 1, '0000-00-00'),
(733, 'PRIMIUM', 1, '0000-00-00'),
(734, 'OSO PANDA', 1, '0000-00-00'),
(735, 'MORA PREMIUM', 1, '0000-00-00'),
(736, 'MAS ', 1, '0000-00-00'),
(737, 'MR MUSCULO ', 1, '0000-00-00'),
(738, 'BABY LOTION', 1, '0000-00-00'),
(739, 'DURACELL', 1, '0000-00-00'),
(740, 'IZY PACK', 1, '0000-00-00'),
(741, 'IZYPACK', 1, '0000-00-00'),
(742, 'SOFRUVER', 1, '0000-00-00'),
(743, 'IZY PACK SLIDER', 1, '0000-00-00'),
(744, 'BESTCAMP', 1, '0000-00-00'),
(745, 'THE BELLES', 1, '0000-00-00'),
(746, 'BESTWAY', 1, '0000-00-00'),
(747, 'MR BEST', 1, '0000-00-00'),
(748, 'EVOL', 1, '0000-00-00'),
(749, 'DILLE', 1, '0000-00-00'),
(750, 'KANNY HOGAR', 1, '0000-00-00'),
(751, 'DOVE', 1, '0000-00-00'),
(752, 'DIOXOGEN', 1, '0000-00-00'),
(753, 'COLGATE ', 1, '0000-00-00'),
(754, 'LIFE QUALITY ', 1, '0000-00-00'),
(755, 'HEAD & SHOULDERS', 1, '0000-00-00'),
(756, 'PANTENE', 1, '0000-00-00'),
(757, 'HERBAL ESSENCES', 1, '0000-00-00'),
(758, 'SANTA IVES', 1, '0000-00-00'),
(759, 'SEDAL', 1, '0000-00-00'),
(760, 'NUTRIHAIR', 1, '0000-00-00'),
(761, 'GILLETE BLUE  ', 1, '0000-00-00'),
(762, 'GILLETTE ', 1, '0000-00-00'),
(763, 'BLUE GILLETE', 1, '0000-00-00'),
(764, 'ICE GILLETTE', 1, '0000-00-00'),
(765, 'AXE', 1, '0000-00-00'),
(766, 'VALMY', 1, '0000-00-00'),
(767, 'CARAVELL', 1, '0000-00-00'),
(768, 'BIODEN ', 1, '0000-00-00'),
(769, 'PERT PLUS', 1, '0000-00-00'),
(770, 'CAREY', 1, '0000-00-00'),
(771, 'FRESH ONES ', 1, '0000-00-00'),
(772, 'TOMME', 1, '0000-00-00'),
(773, 'BUDS', 1, '0000-00-00'),
(774, 'BODY MILK', 1, '0000-00-00'),
(775, 'TROPICAL MAGIC ', 1, '0000-00-00'),
(776, 'ESMEDENT', 1, '0000-00-00'),
(777, 'FRESH DENT KIDS  ', 1, '0000-00-00'),
(778, 'CREST', 1, '0000-00-00'),
(779, 'ORAL B', 1, '0000-00-00'),
(780, 'FRESH DENT', 1, '0000-00-00'),
(781, 'REXONA', 1, '0000-00-00'),
(782, 'BRUT REVOLUT', 1, '0000-00-00'),
(783, 'FULL FORCE', 1, '0000-00-00'),
(784, 'GARNIER', 1, '0000-00-00'),
(785, 'BRUT', 1, '0000-00-00'),
(786, 'MENNEN SPEED STICK ', 1, '0000-00-00'),
(787, 'LADIES SCENT', 1, '0000-00-00'),
(788, 'DANCE ', 1, '0000-00-00'),
(789, 'GILLETE', 1, '0000-00-00'),
(790, 'MUM', 1, '0000-00-00'),
(791, 'CRYSTAL ', 1, '0000-00-00'),
(792, 'PLANK ATTECK', 1, '0000-00-00'),
(793, 'X-TREME', 1, '0000-00-00'),
(794, 'SAFEGUARD', 1, '0000-00-00'),
(795, 'RUBIS', 1, '0000-00-00'),
(796, 'DALAN', 1, '0000-00-00'),
(797, 'DENU', 1, '0000-00-00'),
(798, 'CINDY', 1, '0000-00-00'),
(799, 'FAX KPEM', 1, '0000-00-00'),
(800, 'PROTEX', 1, '0000-00-00'),
(801, 'CLARITY', 1, '0000-00-00'),
(802, 'LIRIO', 1, '0000-00-00'),
(803, 'FAX ', 1, '0000-00-00'),
(804, 'DALAN FAMILY', 1, '0000-00-00'),
(805, 'PALMOLIVE', 1, '0000-00-00'),
(806, 'LAS LLAVES', 1, '0000-00-00'),
(807, 'PRESTOBARBA', 1, '0000-00-00'),
(808, 'SUPER MAX', 1, '0000-00-00'),
(809, 'SUPER CROMA PLUS', 1, '0000-00-00'),
(810, 'Ultragrip', 1, '0000-00-00'),
(811, 'RENOVA', 1, '0000-00-00'),
(812, 'FUSH', 1, '0000-00-00'),
(813, 'SECRET ', 1, '0000-00-00'),
(814, 'FABIANNE', 1, '0000-00-00'),
(815, 'CANFOR', 1, '0000-00-00'),
(816, 'OKI', 1, '0000-00-00'),
(817, 'HAIER', 1, '0000-00-00'),
(818, 'TAURUS', 1, '0000-00-00'),
(819, 'BAYGON', 1, '0000-00-00'),
(820, 'RAID', 1, '0000-00-00'),
(821, 'SOMA', 1, '0000-00-00'),
(822, 'ECOLAND', 1, '0000-00-00'),
(823, 'CHEMCO', 1, '0000-00-00'),
(824, 'ATAKO', 1, '0000-00-00'),
(825, 'KIK CLEAN', 1, '0000-00-00'),
(826, 'ECOCLEAN', 1, '0000-00-00'),
(827, 'FRAGANTI', 1, '0000-00-00'),
(828, 'KLORO', 1, '0000-00-00'),
(829, 'BLIN', 1, '0000-00-00'),
(830, 'DETERLIMP', 1, '0000-00-00'),
(831, 'PROVINCIA ', 1, '0000-00-00'),
(832, 'ace', 1, '0000-00-00'),
(833, 'ARIEL', 1, '0000-00-00'),
(834, 'abc', 1, '0000-00-00'),
(835, 'MIO', 1, '0000-00-00'),
(836, 'CLEANNING ', 1, '0000-00-00'),
(837, 'SOFTY', 1, '0000-00-00'),
(838, 'VALE', 1, '0000-00-00'),
(839, 'CARICIA ', 1, '0000-00-00'),
(840, 'GRASSOF', 1, '0000-00-00'),
(841, 'AXION ', 1, '0000-00-00'),
(842, 'OSIREX', 1, '0000-00-00'),
(843, 'EASY OFF', 1, '0000-00-00'),
(844, 'GRASSOFF ', 1, '0000-00-00'),
(845, 'DOWNY', 1, '0000-00-00'),
(846, 'VANITY', 1, '0000-00-00'),
(847, 'SOFLAN ', 1, '0000-00-00'),
(848, 'VIETVEN', 1, '0000-00-00'),
(849, 'FRESKESITO', 1, '0000-00-00'),
(850, 'PAMPERS ', 1, '0000-00-00'),
(851, 'FLEXI', 1, '0000-00-00'),
(852, 'BABY KINDER    ', 1, '0000-00-00'),
(853, 'BABY', 1, '0000-00-00'),
(854, 'CHIQUILIN', 1, '0000-00-00'),
(855, 'BABY LOOK ', 1, '0000-00-00'),
(856, 'GUAYUCO', 1, '0000-00-00'),
(857, 'DONCELLA', 1, '0000-00-00'),
(858, 'NATURELLA', 1, '0000-00-00'),
(859, 'ALWAYS', 1, '0000-00-00'),
(860, 'TESS', 1, '0000-00-00'),
(861, 'ERES', 1, '0000-00-00'),
(862, 'ERES UNICA', 1, '0000-00-00'),
(863, 'COTTON FRESH ', 1, '0000-00-00'),
(864, 'SELVA', 1, '0000-00-00'),
(865, 'PROPAPEL', 1, '0000-00-00'),
(866, 'DIDACTA', 1, '0000-00-00'),
(867, 'BICENTENARIO', 1, '0000-00-00'),
(868, 'ALPES', 1, '0000-00-00'),
(869, 'AIRBUNGY', 1, '0000-00-00'),
(870, 'SIMS', 1, '0000-00-00'),
(871, 'ELEFANTE', 1, '0000-00-00'),
(872, 'DAHLI', 1, '0000-00-00'),
(873, 'POINTER', 1, '0000-00-00'),
(874, 'BAMBOO', 1, '0000-00-00'),
(875, 'DISCO ORO', 1, '0000-00-00'),
(876, 'DISTRICA DISTRIBUIDORA', 1, '0000-00-00'),
(877, 'FANDEC', 1, '0000-00-00'),
(878, 'GRANCO', 1, '0000-00-00'),
(879, 'FILM', 1, '0000-00-00'),
(880, 'GUAYANA', 1, '0000-00-00'),
(881, 'NATUVEN ', 1, '0000-00-00'),
(882, 'PLAST KIN', 1, '0000-00-00'),
(883, 'SINGAPUR', 1, '0000-00-00'),
(884, 'FAVENCA', 1, '0000-00-00'),
(885, 'ROSAL', 1, '0000-00-00'),
(886, 'MAJESTIC QUILITY', 1, '0000-00-00'),
(887, 'FLORAL', 1, '0000-00-00'),
(888, 'JAZMIN', 1, '0000-00-00'),
(889, 'SCOTT   ', 1, '0000-00-00'),
(890, 'SELECT', 1, '0000-00-00'),
(891, 'SUTIL ', 1, '0000-00-00'),
(892, 'CETI', 1, '0000-00-00'),
(893, 'MAJESTIC', 1, '0000-00-00'),
(894, 'BRILUX', 1, '0000-00-00'),
(895, 'FAVORITA', 1, '0000-00-00'),
(896, 'POPULAR', 1, '0000-00-00'),
(897, 'HOUSEHOLD NAPKINS', 1, '0000-00-00'),
(898, 'PAVECA', 1, '0000-00-00'),
(899, 'TOWELLS MARACAY', 1, '0000-00-00'),
(900, 'VEE', 1, '0000-00-00'),
(901, 'EAGLE ', 1, '0000-00-00'),
(902, 'EXCLAMATION', 1, '0000-00-00'),
(903, 'EAGLE COLLECTIONS', 1, '0000-00-00'),
(904, 'SCHOOL BLUES FOR GIRLS', 1, '0000-00-00'),
(905, 'SAN BENITO ', 1, '0000-00-00'),
(906, 'SAN ANDRES', 1, '0000-00-00'),
(907, 'Punto Rojo', 1, '0000-00-00'),
(908, 'cerelac nan', 1, '2016-03-26'),
(909, 'pepitona', 1, '2016-04-03'),
(910, 'Doa Emila', 1, '2016-07-02'),
(911, '3 sabrs', 1, '2016-07-02'),
(912, 'la grilla', 1, '2016-07-02'),
(913, 'El grasol 22', 1, '2015-10-05'),
(914, 'la kigua', 1, '2016-07-02'),
(915, 'mil sabor', 1, '2016-07-02'),
(916, 'pepsco', 1, '2016-07-03'),
(917, 'pepsco 222', 1, '2016-07-03'),
(918, 'pepscos', 1, '2016-07-03'),
(919, '', 1, '2017-04-30'),
(920, '', 1, '2017-04-30');

-- --------------------------------------------------------

--
-- Table structure for table `marca_transporte`
--

CREATE TABLE `marca_transporte` (
  `id_marca` int(11) NOT NULL,
  `nombre_marca` varchar(100) COLLATE utf8_spanish_ci NOT NULL,
  `estatus_marca` int(11) NOT NULL,
  `fecha_creacion` date NOT NULL
) ENGINE=InnoDB DEFAULT CHARSET=utf8 COLLATE=utf8_spanish_ci;

--
-- Dumping data for table `marca_transporte`
--

INSERT INTO `marca_transporte` (`id_marca`, `nombre_marca`, `estatus_marca`, `fecha_creacion`) VALUES
(1, 'chevrolet', 1, '2016-07-02'),
(2, 'ford', 1, '2016-07-02'),
(3, 'volvo', 1, '2016-07-02'),
(4, 'iveco', 1, '2016-07-02'),
(5, 'pegaso', 1, '2016-07-02'),
(6, 'hyundai', 1, '2016-07-02'),
(7, 'freightliner', 1, '2016-07-02'),
(8, 'mack', 1, '2016-07-02'),
(9, 'Toyota', 1, '2016-07-03');

-- --------------------------------------------------------

--
-- Table structure for table `modulo`
--

CREATE TABLE `modulo` (
  `id_modulo` int(11) NOT NULL,
  `nombre_modulo` char(60) COLLATE utf8_spanish_ci DEFAULT NULL,
  `descripcion_modulo` char(100) COLLATE utf8_spanish_ci DEFAULT NULL,
  `ga_table_system_id` int(11) DEFAULT NULL,
  `url_modulo` varchar(150) COLLATE utf8_spanish_ci NOT NULL,
  `icon_modulo` char(40) COLLATE utf8_spanish_ci DEFAULT NULL,
  `posicion_modulo` int(2) DEFAULT NULL,
  `estatus_modulo` int(1) DEFAULT NULL,
  `clave_modulo` varchar(30) COLLATE utf8_spanish_ci NOT NULL,
  `fecha_creado` date DEFAULT NULL,
  `usuario_creado` int(11) DEFAULT NULL,
  `fecha_ult_act` date DEFAULT NULL,
  `usuario_ult_act` int(11) DEFAULT NULL,
  `condicion_carga` varchar(250) COLLATE utf8_spanish_ci DEFAULT NULL COMMENT 'condicion para el where del selec de carga de la tabla'
) ENGINE=InnoDB DEFAULT CHARSET=utf8 COLLATE=utf8_spanish_ci;

--
-- Dumping data for table `modulo`
--

INSERT INTO `modulo` (`id_modulo`, `nombre_modulo`, `descripcion_modulo`, `ga_table_system_id`, `url_modulo`, `icon_modulo`, `posicion_modulo`, `estatus_modulo`, `clave_modulo`, `fecha_creado`, `usuario_creado`, `fecha_ult_act`, `usuario_ult_act`, `condicion_carga`) VALUES
(1, 'Compras', 'modulo que gestiona las compras de la organizacion', NULL, 'compra/index', 'fa fa-shopping-cart', 2, 1, 'compra', NULL, NULL, NULL, NULL, NULL),
(2, 'Ventas', 'modulo que gestiona las ventas de la organizacion', NULL, 'transaccion/abastecimiento/index', 'fa fa-calculator', 3, 1, 'venta', NULL, NULL, NULL, NULL, NULL),
(3, 'Almacen', 'modulo que gestiona el inventario de la organizacion', NULL, 'almacen/index', 'fa fa-building-o', 3, 1, 'almacen', NULL, NULL, NULL, NULL, NULL),
(4, 'Contabilidad General', 'modulo que gestiona la administracion del negocio', NULL, 'configuracion/index', 'fa fa-balance-scale', 5, 9, 'administracion', NULL, NULL, NULL, NULL, NULL),
(5, 'Finanzas', 'modulo que gestiona la administracion de la organizacion', NULL, 'reporte/index', 'fa fa-bar-chart', 4, 1, 'reporte', NULL, NULL, NULL, NULL, NULL),
(8, 'Gestion de Produccion', 'modulo que gestiona las transacciones de almacan en la organizacion', NULL, 'transaccion/almacen/index', 'fa fa-cogs', 6, 9, 'almacen', NULL, NULL, NULL, NULL, NULL),
(9, 'Seguridad', 'Modulo de seguridad de la organizacion', NULL, 'operacion/index', 'fa fa-lock', 8, 1, 'seguridad', NULL, NULL, NULL, NULL, NULL),
(10, 'Configuracion', 'Modulo que controla la seguridad', NULL, 'configuracion/index', 'fa fa-wrench', 9, 1, 'configuracion', NULL, NULL, NULL, NULL, NULL),
(11, 'Esdisticas e Informes', 'Modulo que gestiona los Repores de la Organizacion', NULL, 'reporte/index', 'fa fa-print', 7, 1, 'informe', NULL, NULL, NULL, NULL, NULL),
(12, 'Gestion de Desarrollo', 'Modulo que gestion posibles desarrollos', NULL, 'desarrollo/index', 'fa fa-code', 10, 9, 'desarrollo', NULL, NULL, NULL, NULL, NULL),
(15, 'Logistica', 'gestion de logistica', NULL, 'logistica/index', '..', 13, 9, 'logistica', NULL, NULL, NULL, NULL, NULL),
(16, 'Gestion CRM', 'Gestionas las relaciones con los cliente', NULL, 'crm/index/', 'fa fa-coffee', 12, 9, 'crm', NULL, NULL, NULL, NULL, NULL),
(18, 'Gestion de Cobranza', 'modulo para la gestion de cobros', NULL, 'cobranza/index/', '.', 15, 9, 'cobranza', NULL, NULL, NULL, NULL, NULL),
(19, 'Gestion RRHH', 'modulo de gestion de recursos humanos', NULL, 'rrhh/index', 'fa fa-users', 14, 9, 'rrhh', NULL, NULL, NULL, NULL, NULL),
(20, 'Gestion de Archivos', 'modulo que gestiona los archivos maestros', NULL, 'archivo/index', 'fa fa-folder-open', 1, 9, 'archivo', NULL, NULL, NULL, NULL, NULL);

-- --------------------------------------------------------

--
-- Table structure for table `movimiento`
--

CREATE TABLE `movimiento` (
  `id_movimiento` int(11) NOT NULL COMMENT 'identificador clave primaria de la tabla',
  `fecha_creacion` date NOT NULL COMMENT 'fecha de creacion del movimiento',
  `tipo_movimiento` int(11) NOT NULL COMMENT 'clave foranea, nro de tipo de movimiento ',
  `tipo_doc_ori` int(11) NOT NULL COMMENT 'clave foranea, tipo de documento que origino el movimiento ',
  `nro_doc_ori` int(11) NOT NULL COMMENT 'clave foranea, nro del documento que origino el movimineto ',
  `estatus_movimiento` int(1) NOT NULL COMMENT 'estatus del movimiento',
  `observacion_movimiento` varchar(100) COLLATE utf8_spanish_ci NOT NULL COMMENT 'observaciones del movimiento',
  `deposito_movimiento` int(11) NOT NULL COMMENT 'deposito donde se realiza el movimiento'
) ENGINE=InnoDB DEFAULT CHARSET=utf8 COLLATE=utf8_spanish_ci;

--
-- Dumping data for table `movimiento`
--

INSERT INTO `movimiento` (`id_movimiento`, `fecha_creacion`, `tipo_movimiento`, `tipo_doc_ori`, `nro_doc_ori`, `estatus_movimiento`, `observacion_movimiento`, `deposito_movimiento`) VALUES
(1, '2016-06-09', 1, 0, 0, 0, '', 3),
(2, '2016-06-09', 1, 0, 0, 0, '', 2),
(3, '2016-06-09', 1, 0, 0, 1, '', 2),
(4, '2016-06-09', 1, 0, 0, 9, 'PRUEBA', 2),
(5, '2016-07-05', 1, 0, 0, 1, 'PRUEBA', 3);

-- --------------------------------------------------------

--
-- Table structure for table `municipio`
--

CREATE TABLE `municipio` (
  `id_municipio` int(11) NOT NULL,
  `descripcion_municipio` varchar(100) COLLATE utf8_spanish_ci NOT NULL,
  `fecha_creacion` date NOT NULL,
  `estatus_municipio` int(11) NOT NULL,
  `estado_id` int(11) NOT NULL,
  `empresa_id` int(11) NOT NULL
) ENGINE=InnoDB DEFAULT CHARSET=utf8 COLLATE=utf8_spanish_ci;

--
-- Dumping data for table `municipio`
--

INSERT INTO `municipio` (`id_municipio`, `descripcion_municipio`, `fecha_creacion`, `estatus_municipio`, `estado_id`, `empresa_id`) VALUES
(1, 'araure', '2016-07-02', 1, 2, 0),
(2, 'paez', '2016-07-02', 1, 2, 0),
(3, 'papel', '2016-07-02', 1, 2, 0),
(4, 'guanare', '2016-07-02', 1, 2, 0),
(5, 'guanarito', '2016-07-02', 1, 2, 0),
(6, 'agua blanca', '2016-07-02', 1, 2, 0),
(7, 'esteller', '2016-07-02', 1, 2, 0),
(8, 'ospino', '2016-07-02', 1, 2, 0),
(9, 'san genaro de boconoito', '2016-07-02', 1, 2, 0),
(10, 'unda', '2016-07-02', 1, 2, 0),
(11, 'santa rosalia', '2016-07-02', 1, 2, 0),
(12, 'sucre', '2016-07-02', 1, 2, 0),
(13, 'san rafael de onoto', '2016-07-02', 1, 2, 0),
(14, 'turen', '2016-07-02', 1, 2, 0),
(15, 'alto orinoco', '2016-07-02', 1, 11, 0),
(16, 'atabapo', '2016-07-02', 1, 11, 0),
(17, 'atures', '2016-07-02', 1, 11, 0),
(18, 'autana', '2016-07-02', 1, 11, 0),
(19, 'manapiare', '2016-07-02', 1, 11, 0),
(20, 'maroa', '2016-07-02', 1, 11, 0),
(21, 'rio negro', '2016-07-02', 1, 11, 0),
(22, 'anaco', '2016-07-02', 1, 12, 0),
(23, 'aragua', '2016-07-02', 1, 12, 0),
(24, 'bolivar', '2016-07-02', 1, 12, 0),
(25, 'bruzual', '2016-07-02', 1, 12, 0),
(26, 'cajigal', '2016-07-02', 1, 12, 0),
(27, 'achaguas', '2016-07-02', 1, 13, 0),
(28, 'biruaca', '2016-07-02', 1, 13, 0),
(29, 'munoz', '2016-07-02', 1, 13, 0),
(30, 'paez', '2016-07-02', 1, 13, 0),
(31, 'pedro camejo', '2016-07-02', 1, 13, 0),
(32, 'romulo gallegos', '2016-07-02', 1, 13, 0),
(33, 'san fernando', '2016-07-02', 1, 13, 0),
(34, 'bolivar', '2016-07-02', 1, 8, 0),
(35, 'camatagua', '2016-07-02', 1, 8, 0),
(36, 'francisco linares alcantara', '2016-07-02', 1, 8, 0),
(37, 'girardot', '2016-07-02', 1, 8, 0),
(38, 'jose angel lamas', '2016-07-02', 1, 8, 0),
(39, 'jose felix ribas', '2016-07-02', 1, 8, 0),
(40, 'alberto arvelo torrealba', '2016-07-02', 1, 5, 0),
(41, 'andres eloy blanco', '2016-07-02', 1, 5, 0),
(42, 'antonio jose de sucre', '2016-07-02', 1, 5, 0),
(43, 'arismendi', '2016-07-02', 1, 5, 0),
(44, 'barinas', '2016-07-02', 1, 5, 0),
(45, 'caroni', '2016-07-02', 1, 14, 0),
(46, 'cedeno', '2016-07-02', 1, 14, 0),
(47, 'el callao', '2016-07-02', 1, 14, 0),
(48, 'gran sabana', '2016-07-02', 1, 14, 0),
(49, 'heres', '2016-07-02', 1, 14, 0),
(50, 'piar', '2016-07-02', 1, 14, 0),
(51, 'bejuma', '2016-07-02', 1, 9, 0),
(52, 'carlos arvelo', '2016-07-02', 1, 9, 0),
(53, 'diego ibarra', '2016-07-02', 1, 9, 0),
(54, 'guacara', '2016-07-02', 1, 9, 0),
(55, 'juan jose mora', '2016-07-02', 1, 9, 0),
(56, 'libertador', '2016-07-02', 1, 9, 0),
(57, 'anzoategui', '2016-07-02', 1, 16, 0),
(58, 'falcon', '2016-07-02', 1, 16, 0),
(59, 'girardot', '2016-07-02', 1, 16, 0),
(60, 'lima blanco', '2016-07-02', 1, 16, 0),
(61, 'pao de san juan bautista', '2016-07-02', 1, 16, 0),
(62, 'ricaurte', '2016-07-02', 1, 16, 0),
(63, 'romulo gallegos', '2016-07-02', 1, 16, 0),
(64, 'antonio diaz', '2016-07-02', 1, 15, 0),
(65, 'casacoima', '2016-07-02', 1, 15, 0),
(66, 'pedernales', '2016-07-02', 1, 15, 0),
(67, 'tucupita', '2016-07-02', 1, 15, 0),
(68, 'acosta', '2016-07-02', 1, 10, 0),
(69, 'bolivar', '2016-07-02', 1, 10, 0),
(70, 'buchivacoa', '2016-07-02', 1, 10, 0),
(71, 'cacique manaure', '2016-07-02', 1, 10, 0),
(72, 'carirubana', '2016-07-02', 1, 10, 0),
(73, 'colina', '2016-07-02', 1, 10, 0),
(74, 'coro', '2016-07-02', 1, 10, 0),
(75, 'caracas', '2016-07-02', 1, 17, 0),
(76, 'libertador', '2016-07-02', 1, 17, 0),
(77, 'esteros de camaguan', '2016-07-02', 1, 18, 0),
(78, 'chaguaramas', '2016-07-02', 1, 18, 0),
(79, 'el socorro', '2016-07-02', 1, 18, 0),
(80, 'francisco de miranda', '2016-07-02', 1, 18, 0),
(81, 'jose felix ribas', '2016-07-02', 1, 18, 0),
(82, 'jose tadeo monagas', '2016-07-02', 1, 18, 0),
(83, 'andres eloy blanco', '2016-07-02', 1, 6, 0),
(84, 'crespo', '2016-07-02', 1, 6, 0),
(85, 'iribarren', '2016-07-02', 1, 6, 0),
(86, 'jimenez', '2016-07-02', 1, 6, 0),
(87, 'moran', '2016-07-02', 1, 6, 0),
(88, 'palavecino', '2016-07-02', 1, 6, 0),
(89, 'simon planas', '2016-07-02', 1, 6, 0),
(90, 'torres', '2016-07-02', 1, 6, 0),
(91, 'urdaneta', '2016-07-02', 1, 6, 0),
(92, 'alberto adriani', '2016-07-02', 1, 1, 0),
(93, 'andres bello', '2016-07-02', 1, 1, 0),
(94, 'antonio pinto salinas', '2016-07-02', 1, 1, 0),
(95, 'sucre', '2016-07-02', 1, 1, 0),
(96, 'tovar', '2016-07-02', 1, 1, 0),
(97, 'tulio febres cordero', '2016-07-02', 1, 1, 0),
(98, 'zea', '2016-07-02', 1, 1, 0),
(99, 'acevedo', '2016-07-02', 1, 4, 0),
(100, 'andres bello', '2016-07-02', 1, 4, 0),
(101, 'baruta', '2016-07-02', 1, 4, 0),
(102, 'brion', '2016-07-02', 1, 4, 0),
(103, 'buroz', '2016-07-02', 1, 4, 0),
(104, 'carrizal', '2016-07-02', 1, 4, 0),
(105, 'chacao', '2016-07-02', 1, 4, 0),
(106, 'crist', '2016-07-02', 1, 4, 0),
(107, 'el hatillo', '2016-07-02', 1, 4, 0),
(108, 'guaicaipuro', '2016-07-02', 1, 4, 0),
(109, 'independencia', '2016-07-02', 1, 4, 0),
(110, 'lander', '2016-07-02', 1, 4, 0),
(111, 'los salias', '2016-07-02', 1, 4, 0),
(112, 'paez', '2016-07-02', 1, 4, 0),
(113, 'paz castillo', '2016-07-02', 1, 4, 0),
(114, 'pedro gual', '2016-07-02', 1, 4, 0),
(115, 'plaza', '2016-07-02', 1, 4, 0),
(116, 'simon bolivar', '2016-07-02', 1, 4, 0),
(117, 'sucre', '2016-07-02', 1, 4, 0),
(118, 'urdaneta', '2016-07-02', 1, 4, 0),
(119, 'zamora', '2016-07-02', 1, 4, 0),
(120, 'acosta', '2016-07-02', 1, 19, 0),
(121, 'aguasay', '2016-07-02', 1, 19, 0),
(122, 'bolivar', '2016-07-02', 1, 19, 0),
(123, 'caripe', '2016-07-02', 1, 19, 0),
(124, 'cedeno', '2016-07-02', 1, 19, 0),
(125, 'ezequiel zamora', '2016-07-02', 1, 19, 0),
(126, 'libertador', '2016-07-02', 1, 19, 0),
(127, 'maturin', '2016-07-02', 1, 19, 0),
(128, 'piar', '2016-07-02', 1, 19, 0),
(129, 'punceres', '2016-07-02', 1, 19, 0),
(130, 'santa barbara', '2016-07-02', 1, 19, 0),
(131, 'sotillo', '2016-07-02', 1, 19, 0),
(132, 'uracoa', '2016-07-02', 1, 19, 0),
(133, 'antolin del campo', '2016-07-02', 1, 7, 0),
(134, 'arismendi', '2016-07-02', 1, 7, 0),
(135, 'diaz', '2016-07-02', 1, 7, 0),
(136, 'garcia', '2016-07-02', 1, 7, 0),
(137, 'gomez', '2016-07-02', 1, 7, 0),
(138, 'maneiro', '2016-07-02', 1, 7, 0),
(139, 'marcano', '2016-07-02', 1, 7, 0),
(140, 'marino', '2016-07-02', 1, 7, 0),
(141, 'peninsula de macanao', '2016-07-02', 1, 7, 0),
(142, 'tubores', '2016-07-02', 1, 7, 0),
(143, 'villalba', '2016-07-02', 1, 7, 0),
(144, 'valdez', '2016-07-02', 1, 20, 0),
(145, 'sucre', '2016-07-02', 1, 20, 0),
(146, 'ribero', '2016-07-02', 1, 20, 0),
(147, 'montes', '2016-07-02', 1, 20, 0),
(148, 'mejia', '2016-07-02', 1, 20, 0),
(149, 'andres bello', '2016-07-02', 1, 3, 0),
(150, 'antonio romulo costa', '2016-07-02', 1, 3, 0),
(151, 'ayacucho', '2016-07-02', 1, 3, 0),
(152, 'bolivar', '2016-07-02', 1, 3, 0),
(153, 'cardenas', '2016-07-02', 1, 3, 0),
(154, 'cordoba', '2016-07-02', 1, 3, 0),
(155, 'fernandez feo', '2016-07-02', 1, 3, 0),
(156, 'bocono', '2016-07-02', 1, 21, 0),
(157, 'miranda', '2016-07-02', 1, 21, 0),
(158, 'la ceiba', '2016-07-02', 1, 21, 0),
(159, 'juan vicente campos elias', '2016-07-02', 1, 21, 0),
(160, 'jose felipe marquez canizalez', '2016-07-02', 1, 21, 0),
(161, 'escuque', '2016-07-02', 1, 21, 0),
(162, 'vargas', '2016-07-02', 1, 24, 0),
(163, 'aristides bastidas', '2016-07-02', 1, 22, 0),
(164, 'bolivar', '2016-07-02', 1, 22, 0),
(165, 'bruzual', '2016-07-02', 1, 22, 0),
(166, 'cocorote', '2016-07-02', 1, 22, 0),
(167, 'independencia', '2016-07-02', 1, 22, 0),
(168, 'almirante padilla', '2016-07-02', 1, 23, 0),
(169, 'baralt', '2016-07-02', 1, 23, 0),
(170, 'cabimas', '2016-07-02', 1, 23, 0),
(171, 'catatumbo', '2016-07-02', 1, 23, 0),
(172, 'colon', '2016-07-02', 1, 23, 0),
(173, 'francisco javier pulgar', '2016-07-02', 1, 23, 0),
(174, 'jesus enrique losada', '2016-07-02', 1, 23, 0),
(175, 'jesus maria semprun', '2016-07-02', 1, 23, 0),
(176, 'Nueva esparta', '2016-07-05', 9, 7, 0),
(177, 'San Francisco de asis', '2018-01-14', 1, 23, 0);

-- --------------------------------------------------------

--
-- Table structure for table `notificacion`
--

CREATE TABLE `notificacion` (
  `id_notificacion` int(11) NOT NULL COMMENT 'clave primaria de la notificacion',
  `fecha_creacion` date NOT NULL COMMENT 'fecha de creacion de la notificacion',
  `hora_notificacion` timestamp NOT NULL DEFAULT current_timestamp() ON UPDATE current_timestamp() COMMENT 'hora de creacion de la notificacion',
  `tipo_notificacion` int(11) NOT NULL COMMENT 'id del tipo de notificacion',
  `destino_notificacion` int(11) NOT NULL COMMENT 'usuario destino de la notificacion',
  `estatus_notificacion` int(11) NOT NULL COMMENT 'estatus de la notificacion  1 o 9',
  `condicion_notificacion` varchar(20) COLLATE utf8_spanish_ci NOT NULL COMMENT 'condicion de la notificacion ',
  `contenido_notificacion` varchar(200) COLLATE utf8_spanish_ci NOT NULL COMMENT 'contenido de la notificacion',
  `origen_notificacion` int(11) NOT NULL COMMENT 'usuario que origina la notificacion',
  `empresa_id` int(11) NOT NULL
) ENGINE=InnoDB DEFAULT CHARSET=utf8 COLLATE=utf8_spanish_ci;

--
-- Dumping data for table `notificacion`
--

INSERT INTO `notificacion` (`id_notificacion`, `fecha_creacion`, `hora_notificacion`, `tipo_notificacion`, `destino_notificacion`, `estatus_notificacion`, `condicion_notificacion`, `contenido_notificacion`, `origen_notificacion`, `empresa_id`) VALUES
(1, '2016-05-30', '0000-00-00 00:00:00', 1, 999999, 1, 'EN COLA', 'Se ha creado una nueva solicitud de tranferencia, favor revizar..... ', 8, 0),
(2, '2016-05-30', '0000-00-00 00:00:00', 1, 999999, 1, 'EN COLA', 'Se ha creado una nueva solicitud de tranferencia, favor revizar.....  ', 8, 0),
(3, '2016-06-17', '0000-00-00 00:00:00', 1, 999999, 1, 'EN COLA', 'Se ha creado una nueva solicitud de tranferencia, favor revizar.....  ', 8, 0),
(4, '2016-06-17', '0000-00-00 00:00:00', 1, 999999, 1, 'EN COLA', 'Se ha creado una nueva solicitud de tranferencia, favor revizar.....  ', 8, 0),
(5, '2016-06-17', '0000-00-00 00:00:00', 1, 999999, 1, 'EN COLA', 'Se ha creado una nueva solicitud de tranferencia, favor revizar.....  ', 8, 0),
(6, '2016-06-17', '0000-00-00 00:00:00', 1, 999999, 1, 'EN COLA', 'Se ha creado una nueva solicitud de tranferencia, favor revizar.....  ', 8, 0),
(7, '2016-06-26', '0000-00-00 00:00:00', 1, 999999, 1, 'EN COLA', 'Se ha creado una nueva Requisicion de Productos, favor revizar.....  ', 8, 0),
(8, '2016-06-28', '0000-00-00 00:00:00', 1, 999999, 1, 'EN COLA', 'Se ha creado una nueva Requisicion de Productos, favor revizar.....  ', 8, 0),
(9, '2016-07-02', '0000-00-00 00:00:00', 1, 999999, 1, 'EN COLA', 'Se ha creado una nueva Requisicion de Productos, favor revizar.....  ', 1, 0),
(10, '2016-07-03', '0000-00-00 00:00:00', 1, 999999, 1, 'EN COLA', 'Se ha creado una nueva Requisicion de Productos, favor revizar.....  ', 8, 0),
(11, '2016-07-03', '0000-00-00 00:00:00', 1, 999999, 1, 'EN COLA', 'Se ha creado una nueva Requisicion de Productos, favor revizar.....  ', 8, 0),
(12, '2016-07-03', '0000-00-00 00:00:00', 1, 999999, 1, 'EN COLA', 'Se ha creado una nueva Requisicion de Productos, favor revizar.....  ', 8, 0),
(13, '2016-07-05', '0000-00-00 00:00:00', 1, 999999, 1, 'EN COLA', 'Se ha creado una nueva Requisicion de Productos, favor revizar.....  ', 1, 0),
(14, '2016-07-06', '0000-00-00 00:00:00', 1, 999999, 1, 'EN COLA', 'Se ha creado una nueva Requisicion de Productos, favor revizar.....  ', 1, 0);

-- --------------------------------------------------------

--
-- Table structure for table `orden_compra`
--

CREATE TABLE `orden_compra` (
  `id_orden_compra` int(11) NOT NULL,
  `fecha_creacion` date DEFAULT NULL,
  `fecha_vencimiento` date DEFAULT NULL,
  `proveedor_id` int(11) DEFAULT NULL,
  `forma_compra` char(20) COLLATE utf8_spanish_ci DEFAULT NULL,
  `estatus_orden_compra` int(1) DEFAULT NULL,
  `condicion_orden_compra` char(20) COLLATE utf8_spanish_ci DEFAULT NULL,
  `comentario_orden_compra` char(100) COLLATE utf8_spanish_ci DEFAULT NULL,
  `unidad_operativa_id` int(11) DEFAULT NULL,
  `presupuesto_nro` varchar(20) COLLATE utf8_spanish_ci DEFAULT NULL,
  `empresa_id` int(11) NOT NULL
) ENGINE=InnoDB DEFAULT CHARSET=utf8 COLLATE=utf8_spanish_ci COMMENT='tabla que registra las compras relacionadas a los informes de recepcion';

--
-- Dumping data for table `orden_compra`
--

INSERT INTO `orden_compra` (`id_orden_compra`, `fecha_creacion`, `fecha_vencimiento`, `proveedor_id`, `forma_compra`, `estatus_orden_compra`, `condicion_orden_compra`, `comentario_orden_compra`, `unidad_operativa_id`, `presupuesto_nro`, `empresa_id`) VALUES
(1, '2017-05-03', NULL, 5, 'CONTADO', 1, 'CERRADA', 'COMENTARIO DE PRUEBA', 1, NULL, 0),
(2, '2017-09-09', NULL, 5, 'CREDTIO', 1, 'CERRADO', 'COMENTARIO DE PRUEBA', 1, NULL, 0),
(3, '2018-02-03', NULL, 4, 'CREDITO', 1, 'ACTIVO', 'COMENTARIO DE PRUEBA', 1, '0', 0);

-- --------------------------------------------------------

--
-- Table structure for table `pago`
--

CREATE TABLE `pago` (
  `id_pago` int(11) NOT NULL,
  `fecha_creacion` date DEFAULT NULL,
  `usuario_id` int(11) DEFAULT NULL,
  `tipo_pago` varchar(20) COLLATE utf8_spanish_ci DEFAULT NULL,
  `origen_pago` int(11) DEFAULT NULL,
  `monto_pago` decimal(12,2) DEFAULT NULL,
  `estatus_pago` int(1) DEFAULT NULL,
  `condicion_pago` varchar(45) COLLATE utf8_spanish_ci DEFAULT NULL,
  `comentario_pago` varchar(45) COLLATE utf8_spanish_ci DEFAULT NULL,
  `forma_pago` varchar(10) COLLATE utf8_spanish_ci DEFAULT NULL,
  `referencia_pago` varchar(45) COLLATE utf8_spanish_ci DEFAULT NULL,
  `banco_ori_pago` int(11) DEFAULT NULL,
  `empresa_id` int(11) NOT NULL
) ENGINE=InnoDB DEFAULT CHARSET=utf8 COLLATE=utf8_spanish_ci;

--
-- Dumping data for table `pago`
--

INSERT INTO `pago` (`id_pago`, `fecha_creacion`, `usuario_id`, `tipo_pago`, `origen_pago`, `monto_pago`, `estatus_pago`, `condicion_pago`, `comentario_pago`, `forma_pago`, `referencia_pago`, `banco_ori_pago`, `empresa_id`) VALUES
(3, '2017-12-30', 1, 'PROVEEDOR', 5, '280000.00', 1, 'POR APROBAR', NULL, 'TDD', '556984', 1, 0),
(4, '2017-12-30', 1, 'PROVEEDOR', 5, '280000.00', 1, 'POR APROBAR', NULL, 'TDD', '556984', 1, 0),
(6, '2017-12-30', 1, 'PROVEEDOR', 5, '280000.00', 1, 'POR APROBAR', NULL, 'CHQ', '9987', 1, 0);

-- --------------------------------------------------------

--
-- Table structure for table `parroquia`
--

CREATE TABLE `parroquia` (
  `id_parroquia` int(11) NOT NULL,
  `descripcion_parroquia` varchar(100) COLLATE utf8_spanish_ci NOT NULL,
  `fecha_creacion` date NOT NULL,
  `estatus_parroquia` int(11) NOT NULL,
  `municipio_id` int(11) NOT NULL,
  `empresa_id` int(11) NOT NULL
) ENGINE=InnoDB DEFAULT CHARSET=utf8 COLLATE=utf8_spanish_ci;

--
-- Dumping data for table `parroquia`
--

INSERT INTO `parroquia` (`id_parroquia`, `descripcion_parroquia`, `fecha_creacion`, `estatus_parroquia`, `municipio_id`, `empresa_id`) VALUES
(1, 'la esmeralda', '2016-07-02', 1, 15, 0),
(2, 'san fernando de atabapo', '2016-07-02', 1, 16, 0),
(3, 'puerto ayacucho', '2016-07-02', 1, 17, 0),
(4, 'isla raton', '2016-07-02', 1, 18, 0),
(5, 'san juan de manapiare', '2016-07-02', 1, 19, 0),
(6, 'maroa', '2016-07-02', 1, 20, 0),
(7, 'san carlos de rio negro', '2016-07-02', 1, 21, 0),
(8, 'anaco', '2016-07-02', 1, 22, 0),
(9, 'aragua de barcelona', '2016-07-02', 1, 23, 0),
(10, 'barcelona', '2016-07-02', 1, 24, 0),
(11, 'clarines', '2016-07-02', 1, 25, 0),
(12, 'onoto', '2016-07-02', 1, 26, 0),
(13, 'achaguas', '2016-07-02', 1, 27, 0),
(14, 'biruaca', '2016-07-02', 1, 28, 0),
(15, 'bruzual', '2016-07-02', 1, 29, 0),
(16, 'guasdualito', '2016-07-02', 1, 30, 0),
(17, 'san juan de payara', '2016-07-02', 1, 31, 0),
(18, 'elorza', '2016-07-02', 1, 32, 0),
(19, 'san fernando de apure', '2016-07-02', 1, 33, 0),
(20, 'san mateo', '2016-07-02', 1, 34, 0),
(21, 'camatagua', '2016-07-02', 1, 35, 0),
(22, 'santa rita', '2016-07-02', 1, 36, 0),
(23, 'maracay', '2016-07-02', 1, 37, 0),
(24, 'santa cruz', '2016-07-02', 1, 38, 0),
(25, 'la victoria', '2016-07-02', 1, 39, 0),
(26, 'sabaneta', '2016-07-02', 1, 40, 0),
(27, 'el canton', '2016-07-02', 1, 41, 0),
(28, 'socopo', '2016-07-02', 1, 42, 0),
(29, 'arismendi', '2016-07-02', 1, 43, 0),
(30, 'barinas', '2016-07-02', 1, 44, 0),
(31, 'ciudad guayana', '2016-07-02', 1, 45, 0),
(32, 'caicara del orinoco', '2016-07-02', 1, 46, 0),
(33, 'el callao', '2016-07-02', 1, 47, 0),
(34, 'santa elena de uairen', '2016-07-02', 1, 48, 0),
(35, 'ciudad bolivar', '2016-07-02', 1, 49, 0),
(36, 'upata', '2016-07-02', 1, 50, 0),
(37, 'bejuma', '2016-07-02', 1, 51, 0),
(38, 'g', '2016-07-02', 1, 52, 0),
(39, 'mariara', '2016-07-02', 1, 53, 0),
(40, 'guacara', '2016-07-02', 1, 54, 0),
(41, 'moron', '2016-07-02', 1, 55, 0),
(42, 'tocuyito', '2016-07-02', 1, 56, 0),
(43, 'cojedes', '2016-07-02', 1, 57, 0),
(44, 'tinaquillo', '2016-07-02', 1, 58, 0),
(45, 'el ba', '2016-07-02', 1, 59, 0),
(46, 'macapo', '2016-07-02', 1, 60, 0),
(47, 'el pao', '2016-07-02', 1, 61, 0),
(48, 'libertad', '2016-07-02', 1, 62, 0),
(49, 'gallegos', '2016-07-02', 1, 63, 0),
(50, 'curiapo', '2016-07-02', 1, 64, 0),
(51, 'sierra imataca', '2016-07-02', 1, 65, 0),
(52, 'pedernales', '2016-07-02', 1, 66, 0),
(53, 'tucupita', '2016-07-02', 1, 67, 0),
(54, 'caracas', '2016-07-02', 1, 76, 0),
(55, 'san juan de los cayos', '2016-07-02', 1, 68, 0),
(56, 'san luis', '2016-07-02', 1, 69, 0),
(57, 'capatarida', '2016-07-02', 1, 70, 0),
(58, 'yaracal', '2016-07-02', 1, 71, 0),
(59, 'punto fijo', '2016-07-02', 1, 72, 0),
(60, 'la vela de coro', '2016-07-02', 1, 73, 0),
(61, 'camaguan', '2016-07-02', 1, 78, 0),
(62, 'chaguaramas', '2016-07-02', 1, 78, 0),
(63, 'el socorro', '2016-07-02', 1, 79, 0),
(64, 'camaguan', '2016-07-02', 1, 77, 0),
(65, 'calabozo', '2016-07-02', 1, 80, 0),
(66, 'tucupido', '2016-07-02', 1, 81, 0),
(67, 'altagracia de orituco', '2016-07-02', 1, 82, 0),
(68, 'sanare', '2016-07-02', 1, 83, 0),
(69, 'duaca', '2016-07-02', 1, 84, 0),
(70, 'barquisimeto', '2016-07-02', 1, 85, 0),
(71, 'quibor', '2016-07-02', 1, 86, 0),
(72, 'el tocuyo', '2016-07-02', 1, 87, 0),
(73, 'cabudare', '2016-07-02', 1, 88, 0),
(74, 'sarares', '2016-07-02', 1, 89, 0),
(75, 'carora', '2016-07-02', 1, 90, 0),
(76, 'siquisique', '2016-07-02', 1, 91, 0),
(77, 'el vig', '2016-07-02', 1, 92, 0),
(78, 'la azulita', '2016-07-02', 1, 93, 0),
(79, 'santa cruz de mora', '2016-07-02', 1, 94, 0),
(80, 'laguanillas', '2016-07-02', 1, 95, 0),
(81, 'tovar', '2016-07-02', 1, 96, 0),
(82, 'nueva bolivar', '2016-07-02', 1, 97, 0),
(83, 'zea', '2016-07-02', 1, 98, 0),
(84, 'caucagua', '2016-07-02', 1, 99, 0),
(85, 'san jose de barlovento', '2016-07-02', 1, 100, 0),
(86, 'baruta', '2016-07-02', 1, 101, 0),
(87, 'higuerote', '2016-07-02', 1, 102, 0),
(88, 'mamporal', '2016-07-02', 1, 103, 0),
(89, 'san antonio de capayacuar', '2016-07-02', 1, 120, 0),
(90, 'aguasay', '2016-07-02', 1, 121, 0),
(91, 'la plaza de paraguachi', '2016-07-02', 1, 133, 0),
(92, 'la asuncion', '2016-07-02', 1, 134, 0),
(93, 'san juan bautista', '2016-07-02', 1, 135, 0),
(94, 'agua blanca', '2016-07-02', 1, 6, 0),
(95, 'araure', '2016-07-02', 1, 1, 0),
(96, 'piritu', '2016-07-02', 1, 7, 0),
(97, 'guanare', '2016-07-02', 1, 4, 0),
(98, 'guanarito', '2016-07-02', 1, 5, 0),
(99, 'ospino', '2016-07-02', 1, 8, 0),
(100, 'acarigua', '2016-07-02', 1, 2, 0),
(101, 'papelon', '2016-07-02', 1, 3, 0),
(102, 'boconoito', '2016-07-02', 1, 9, 0),
(103, 'san rafael de onoto', '2016-07-02', 1, 13, 0),
(104, 'el playon', '2016-07-02', 1, 11, 0),
(105, 'biscucuy', '2016-07-02', 1, 12, 0),
(106, 'villa bruzual', '2016-07-02', 1, 14, 0),
(107, 'chabasquen', '2016-07-02', 1, 10, 0),
(108, 'san antonio del golfo', '2016-07-02', 1, 148, 0),
(109, 'cumanacoa', '2016-07-02', 1, 147, 0),
(110, 'cariaco', '2016-07-02', 1, 146, 0),
(111, 'cumana', '2016-07-02', 1, 145, 0),
(112, 'g', '2016-07-02', 1, 144, 0),
(113, 'cordero', '2016-07-02', 1, 149, 0),
(114, 'las mesas', '2016-07-02', 1, 150, 0),
(115, 'colon', '2016-07-02', 1, 151, 0),
(116, 'san antonio del tachira', '2016-07-02', 1, 152, 0),
(117, 'santa ana de tachira', '2016-07-02', 1, 154, 0),
(118, 'tariba', '2016-07-02', 1, 153, 0),
(119, 'san rafael del pinal', '2016-07-02', 1, 155, 0),
(120, 'bocono', '2016-07-02', 1, 156, 0),
(121, 'carache', '2016-07-02', 1, 161, 0),
(122, 'el paradero', '2016-07-02', 1, 160, 0),
(123, 'campo elias', '2016-07-02', 1, 159, 0),
(124, 'santa apolonia', '2016-07-02', 1, 158, 0),
(125, 'el dividive', '2016-07-02', 1, 157, 0),
(126, 'la guaira', '2016-07-02', 1, 162, 0),
(127, 'san pablo', '2016-07-02', 1, 163, 0),
(128, 'aroa', '2016-07-02', 1, 164, 0),
(129, 'chivacoa', '2016-07-02', 1, 165, 0),
(130, 'cocorote', '2016-07-02', 1, 166, 0),
(131, 'independencia', '2016-07-02', 1, 167, 0),
(132, 'el toro', '2016-07-02', 1, 168, 0),
(133, 'san timoteo', '2016-07-02', 1, 169, 0),
(134, 'cabimas', '2016-07-02', 1, 170, 0),
(135, 'encontrados', '2016-07-02', 1, 171, 0),
(136, 'san carlos del zulia', '2016-07-02', 1, 172, 0),
(137, 'pueblo nuevo-el chivo', '2016-07-02', 1, 173, 0),
(138, 'la concepci', '2016-07-02', 1, 174, 0),
(139, 'casigua el cubo', '2016-07-02', 1, 175, 0);

-- --------------------------------------------------------

--
-- Table structure for table `permiso`
--

CREATE TABLE `permiso` (
  `id_permiso` int(11) NOT NULL,
  `nombre_permiso` varchar(20) COLLATE utf8_spanish_ci NOT NULL,
  `descripcion_permiso` varchar(100) COLLATE utf8_spanish_ci NOT NULL,
  `fecha_crea_permiso` date NOT NULL,
  `estatus_permiso` int(1) NOT NULL,
  `clave` varchar(20) COLLATE utf8_spanish_ci NOT NULL,
  `empresa_id` int(11) NOT NULL
) ENGINE=InnoDB DEFAULT CHARSET=utf8 COLLATE=utf8_spanish_ci;

--
-- Dumping data for table `permiso`
--

INSERT INTO `permiso` (`id_permiso`, `nombre_permiso`, `descripcion_permiso`, `fecha_crea_permiso`, `estatus_permiso`, `clave`, `empresa_id`) VALUES
(1, 'Agregar', 'Agrega registro a la base de datos', '2015-10-19', 1, 'agregar', 1),
(2, 'Editar', 'Edita un registro de la base de datos', '2015-10-19', 1, 'editar', 1),
(3, 'Eliminar', 'Eliminar un registro de forma logia de la Base de datos', '2015-11-19', 1, 'eliminar', 1),
(4, 'Consultar', 'Consulta los datos', '2016-05-05', 1, 'consultar', 1),
(5, 'Restaurar', 'Restaura los registros eliminados de forma lgica en la Base de Datos', '2016-07-05', 1, 'restaurar', 1),
(6, 'prueba1', 'prueba', '2020-03-26', 1, 'prueba', 1);

-- --------------------------------------------------------

--
-- Table structure for table `persona`
--

CREATE TABLE `persona` (
  `id_persona` int(11) NOT NULL,
  `cedula_persona` char(10) COLLATE utf8_spanish_ci DEFAULT NULL,
  `nacionalidad_persona` char(2) COLLATE utf8_spanish_ci DEFAULT NULL,
  `pri_nombre_persona` varchar(30) COLLATE utf8_spanish_ci DEFAULT NULL,
  `seg_nombre_persona` varchar(30) COLLATE utf8_spanish_ci DEFAULT NULL,
  `pri_apellido_persona` varchar(30) COLLATE utf8_spanish_ci DEFAULT NULL,
  `seg_apellido_persona` varchar(30) COLLATE utf8_spanish_ci DEFAULT NULL,
  `direccion_persona` varchar(100) COLLATE utf8_spanish_ci DEFAULT NULL,
  `telefono_persona` varchar(45) COLLATE utf8_spanish_ci DEFAULT NULL,
  `celular_persona` varchar(45) COLLATE utf8_spanish_ci DEFAULT NULL,
  `correo_electronico_persona` varchar(70) COLLATE utf8_spanish_ci NOT NULL,
  `fecha_nac_persona` date DEFAULT NULL,
  `lugar_nac_persona` varchar(50) COLLATE utf8_spanish_ci DEFAULT NULL,
  `sexo_persona` varchar(1) COLLATE utf8_spanish_ci DEFAULT NULL,
  `licencia_persona` varchar(10) COLLATE utf8_spanish_ci NOT NULL,
  `estado_civil_persona` varchar(1) COLLATE utf8_spanish_ci DEFAULT NULL,
  `sector_id` int(11) NOT NULL,
  `estado_id` int(11) NOT NULL,
  `municipio_id` int(11) NOT NULL,
  `parroquia_id` int(11) NOT NULL,
  `empresa_id` int(11) NOT NULL
) ENGINE=InnoDB DEFAULT CHARSET=utf8 COLLATE=utf8_spanish_ci;

--
-- Dumping data for table `persona`
--

INSERT INTO `persona` (`id_persona`, `cedula_persona`, `nacionalidad_persona`, `pri_nombre_persona`, `seg_nombre_persona`, `pri_apellido_persona`, `seg_apellido_persona`, `direccion_persona`, `telefono_persona`, `celular_persona`, `correo_electronico_persona`, `fecha_nac_persona`, `lugar_nac_persona`, `sexo_persona`, `licencia_persona`, `estado_civil_persona`, `sector_id`, `estado_id`, `municipio_id`, `parroquia_id`, `empresa_id`) VALUES
(1, 'V15340779', 'VE', 'RAFAEL', 'HONORIO', 'PEREZ', 'SANTELIZ', 'URB. PRADOS DEL SOL', '4161971855', '4161971855', 'RAFAELPEREZ70@GMAIL.COM', '2019-03-04', 'ARAURE', 'M', '31231231', 'C', 1, 0, 0, 0, 0),
(5, '16829210', 'V', 'Danielys', 'Esther', 'Alfonzo', 'Prieto', 'urb. pados del sol casa c5 sector mercantil', '23423421343', '32421423', 'danielysap23@hotmail.com', '1983-12-23', 'coro', 'F', 'NA', 'S', 2, 2, 1, 95, 0);

-- --------------------------------------------------------

--
-- Table structure for table `pln_compra`
--

CREATE TABLE `pln_compra` (
  `id_planificacion` int(11) NOT NULL,
  `fecha_creacion` date NOT NULL,
  `fecha_inicio` date NOT NULL,
  `fecha_fin` date NOT NULL,
  `usuario_pln` int(11) NOT NULL,
  `estatus_pln` int(1) NOT NULL,
  `condicion_pln` varchar(20) COLLATE utf8_spanish_ci NOT NULL,
  `comentario_pln` varchar(150) COLLATE utf8_spanish_ci DEFAULT NULL,
  `empresa_id` int(11) NOT NULL,
  `unidad_operativa_id` int(11) NOT NULL,
  `departamento_id` int(11) NOT NULL,
  `objetivo_pln` varchar(150) COLLATE utf8_spanish_ci NOT NULL,
  `ref_contable` char(50) COLLATE utf8_spanish_ci DEFAULT NULL
) ENGINE=InnoDB DEFAULT CHARSET=utf8 COLLATE=utf8_spanish_ci COMMENT='tabla que almacena la planificacion para las compras';

--
-- Dumping data for table `pln_compra`
--

INSERT INTO `pln_compra` (`id_planificacion`, `fecha_creacion`, `fecha_inicio`, `fecha_fin`, `usuario_pln`, `estatus_pln`, `condicion_pln`, `comentario_pln`, `empresa_id`, `unidad_operativa_id`, `departamento_id`, `objetivo_pln`, `ref_contable`) VALUES
(1, '2016-03-29', '2016-03-29', '2016-04-03', 1, 1, 'CERRADA', 'prueba de planificacion', 0, 0, 0, '0', NULL),
(2, '2016-04-10', '2016-04-10', '2016-04-17', 12, 1, 'CERRADA', 'prueba', 0, 0, 0, '0', NULL),
(3, '2016-04-21', '2016-04-21', '2016-04-26', 8, 1, 'CERRADA', 'prueba', 0, 0, 0, '0', NULL),
(4, '2016-04-30', '2016-04-30', '2016-05-07', 8, 1, 'ACTIVA', 'prueba de planificacion', 0, 0, 0, '0', NULL),
(5, '2016-05-09', '2016-05-09', '2016-05-14', 8, 1, 'ACTIVA', 'prueba de planificacion', 0, 0, 0, '0', NULL),
(6, '2016-05-16', '2016-05-16', '2016-05-21', 0, 1, 'ACTIVA', 'prueba de planificacion', 0, 0, 0, '0', NULL),
(7, '2016-06-17', '2016-06-17', '2016-06-24', 8, 1, 'ACTIVA', 'prueba', 0, 0, 0, '0', NULL),
(8, '2016-06-29', '2016-06-29', '2016-07-05', 8, 1, 'ACTIVA', 'prueba', 0, 0, 0, '0', NULL),
(9, '2016-07-06', '2016-07-06', '2016-07-11', 1, 1, 'ACTIVA', 'prueba', 0, 0, 0, '0', NULL),
(10, '2018-02-18', '2018-02-18', '2018-02-18', 1, 1, 'POR EVALUAR', 'prueba de planificacion', 1, 1, 1, '1', '54564'),
(11, '2018-02-22', '0000-00-00', '2018-02-22', 1, 1, 'POR EVALUAR', 'dfhfdhfhfhfhfhfghfgfgfghfh', 1, 1, 1, '2', '56456456'),
(12, '2018-03-30', '0000-00-00', '2018-03-30', 1, 1, 'POR EVALUAR', 'prueba de registro de planificacion', 1, 1, 1, '1', '2236554'),
(13, '2018-05-16', '2018-05-16', '2018-05-16', 1, 1, 'POR EVALUAR', 'prueba', 1, 1, 5, '1', '213131232'),
(14, '2018-05-21', '2018-05-21', '2018-05-21', 1, 1, 'POR EVALUAR', 'prueba de planificacion', 1, 1, 3, '2', '5456456');

-- --------------------------------------------------------

--
-- Table structure for table `pregunta`
--

CREATE TABLE `pregunta` (
  `id_pregunta` int(11) NOT NULL,
  `fecha_creacion` datetime DEFAULT NULL,
  `pregunta` varchar(150) COLLATE utf8_spanish_ci DEFAULT NULL,
  `estatus_pregunta` int(1) DEFAULT NULL,
  `empresa_id` int(11) NOT NULL
) ENGINE=InnoDB DEFAULT CHARSET=utf8 COLLATE=utf8_spanish_ci;

--
-- Dumping data for table `pregunta`
--

INSERT INTO `pregunta` (`id_pregunta`, `fecha_creacion`, `pregunta`, `estatus_pregunta`, `empresa_id`) VALUES
(1, '2015-11-28 09:37:58', 'Nombre de tu mama', 1, 1),
(2, '2015-11-28 09:38:10', 'Nombre de tu mascota favorita', 1, 1),
(3, '2015-11-28 09:38:27', 'Deporte favorito', 1, 1),
(4, '2015-11-28 09:38:41', 'Pasatiempos preferido', 1, 1),
(5, '2015-11-28 09:38:57', 'Marca de automvil favorito', 1, 1),
(6, '2020-03-28 21:59:03', 'Personaje Historico de Venezuela', 9, 1);

-- --------------------------------------------------------

--
-- Table structure for table `premisa`
--

CREATE TABLE `premisa` (
  `id_premisa` int(11) NOT NULL,
  `fecha_creacion` date DEFAULT NULL,
  `nombre_premisa` varchar(45) COLLATE utf8_spanish_ci DEFAULT NULL,
  `descripcion_premisa` varchar(45) COLLATE utf8_spanish_ci DEFAULT NULL,
  `accion_premisa` varchar(10) COLLATE utf8_spanish_ci DEFAULT NULL,
  `porcentaje_premisa` decimal(5,2) DEFAULT NULL,
  `tipo_premisa` varchar(45) COLLATE utf8_spanish_ci DEFAULT NULL,
  `operador_premisa` varchar(45) COLLATE utf8_spanish_ci DEFAULT NULL,
  `comparador_premisa` decimal(12,2) DEFAULT NULL,
  `estatus_premisa` int(1) DEFAULT NULL,
  `empresa_id` int(11) NOT NULL
) ENGINE=InnoDB DEFAULT CHARSET=utf8 COLLATE=utf8_spanish_ci;

--
-- Dumping data for table `premisa`
--

INSERT INTO `premisa` (`id_premisa`, `fecha_creacion`, `nombre_premisa`, `descripcion_premisa`, `accion_premisa`, `porcentaje_premisa`, `tipo_premisa`, `operador_premisa`, `comparador_premisa`, `estatus_premisa`, `empresa_id`) VALUES
(1, '2017-05-09', 'DESCUENTO POR FIDELIDAD', 'DESCUENTOS A CLIENTES DE LARGA TRADICION', 'RESTA', '2.30', 'VENTA', 'MAYOR', '500.00', 1, 0),
(2, '2017-05-09', 'DESCUENTO A SOCIO', 'DESCUENTO REALIZADOS A SOCIOS DE LA EMPRESA', 'RESTA', '5.20', 'VENTA', 'MAYOR', '700.00', 1, 0),
(3, '2017-07-24', 'INTERESES SOBRE SALDO MENSUAL', 'INTERESES DE RECARGA POR RETRAZO EN PAGO DE D', 'SUMA', '2.50', 'VENTA', 'MAYOR', '5000.00', 1, 0),
(4, '2017-07-26', 'IVA', 'IMPUESTO AL VALOR AGREGADO', 'SUMA', '12.00', 'VENTA', 'MAYOR', '1.00', 1, 0);

-- --------------------------------------------------------

--
-- Table structure for table `presentacion`
--

CREATE TABLE `presentacion` (
  `id_presentacion` int(11) NOT NULL,
  `nombre_presentacion` varchar(100) COLLATE utf8_spanish_ci DEFAULT NULL,
  `estatus_presentacion` int(1) DEFAULT NULL,
  `fecha_creacion` date NOT NULL,
  `uni_med_id` int(11) NOT NULL,
  `cantidad_presentacion` decimal(6,2) NOT NULL,
  `cantidad_uni_med` decimal(6,2) NOT NULL,
  `empresa_id` int(11) NOT NULL
) ENGINE=InnoDB DEFAULT CHARSET=utf8 COLLATE=utf8_spanish_ci;

--
-- Dumping data for table `presentacion`
--

INSERT INTO `presentacion` (`id_presentacion`, `nombre_presentacion`, `estatus_presentacion`, `fecha_creacion`, `uni_med_id`, `cantidad_presentacion`, `cantidad_uni_med`, `empresa_id`) VALUES
(1, 'bulto', 1, '2015-11-26', 3, '24.00', '1.00', 0),
(2, 'caja', 1, '2015-11-26', 5, '24.00', '900.00', 0),
(3, 'empaque grande', 1, '2015-11-26', 2, '20.00', '800.00', 0),
(4, 'bulto', 1, '2015-12-16', 3, '1.00', '2.00', 0),
(5, 'botella', 1, '2016-06-10', 1, '1.00', '2.00', 0),
(6, 'caja', 1, '2016-06-10', 6, '20.00', '20.00', 0),
(7, 'empaque Pequeo', 1, '2016-06-13', 3, '1.00', '1.00', 0),
(8, 'caja', 1, '2016-06-19', 5, '24.00', '1.00', 0),
(9, 'caja', 1, '2016-07-05', 1, '12.00', '1.00', 0),
(10, 'caja', 1, '2016-07-05', 1, '20.00', '1.00', 0),
(11, 'BOBINA DE 100MT', 1, '2016-11-30', 8, '1.00', '100.00', 0),
(12, 'UNIDAD', 1, '2017-04-29', 6, '1.00', '1.00', 0);

-- --------------------------------------------------------

--
-- Table structure for table `presupuesto`
--

CREATE TABLE `presupuesto` (
  `id_presupuesto` int(11) NOT NULL,
  `fecha_emision` date DEFAULT NULL,
  `fecha_vencimiento` date DEFAULT NULL,
  `usuario_creacion` int(11) DEFAULT 0,
  `tipo_doc_ori` int(11) DEFAULT 0,
  `nro_doc_ori` char(20) COLLATE utf8_spanish_ci DEFAULT '0',
  `proveedor_id` int(11) DEFAULT 0,
  `estatus_presupuesto` int(1) DEFAULT 0,
  `condicion_presupuesto` char(20) COLLATE utf8_spanish_ci DEFAULT '0',
  `tipo_presupuesto` char(20) COLLATE utf8_spanish_ci DEFAULT '0',
  `comentario_presupeusto` char(100) COLLATE utf8_spanish_ci DEFAULT '0',
  `forma_pago_presupuesto` char(20) COLLATE utf8_spanish_ci DEFAULT '0',
  `empresa_id` int(11) NOT NULL
) ENGINE=InnoDB DEFAULT CHARSET=utf8 COLLATE=utf8_spanish_ci;

-- --------------------------------------------------------

--
-- Table structure for table `producto`
--

CREATE TABLE `producto` (
  `id_producto` int(11) NOT NULL,
  `fecha_creacion` date NOT NULL,
  `nombre_producto` varchar(100) COLLATE utf8_spanish_ci NOT NULL,
  `estatus_producto` int(1) NOT NULL,
  `comentario_producto` varchar(100) COLLATE utf8_spanish_ci NOT NULL,
  `grupo_id` int(11) NOT NULL,
  `empresa_id` int(11) NOT NULL
) ENGINE=InnoDB DEFAULT CHARSET=utf8 COLLATE=utf8_spanish_ci;

--
-- Dumping data for table `producto`
--

INSERT INTO `producto` (`id_producto`, `fecha_creacion`, `nombre_producto`, `estatus_producto`, `comentario_producto`, `grupo_id`, `empresa_id`) VALUES
(8, '2016-12-13', 'cable awg 06 rojo 100mt', 1, 'prueba', 1, 0),
(9, '2016-12-14', 'CABLE AWG 12 COLOR NEGRO', 1, '', 0, 0),
(10, '2016-12-14', 'cable awg 10 negro', 1, '', 0, 0),
(11, '2016-12-14', 'cable awg 10 color rojo', 1, '', 1, 0),
(12, '2016-12-14', 'cable awg 8 rojo', 1, '', 1, 0),
(14, '2017-04-30', 'BATEA OVALADA DE GRANITO ', 1, '', 3, 0);

-- --------------------------------------------------------

--
-- Table structure for table `proveedor`
--

CREATE TABLE `proveedor` (
  `id_proveedor` int(11) NOT NULL,
  `rif_proveedor` char(50) COLLATE utf8_spanish_ci NOT NULL,
  `tipo_proveedor` int(11) DEFAULT NULL,
  `razon_social_proveedor` varchar(100) COLLATE utf8_spanish_ci NOT NULL,
  `direccion_fiscal_proveedor` varchar(100) COLLATE utf8_spanish_ci NOT NULL,
  `telefono_proveedor` varchar(20) COLLATE utf8_spanish_ci NOT NULL,
  `correo_proveedor` varchar(60) COLLATE utf8_spanish_ci DEFAULT NULL,
  `nombre_contacto_proveedor` varchar(50) COLLATE utf8_spanish_ci NOT NULL,
  `telefono_contacto_proveedor` varchar(20) COLLATE utf8_spanish_ci NOT NULL,
  `comentario_proveedor` varchar(100) COLLATE utf8_spanish_ci NOT NULL,
  `condicion_proveedor` varchar(20) COLLATE utf8_spanish_ci NOT NULL,
  `fecha_creacion` date NOT NULL,
  `estatus_proveedor` int(1) DEFAULT NULL,
  `sector_id` int(11) NOT NULL,
  `empresa_id` int(11) NOT NULL
) ENGINE=InnoDB DEFAULT CHARSET=utf8 COLLATE=utf8_spanish_ci;

--
-- Dumping data for table `proveedor`
--

INSERT INTO `proveedor` (`id_proveedor`, `rif_proveedor`, `tipo_proveedor`, `razon_social_proveedor`, `direccion_fiscal_proveedor`, `telefono_proveedor`, `correo_proveedor`, `nombre_contacto_proveedor`, `telefono_contacto_proveedor`, `comentario_proveedor`, `condicion_proveedor`, `fecha_creacion`, `estatus_proveedor`, `sector_id`, `empresa_id`) VALUES
(1, 'J234598212', 6, 'Diazem  Portuguesa', 'av circunvalacin', '02122589632', 'diazem@hotmail.com', 'Jose gonzales', '025523212231', '', '', '2015-11-26', 1, 15, 0),
(2, 'G234234', 5, 'PDVAL CENTRAL', 'Caracas Av. libertador 24', '02554567894', 'pdval_central@gmail.com', 'Heli Nogales', '04264589235', '', '', '2015-12-06', 1, 19, 0),
(3, 'J7865978', 5, 'central azucarero portuguesa', 'via payara', '34645645654', '', 'Mario Dominguez', '04245438924', '', '', '2015-12-06', 1, 18, 0),
(4, 'V15340779', 3, 'Rafael Santeliz Sistemas', 'Urbanizcion Prados del Sol', '04125150479', 'rafaelperez70@hotmail.com', 'rafael perez', '04125150479', '', 'ACTIVO', '2017-02-09', 1, 0, 0),
(5, 'J123456789', 3, 'Empresas Polloly CA', 'final de av. 26 # 12-113  con av. 24a', '02556651509', 'elenasanteliz@gmail.com', 'Elena Santeliz de Perez', '04125267100', '', 'ACTIVO', '2017-04-29', 1, 0, 0);

-- --------------------------------------------------------

--
-- Table structure for table `recepcion`
--

CREATE TABLE `recepcion` (
  `id_recepcion` int(11) NOT NULL,
  `fecha_recepcion` date DEFAULT NULL,
  `empresa_id` date DEFAULT NULL,
  `unidad_operativa` int(11) NOT NULL,
  `deposito_id` int(11) NOT NULL COMMENT 'deposito que recive',
  `usuario_id` int(11) DEFAULT NULL,
  `estatus_recepcion` int(1) DEFAULT NULL,
  `tipo_doc_ori` int(3) DEFAULT NULL COMMENT 'tipo de documento de recepcion',
  `nro_doc_ori` char(12) COLLATE utf8_spanish_ci DEFAULT NULL COMMENT 'nro de documento de recepcion',
  `proveedor_id` int(11) DEFAULT NULL,
  `orden_compra` int(11) NOT NULL COMMENT 'orden de compra',
  `tipo_recepcion` varchar(20) COLLATE utf8_spanish_ci NOT NULL,
  `condicion_recepcion` varchar(20) COLLATE utf8_spanish_ci NOT NULL,
  `comentario` varchar(150) COLLATE utf8_spanish_ci DEFAULT NULL,
  `fecha_actualizacion` date DEFAULT NULL
) ENGINE=InnoDB DEFAULT CHARSET=utf8 COLLATE=utf8_spanish_ci;

--
-- Dumping data for table `recepcion`
--

INSERT INTO `recepcion` (`id_recepcion`, `fecha_recepcion`, `empresa_id`, `unidad_operativa`, `deposito_id`, `usuario_id`, `estatus_recepcion`, `tipo_doc_ori`, `nro_doc_ori`, `proveedor_id`, `orden_compra`, `tipo_recepcion`, `condicion_recepcion`, `comentario`, `fecha_actualizacion`) VALUES
(1, '2017-05-04', NULL, 1, 1, 1, 1, 1, '556', NULL, 0, '2', '', 'PRUEBA', NULL),
(2, '2017-08-09', NULL, 1, 1, 1, 1, 1, '55696', NULL, 0, '2', '', 'PRUEBA', NULL),
(3, '2018-11-11', NULL, 1, 1, 1, 1, 5, '36', NULL, 2, 'PROVEEDORES', '', 'NO APLICA', NULL);

-- --------------------------------------------------------

--
-- Table structure for table `recurso`
--

CREATE TABLE `recurso` (
  `id_recurso` int(11) NOT NULL,
  `nombre_recurso` char(60) COLLATE utf8_spanish_ci DEFAULT NULL,
  `empresa_id` int(11) NOT NULL,
  `descripcion_recurso` char(100) COLLATE utf8_spanish_ci DEFAULT NULL COMMENT 'descripcion del recurso',
  `posicion_recurso` int(2) DEFAULT NULL COMMENT 'posicion de ordenamiento',
  `icon_recurso` char(60) COLLATE utf8_spanish_ci DEFAULT NULL,
  `estatus_recurso` int(1) DEFAULT NULL,
  `modulo_id` int(11) DEFAULT NULL COMMENT 'id del modulo relacionado',
  `url_recurso` varchar(100) COLLATE utf8_spanish_ci NOT NULL,
  `clave` varchar(20) COLLATE utf8_spanish_ci NOT NULL,
  `tipo_recurso` int(11) NOT NULL COMMENT 'identifica el tipo de vista a mostrar',
  `ag_table_system_id` int(11) NOT NULL COMMENT 'id de la tabla que se relaciona',
  `validacion_carga` int(11) NOT NULL,
  `comentario_recurso` varchar(150) COLLATE utf8_spanish_ci NOT NULL
) ENGINE=InnoDB DEFAULT CHARSET=utf8 COLLATE=utf8_spanish_ci;

--
-- Dumping data for table `recurso`
--

INSERT INTO `recurso` (`id_recurso`, `nombre_recurso`, `empresa_id`, `descripcion_recurso`, `posicion_recurso`, `icon_recurso`, `estatus_recurso`, `modulo_id`, `url_recurso`, `clave`, `tipo_recurso`, `ag_table_system_id`, `validacion_carga`, `comentario_recurso`) VALUES
(1, 'Productos y Servicios', 1, 'Gestiona los productos del sistema', 2, 'fa fa-cubes', 1, 3, 'almacen/producto/index', 'producto', 0, 0, 0, ''),
(7, 'Tipo Deposito', 1, 'gestiona los tipos de deposito del negocio', 6, 'fa fa-sitemap', 1, 10, 'almacen/tipodeposito/index', 'tipoDeposito', 0, 0, 0, ''),
(8, 'Depsito', 1, 'gestiona los deposito del negocio', 4, 'fa fa-inbox', 1, 10, 'almacen/deposito/index/', 'deposito', 0, 0, 0, ''),
(9, 'Lista de Precio', 1, 'gestiona los precios de los productos', 7, 'fa fa-list-alt', 1, 2, 'venta/listaprecio/index', 'listaPrecio', 0, 0, 0, ''),
(10, 'Despacho', 1, 'gestiona las operaciones sobre los despacho en el area de almacen', 4, 'fa fa-upload', 1, 3, 'transaccion/almacen/despacho/', 'despacho', 0, 0, 0, ''),
(12, 'usuario', 1, 'gestiona los usuarios del sistema', 1, 'fa fa-users', 1, 9, 'seguridad/usuario/index', 'usuario', 0, 0, 0, ''),
(13, 'Rol', 1, 'gestiona los roles del sistema', 2, 'fa fa-share-alt', 1, 9, 'seguridad/role/index', 'rol', 0, 0, 0, ''),
(14, 'Permiso', 1, 'gestiona los permisos del sistema', 3, 'fa fa-tags', 1, 9, 'seguridad/permiso/index', 'permiso', 0, 0, 0, ''),
(15, 'Preguntas de Seguridad', 1, 'gestiona las preguntas de srguridad del sistema', 4, 'fa fa-bars', 1, 9, 'seguridad/pregunta/index', 'pseguridad', 0, 0, 0, ''),
(16, 'bitacora', 1, 'gestiona el registro de actividades del sistema', 5, 'fa fa-arrows', 1, 9, 'seguridad/bitacora/index', 'bitacora', 0, 0, 0, ''),
(17, 'Unidad Medida', 1, 'recurso que controla las unidades de medidas utilizadas por el sistema', 7, 'fa fa-flask', 9, 3, 'configuracion/unidadMedida/index', 'unimed', 0, 0, 0, ''),
(18, 'Modulos', 1, 'controla los modulos del sistema', 2, 'fa fa-sliders', 1, 12, 'desarrollo/modulo/index', 'modulo', 0, 0, 0, ''),
(19, 'Recurso', 1, 'controla los recursos del sistema', 3, 'fa fa-code-fork', 1, 12, 'desarrollo/recurso/index', 'recurso', 0, 0, 0, ''),
(20, 'Localidad', 1, 'manipula los estados territoriales dentro el sistema', 1, 'fa fa-university', 1, 10, 'configuracion/estado/index', 'estado', 0, 0, 0, ''),
(21, 'Clasificaciones', 1, 'manipula las clasificaciones y unidades  del sistema', 1, 'fa fa-hospital-o', 1, 3, 'almacen/clasificacion/index/', 'municipio', 0, 0, 0, ''),
(22, 'Sector', 1, 'manipula los sectores territoriales del sistema', 0, 'fa fa-map-marker', 9, 10, 'configuracion/sector/index', 'sector', 0, 0, 0, ''),
(23, 'Parroquia', 1, 'manipula las parroquias del sistema', 0, 'fa fa-home', 9, 10, 'configuracion/parroquia/index', 'parroquia', 0, 0, 0, ''),
(24, 'Transferencia', 1, 'gestiona todas las operaciones sobre  tranferencias de productos', 4, 'fa fa-exchange', 1, 8, 'transaccion/logistica/tranferencia/', 'tranferencia', 0, 0, 0, ''),
(25, 'Facturacion', 1, 'gestiona todas las operaciones sobre las factura de productos', 2, 'fa fa-laptop', 1, 2, 'venta/factura/index/', 'factura', 0, 0, 0, ''),
(26, 'Recepcin', 1, 'gestiona las operaciones sobre los despacho en el area de almacen', 3, 'fa fa-download', 1, 3, 'almacen/recepcion/index/', 'recepcion', 0, 0, 0, ''),
(28, 'Autorizacion Transporte', 1, 'gestiona todas las solicitudes de transportes realizadas por abastecimineto', 1, 'fa fa-truck', 9, 3, 'operacion/transporte/autorizarTransporte/', 'asignacionTranporte', 0, 0, 0, ''),
(29, 'Departamento', 1, 'manipula los sectores territoriales del sistema', 8, 'fa fa-th', 1, 19, 'rrhh/departamento/index', 'departamento', 0, 0, 0, ''),
(32, 'Cargo', 1, 'Gestioon de cargos', 9, 'fa fa-pencil-square-o', 1, 19, 'rrhh/cargo/index', 'cargo', 0, 0, 0, ''),
(33, 'Trabajador', 1, 'Gestion de trabajadores de la red pdval portuguesa', 10, 'fa fa-slideshare', 1, 19, 'rrhh/trabajador/index', 'trabajador', 0, 0, 0, ''),
(34, 'Transporte', 1, 'Gestionar los transportes de la institucin', 9, 'fa fa-bus', 9, 19, 'operacion/transporte/index', 'transporte', 0, 0, 0, ''),
(36, 'Requisicion', 1, 'gestiona las marcas de transporte', 3, 'fa fa-language', 1, 1, 'compra/requisicion/index', 'requisicion', 0, 0, 0, ''),
(37, 'Devolucion', 1, 'encargado de gestionar las devoluciones', 3, 'fa fa-calendar', 9, 2, 'venta/devolucion/index/', 'pdespacho', 0, 0, 0, ''),
(38, 'Registro de Proveedor', 1, 'proveedores externo del sistema', 6, 'fa fa-ship', 1, 1, 'compra/proveedor/index', 'proveeedor', 0, 0, 0, ''),
(39, 'Tipo Solicitud', 1, '', 6, 'cvxcvxc', 9, 10, 'configuracion/tipoSolicitud/index	', 'tsolicitud', 0, 0, 0, ''),
(40, 'Tipo Documento', 1, '', 7, 'fa fa-file-text-o', 1, 10, 'configuracion/tipoDocumento/index	', 'tdocumento', 0, 0, 0, ''),
(41, 'CxC', 1, 'Modulo que permite gestionar las cuentas por cobrar', 1, 'fa fa-newspaper-o', 1, 5, 'administracion/cxc/index/', 'consulta', 0, 0, 0, ''),
(42, 'CxP', 1, 'Modulo que gestiona las cuentas por pagar', 2, 'fa fa-file-text', 1, 5, 'administracion/cxp/index', 'listado', 0, 0, 0, ''),
(44, 'Tipo Movimientos', 1, 'Contiene los tipos de movimientos del sistema', 9, 'fa fa-share-alt-square', 1, 10, 'configuracion/tipoMovimiento/index', 'tmovimiento', 0, 0, 0, ''),
(47, 'Clientes', 1, 'Contenedor de clients del sistema', 1, 'fa fa-book', 1, 2, 'venta/cliente/index', 'cliente', 0, 0, 0, ''),
(48, 'Registro de Compra', 1, 'Recurso de prueba en configuracion', 5, 'fa fa-shopping-basket', 1, 1, 'compra/compras/index', 'compra', 0, 0, 0, ''),
(49, 'Unidad Operativa', 1, NULL, 3, 'fa fa-cog', 1, 10, 'archivo/unidad/index', 'unidadOperativa', 0, 0, 0, ''),
(51, 'Empresa', 1, NULL, 2, 'fa fa-industry', 1, 10, 'archivo/empresa/index', 'empresa', 0, 0, 0, ''),
(53, 'Tipo de Gasto', 1, 'CONCEPTOS DE GASTOS DEL SISTEMA', 5, 'fa fa-tasks', 1, 10, 'archivo/tipoGasto/index', 'tgasto', 0, 0, 0, ''),
(54, 'Premisas', 1, 'gestiona las premisas de ventas', 5, 'fa fa-signal', 9, 2, 'venta/premisa/index', '', 0, 0, 0, ''),
(55, 'Impuestos', 1, 'Conceptos de Impuestos', 6, 'fa fa-money', 1, 5, 'archivo/impuesto/index', 'impuesto', 0, 0, 0, ''),
(56, 'Cobros', 1, 'Gestiona la cobranza', 1, NULL, 1, 5, 'administracion/cobro/index', 'cobro', 0, 0, 0, ''),
(57, 'Pagos', 1, 'Gestiona los pagos', 2, NULL, 1, 5, 'administracion/pago/index', 'pago', 0, 0, 0, ''),
(58, 'Bancos', 1, 'Listado de Bancos', 4, 'fa fa-university', 1, 5, 'archivo/banco/index', 'banco', 0, 0, 0, '');

-- --------------------------------------------------------

--
-- Table structure for table `recursorole`
--

CREATE TABLE `recursorole` (
  `id_recurso_role` int(11) NOT NULL,
  `recurso_id` int(11) NOT NULL,
  `role_id` int(11) NOT NULL,
  `permiso_id` int(11) NOT NULL,
  `empresa_id` int(11) NOT NULL,
  `estatus_recurso_role` int(1) NOT NULL,
  `fecha_ult_act` date NOT NULL
) ENGINE=InnoDB DEFAULT CHARSET=utf8 COLLATE=utf8_spanish_ci;

--
-- Dumping data for table `recursorole`
--

INSERT INTO `recursorole` (`id_recurso_role`, `recurso_id`, `role_id`, `permiso_id`, `empresa_id`, `estatus_recurso_role`, `fecha_ult_act`) VALUES
(1, 1, 1, 1, 1, 1, '2019-03-05'),
(2, 1, 1, 2, 1, 1, '2019-03-05'),
(3, 1, 1, 3, 1, 1, '2019-03-05'),
(4, 2, 1, 1, 1, 1, '2016-04-01'),
(5, 2, 1, 2, 1, 1, '2016-04-01'),
(6, 2, 1, 3, 1, 1, '2016-04-01'),
(7, 4, 1, 1, 1, 1, '2016-04-01'),
(8, 4, 1, 2, 1, 9, '2016-04-01'),
(9, 4, 1, 3, 1, 1, '2016-04-01'),
(10, 3, 1, 1, 1, 1, '2016-04-04'),
(11, 3, 1, 2, 1, 1, '2016-04-04'),
(12, 3, 1, 3, 1, 1, '2016-04-04'),
(13, 12, 1, 1, 1, 1, '2016-04-04'),
(14, 12, 1, 2, 1, 1, '2016-04-04'),
(15, 12, 1, 3, 1, 1, '2016-04-04'),
(16, 16, 1, 1, 1, 1, '2016-04-05'),
(17, 16, 1, 2, 1, 1, '2016-04-05'),
(29, 1, 0, 1, 1, 1, '2016-04-12'),
(30, 1, 0, 3, 1, 1, '2016-04-12'),
(31, 1, 0, 2, 1, 1, '2016-04-12'),
(48, 7, 1, 1, 1, 1, '2016-05-21'),
(49, 7, 1, 2, 1, 1, '2016-05-21'),
(50, 7, 1, 3, 1, 1, '2016-05-21'),
(51, 7, 1, 4, 1, 1, '2016-05-21'),
(56, 9, 1, 1, 1, 1, '2016-05-21'),
(57, 9, 1, 2, 1, 1, '2016-05-21'),
(58, 9, 1, 3, 1, 1, '2016-05-21'),
(59, 9, 1, 4, 1, 1, '2016-05-21'),
(60, 10, 1, 1, 1, 1, '2016-05-21'),
(61, 10, 1, 2, 1, 1, '2016-05-21'),
(62, 10, 1, 3, 1, 1, '2016-05-21'),
(63, 10, 1, 4, 1, 1, '2016-05-21'),
(64, 11, 1, 1, 1, 1, '2016-05-21'),
(65, 11, 1, 2, 1, 1, '2016-05-21'),
(66, 11, 1, 3, 1, 1, '2016-05-21'),
(67, 11, 1, 4, 1, 1, '2016-05-21'),
(68, 13, 1, 1, 1, 1, '2016-05-21'),
(69, 13, 1, 2, 1, 1, '2016-05-21'),
(70, 13, 1, 3, 1, 1, '2016-05-21'),
(71, 13, 1, 4, 1, 1, '2016-05-21'),
(72, 14, 1, 1, 1, 1, '2016-05-21'),
(73, 14, 1, 2, 1, 1, '2016-05-21'),
(74, 14, 1, 3, 1, 1, '2016-05-21'),
(75, 14, 1, 4, 1, 1, '2016-05-21'),
(76, 15, 1, 1, 1, 1, '2016-05-21'),
(77, 15, 1, 2, 1, 1, '2016-05-21'),
(78, 15, 1, 3, 1, 1, '2016-05-21'),
(79, 15, 1, 4, 1, 1, '2016-05-21'),
(80, 17, 1, 1, 1, 1, '2016-05-21'),
(81, 17, 1, 2, 1, 1, '2016-05-21'),
(82, 17, 1, 3, 1, 1, '2016-05-21'),
(83, 17, 1, 4, 1, 1, '2016-05-21'),
(84, 18, 1, 1, 1, 1, '2016-05-21'),
(85, 18, 1, 2, 1, 1, '2016-05-21'),
(86, 18, 1, 3, 1, 1, '2016-05-21'),
(87, 18, 1, 4, 1, 1, '2016-05-21'),
(88, 19, 1, 1, 1, 1, '2016-05-21'),
(89, 19, 1, 2, 1, 1, '2016-05-21'),
(90, 19, 1, 3, 1, 1, '2016-05-21'),
(91, 19, 1, 4, 1, 1, '2016-05-21'),
(92, 20, 1, 1, 1, 1, '2016-05-21'),
(93, 20, 1, 2, 1, 1, '2016-05-21'),
(94, 20, 1, 3, 1, 1, '2016-05-21'),
(95, 20, 1, 4, 1, 1, '2016-05-21'),
(96, 21, 1, 1, 1, 1, '2016-05-21'),
(97, 21, 1, 2, 1, 1, '2016-05-21'),
(98, 21, 1, 3, 1, 1, '2016-05-21'),
(99, 21, 1, 4, 1, 1, '2016-05-21'),
(100, 22, 1, 1, 1, 1, '2016-05-21'),
(101, 22, 1, 2, 1, 1, '2016-05-21'),
(102, 22, 1, 3, 1, 1, '2016-05-21'),
(103, 22, 1, 4, 1, 1, '2016-05-21'),
(104, 25, 1, 1, 1, 1, '2016-05-21'),
(105, 25, 1, 2, 1, 1, '2016-05-21'),
(106, 25, 1, 3, 1, 1, '2016-05-21'),
(107, 25, 1, 4, 1, 1, '2016-05-21'),
(108, 26, 1, 1, 1, 1, '2016-05-21'),
(109, 26, 1, 2, 1, 1, '2016-05-21'),
(110, 26, 1, 3, 1, 1, '2016-05-21'),
(111, 26, 1, 4, 1, 1, '2016-05-21'),
(112, 33, 1, 1, 1, 1, '2016-05-21'),
(113, 33, 1, 2, 1, 1, '2016-05-21'),
(114, 33, 1, 3, 1, 1, '2016-05-21'),
(115, 33, 1, 4, 1, 1, '2016-05-21'),
(116, 40, 1, 1, 1, 1, '2016-05-21'),
(117, 40, 1, 2, 1, 1, '2016-05-21'),
(118, 40, 1, 3, 1, 1, '2016-05-21'),
(119, 40, 1, 4, 1, 1, '2016-05-21'),
(120, 39, 1, 1, 1, 1, '2016-05-21'),
(121, 39, 1, 2, 1, 1, '2016-05-21'),
(122, 39, 1, 3, 1, 1, '2016-05-21'),
(123, 39, 1, 4, 1, 1, '2016-05-21'),
(124, 37, 1, 1, 1, 1, '2016-05-21'),
(125, 37, 1, 2, 1, 1, '2016-05-21'),
(126, 37, 1, 3, 1, 1, '2016-05-21'),
(127, 37, 1, 4, 1, 1, '2016-05-21'),
(128, 31, 1, 1, 1, 1, '2016-05-21'),
(129, 31, 1, 2, 1, 1, '2016-05-21'),
(130, 31, 1, 3, 1, 1, '2016-05-21'),
(131, 31, 1, 4, 1, 1, '2016-05-21'),
(132, 38, 1, 1, 1, 1, '2016-05-21'),
(133, 38, 1, 2, 1, 1, '2016-05-21'),
(134, 38, 1, 3, 1, 1, '2016-05-21'),
(135, 38, 1, 4, 1, 1, '2016-05-21'),
(148, 44, 1, 1, 1, 1, '2016-06-08'),
(149, 44, 1, 2, 1, 1, '2016-06-08'),
(150, 44, 1, 3, 1, 1, '2016-06-08'),
(151, 44, 1, 4, 1, 1, '2016-06-08'),
(152, 34, 1, 1, 1, 1, '2016-06-10'),
(153, 34, 1, 2, 1, 1, '2016-06-10'),
(154, 34, 1, 3, 1, 1, '2016-06-10'),
(155, 34, 1, 4, 1, 1, '2016-06-10'),
(156, 32, 1, 1, 1, 1, '2016-06-10'),
(157, 32, 1, 2, 1, 1, '2016-06-10'),
(158, 32, 1, 3, 1, 1, '2016-06-10'),
(159, 32, 1, 4, 1, 1, '2016-06-10'),
(168, 29, 1, 1, 1, 1, '2016-07-03'),
(169, 29, 1, 2, 1, 1, '2016-07-03'),
(170, 29, 1, 3, 1, 1, '2016-07-03'),
(171, 29, 1, 4, 1, 1, '2016-07-03'),
(172, 1, 1, 4, 1, 1, '2019-03-05'),
(177, 2, 1, 4, 1, 1, '2016-07-03'),
(213, 1, 1, 5, 1, 1, '2019-03-05'),
(214, 8, 1, 1, 1, 1, '2016-07-05'),
(215, 8, 1, 2, 1, 1, '2016-07-05'),
(216, 8, 1, 3, 1, 1, '2016-07-05'),
(217, 8, 1, 4, 1, 1, '2016-07-05'),
(218, 8, 1, 5, 1, 1, '2016-07-05'),
(219, 42, 1, 2, 1, 1, '2016-07-05'),
(220, 42, 1, 4, 1, 1, '2016-07-05'),
(221, 41, 1, 4, 1, 1, '2016-07-05'),
(224, 28, 1, 1, 1, 1, '2016-07-06'),
(225, 28, 1, 2, 1, 1, '2016-07-06'),
(226, 28, 1, 3, 1, 1, '2016-07-06'),
(227, 28, 1, 4, 1, 1, '2016-07-06'),
(228, 28, 1, 5, 1, 1, '2016-07-06'),
(229, 48, 1, 1, 1, 1, '2017-01-29'),
(230, 48, 1, 2, 1, 1, '2017-01-29'),
(231, 48, 1, 3, 1, 1, '2017-01-29'),
(232, 48, 1, 5, 1, 1, '2017-01-29'),
(233, 36, 1, 1, 1, 1, '2019-09-01'),
(234, 52, 1, 1, 1, 1, '2017-02-23'),
(235, 52, 1, 2, 1, 1, '2017-02-23'),
(236, 52, 1, 3, 1, 1, '2017-02-23'),
(237, 52, 1, 4, 1, 1, '2017-02-23'),
(238, 52, 1, 5, 1, 1, '2017-02-23'),
(239, 53, 1, 1, 1, 1, '2017-03-01'),
(240, 53, 1, 2, 1, 1, '2017-03-01'),
(241, 53, 1, 4, 1, 1, '2017-03-01'),
(242, 55, 1, 1, 1, 1, '2017-07-25'),
(243, 55, 1, 2, 1, 1, '2017-07-25'),
(244, 55, 1, 3, 1, 1, '2017-07-25'),
(245, 55, 1, 4, 1, 1, '2017-07-25'),
(246, 57, 1, 1, 1, 1, '2017-09-29'),
(247, 57, 1, 2, 1, 1, '2017-09-29'),
(248, 57, 1, 3, 1, 1, '2017-09-29'),
(249, 57, 1, 4, 1, 1, '2017-09-29'),
(250, 57, 1, 5, 1, 1, '2017-09-29'),
(251, 56, 1, 1, 1, 1, '2017-09-29'),
(252, 56, 1, 2, 1, 1, '2017-09-29'),
(253, 56, 1, 3, 1, 1, '2017-09-29'),
(254, 56, 1, 4, 1, 1, '2017-09-29'),
(255, 56, 1, 5, 1, 1, '2017-09-29'),
(256, 58, 1, 1, 1, 1, '2017-10-01'),
(257, 58, 1, 2, 1, 1, '2017-10-01'),
(258, 58, 1, 3, 1, 1, '2017-10-01'),
(259, 58, 1, 4, 1, 1, '2017-10-01'),
(260, 58, 1, 5, 1, 1, '2017-10-01'),
(261, 51, 1, 4, 1, 1, '2018-01-10'),
(262, 59, 1, 1, 1, 1, '2018-02-05'),
(263, 59, 1, 2, 1, 1, '2018-02-05'),
(264, 59, 1, 3, 1, 1, '2018-02-05'),
(265, 59, 1, 4, 1, 1, '2018-02-05'),
(266, 59, 1, 5, 1, 1, '2018-02-05'),
(267, 60, 1, 1, 1, 1, '2018-02-19'),
(268, 60, 1, 2, 1, 1, '2018-02-19'),
(269, 60, 1, 3, 1, 1, '2018-02-19'),
(270, 60, 1, 4, 1, 1, '2018-02-19'),
(271, 60, 1, 5, 1, 1, '2018-02-19'),
(272, 1, 9, 2, 1, 1, '2019-03-05'),
(273, 1, 9, 3, 1, 1, '2019-03-05'),
(274, 1, 9, 4, 1, 1, '2019-03-05'),
(275, 1, 9, 5, 1, 1, '2019-03-05'),
(276, 7, 9, 1, 1, 1, '2019-03-05'),
(277, 7, 9, 2, 1, 1, '2019-03-05'),
(278, 7, 9, 3, 1, 1, '2019-03-05'),
(279, 7, 9, 4, 1, 1, '2019-03-05'),
(280, 7, 9, 5, 1, 1, '2019-03-05'),
(281, 49, 1, 1, 1, 1, '2019-03-05'),
(282, 49, 1, 2, 1, 1, '2019-03-05'),
(283, 49, 1, 3, 1, 1, '2019-03-05'),
(284, 49, 1, 4, 1, 1, '2019-03-05'),
(285, 49, 1, 5, 1, 1, '2019-03-05'),
(286, 36, 1, 2, 1, 1, '2019-09-01'),
(287, 36, 1, 3, 1, 1, '2019-09-01'),
(288, 36, 1, 4, 1, 1, '2019-09-01'),
(289, 36, 1, 5, 1, 9, '2019-09-01'),
(290, 12, 10, 1, 1, 1, '2020-03-26'),
(291, 12, 10, 2, 1, 1, '2020-03-26'),
(292, 12, 10, 3, 1, 1, '2020-03-26'),
(293, 12, 10, 4, 1, 1, '2020-03-26'),
(294, 12, 10, 5, 1, 1, '2020-03-26'),
(295, 13, 10, 1, 1, 1, '2020-03-26'),
(296, 13, 10, 2, 1, 1, '2020-03-26'),
(297, 13, 10, 3, 1, 1, '2020-03-26'),
(298, 13, 10, 4, 1, 1, '2020-03-26'),
(299, 13, 10, 5, 1, 1, '2020-03-26');

-- --------------------------------------------------------

--
-- Table structure for table `recursousuario`
--

CREATE TABLE `recursousuario` (
  `id_rec_usuario` int(11) NOT NULL,
  `recurso_id` int(11) NOT NULL,
  `usuario_id` int(11) NOT NULL,
  `permiso_id` int(11) NOT NULL,
  `empresa_id` int(11) NOT NULL,
  `estatus_recurso_usuario` int(1) NOT NULL,
  `fecha_ult_act` date NOT NULL
) ENGINE=InnoDB DEFAULT CHARSET=utf8 COLLATE=utf8_spanish_ci;

--
-- Dumping data for table `recursousuario`
--

INSERT INTO `recursousuario` (`id_rec_usuario`, `recurso_id`, `usuario_id`, `permiso_id`, `empresa_id`, `estatus_recurso_usuario`, `fecha_ult_act`) VALUES
(5, 10, 1, 1, 1, 1, '2016-04-02'),
(6, 10, 1, 2, 1, 1, '2016-04-02'),
(7, 10, 1, 3, 1, 1, '2016-04-02'),
(9, 13, 1, 1, 1, 1, '2016-04-04'),
(10, 13, 1, 2, 1, 1, '2016-04-04'),
(11, 13, 1, 3, 1, 1, '2016-04-04'),
(12, 10, 9, 1, 1, 1, '2016-04-05'),
(13, 10, 9, 2, 1, 1, '2016-04-05'),
(14, 10, 9, 3, 1, 1, '2016-04-05'),
(15, 10, 11, 1, 1, 1, '2016-04-10'),
(16, 10, 11, 2, 1, 1, '2016-04-10'),
(17, 10, 11, 3, 1, 1, '2016-04-10'),
(18, 1, 12, 1, 1, 1, '2016-04-10'),
(19, 1, 12, 2, 1, 1, '2016-04-10'),
(20, 1, 12, 3, 1, 1, '2016-04-10'),
(21, 26, 2, 1, 1, 1, '2016-04-10'),
(22, 26, 2, 2, 1, 1, '2016-04-10'),
(23, 26, 2, 3, 1, 1, '2016-04-10'),
(24, 11, 12, 1, 1, 1, '2016-04-10'),
(25, 11, 12, 2, 1, 1, '2016-04-10'),
(26, 11, 12, 3, 1, 1, '2016-04-10'),
(27, 41, 8, 1, 1, 9, '2016-05-24'),
(28, 41, 8, 2, 1, 9, '2016-05-24'),
(29, 41, 8, 3, 1, 9, '2016-05-24'),
(30, 41, 8, 4, 1, 1, '2016-05-24'),
(31, 42, 8, 1, 1, 9, '2016-05-24'),
(32, 42, 8, 2, 1, 9, '2016-05-24'),
(33, 42, 8, 3, 1, 9, '2016-05-24'),
(34, 42, 8, 4, 1, 1, '2016-05-24'),
(35, 24, 8, 1, 1, 1, '2016-05-29'),
(36, 24, 8, 2, 1, 1, '2016-05-29'),
(37, 24, 8, 3, 1, 1, '2016-05-29'),
(38, 24, 8, 4, 1, 1, '2016-05-29'),
(39, 27, 8, 1, 1, 1, '2016-05-30'),
(40, 27, 8, 2, 1, 1, '2016-05-30'),
(41, 27, 8, 3, 1, 1, '2016-05-30'),
(42, 27, 8, 4, 1, 1, '2016-05-30'),
(43, 43, 8, 1, 1, 1, '2016-06-04'),
(44, 43, 8, 2, 1, 1, '2016-06-04'),
(45, 43, 8, 3, 1, 1, '2016-06-04'),
(46, 43, 8, 4, 1, 1, '2016-06-04'),
(47, 43, 3, 1, 1, 1, '2016-06-09'),
(48, 43, 3, 2, 1, 1, '2016-06-09'),
(49, 43, 3, 3, 1, 1, '2016-06-09'),
(50, 43, 3, 4, 1, 1, '2016-06-09'),
(51, 36, 3, 1, 1, 1, '2016-06-09'),
(52, 36, 3, 2, 1, 1, '2016-06-09'),
(53, 36, 3, 3, 1, 1, '2016-06-09'),
(54, 36, 3, 4, 1, 1, '2016-06-09'),
(55, 7, 3, 1, 1, 1, '2016-06-09'),
(56, 7, 3, 2, 1, 1, '2016-06-09'),
(57, 7, 3, 3, 1, 1, '2016-06-09'),
(58, 7, 3, 4, 1, 1, '2016-06-09'),
(59, 45, 3, 1, 1, 1, '2016-06-09'),
(60, 45, 3, 2, 1, 1, '2016-06-09'),
(61, 45, 3, 3, 1, 1, '2016-06-09'),
(62, 45, 3, 4, 1, 1, '2016-06-09'),
(63, 34, 3, 1, 1, 1, '2016-06-09'),
(64, 34, 3, 2, 1, 1, '2016-06-09'),
(65, 34, 3, 3, 1, 1, '2016-06-09'),
(66, 34, 3, 4, 1, 1, '2016-06-09'),
(67, 9, 3, 1, 1, 1, '2016-06-10'),
(68, 9, 3, 2, 1, 1, '2016-06-10'),
(69, 9, 3, 3, 1, 1, '2016-06-10'),
(70, 9, 3, 4, 1, 1, '2016-06-10'),
(71, 23, 3, 1, 1, 1, '2016-06-17'),
(72, 23, 3, 2, 1, 1, '2016-06-17'),
(73, 23, 3, 3, 1, 1, '2016-06-17'),
(74, 23, 3, 4, 1, 1, '2016-06-17'),
(75, 36, 8, 1, 1, 1, '2016-07-02'),
(76, 36, 8, 2, 1, 1, '2016-07-02'),
(77, 36, 8, 3, 1, 1, '2016-07-02'),
(78, 36, 8, 4, 1, 1, '2016-07-02'),
(83, 33, 1, 1, 1, 1, '2016-07-05'),
(84, 33, 1, 2, 1, 1, '2016-07-05'),
(85, 33, 1, 3, 1, 1, '2016-07-05'),
(86, 33, 1, 4, 1, 9, '2016-07-05'),
(87, 23, 13, 1, 1, 1, '2016-07-02'),
(88, 23, 13, 2, 1, 1, '2016-07-02'),
(89, 23, 13, 3, 1, 1, '2016-07-02'),
(90, 23, 13, 4, 1, 1, '2016-07-02'),
(91, 25, 1, 1, 1, 1, '2016-07-02'),
(92, 25, 1, 2, 1, 1, '2016-07-02'),
(93, 25, 1, 3, 1, 1, '2016-07-02'),
(94, 25, 1, 4, 1, 1, '2016-07-02'),
(95, 1, 16, 1, 1, 1, '2016-07-02'),
(96, 1, 16, 2, 1, 1, '2016-07-02'),
(97, 1, 16, 3, 1, 1, '2016-07-02'),
(98, 1, 16, 4, 1, 1, '2016-07-02'),
(99, 7, 16, 1, 1, 1, '2016-07-02'),
(100, 7, 16, 2, 1, 1, '2016-07-02'),
(101, 7, 16, 3, 1, 1, '2016-07-02'),
(102, 7, 16, 4, 1, 1, '2016-07-02'),
(103, 20, 16, 1, 1, 1, '2016-07-02'),
(104, 20, 16, 2, 1, 1, '2016-07-02'),
(105, 20, 16, 3, 1, 1, '2016-07-02'),
(106, 20, 16, 4, 1, 1, '2016-07-02'),
(107, 21, 16, 1, 1, 1, '2016-07-02'),
(108, 21, 16, 2, 1, 1, '2016-07-02'),
(109, 21, 16, 3, 1, 1, '2016-07-02'),
(110, 21, 16, 4, 1, 1, '2016-07-02'),
(111, 22, 16, 1, 1, 1, '2016-07-02'),
(112, 22, 16, 2, 1, 1, '2016-07-02'),
(113, 22, 16, 3, 1, 1, '2016-07-02'),
(114, 22, 16, 4, 1, 1, '2016-07-02'),
(115, 23, 16, 1, 1, 1, '2016-07-02'),
(116, 23, 16, 2, 1, 1, '2016-07-02'),
(117, 23, 16, 3, 1, 1, '2016-07-02'),
(118, 23, 16, 4, 1, 1, '2016-07-02'),
(119, 47, 3, 1, 1, 1, '2016-07-03'),
(120, 47, 3, 2, 1, 1, '2016-07-03'),
(121, 47, 3, 3, 1, 1, '2016-07-03'),
(122, 47, 3, 4, 1, 1, '2016-07-03'),
(123, 42, 3, 1, 1, 1, '2016-07-03'),
(124, 42, 3, 2, 1, 1, '2016-07-03'),
(125, 42, 3, 3, 1, 1, '2016-07-03'),
(126, 42, 3, 4, 1, 1, '2016-07-03'),
(127, 44, 3, 1, 1, 1, '2016-07-03'),
(128, 44, 3, 2, 1, 1, '2016-07-03'),
(129, 44, 3, 3, 1, 1, '2016-07-03'),
(130, 44, 3, 4, 1, 1, '2016-07-03'),
(131, 40, 3, 1, 1, 1, '2016-07-03'),
(132, 40, 3, 2, 1, 1, '2016-07-03'),
(133, 40, 3, 3, 1, 1, '2016-07-03'),
(134, 40, 3, 4, 1, 1, '2016-07-03'),
(135, 37, 3, 1, 1, 0, '2016-07-03'),
(136, 37, 3, 2, 1, 0, '2016-07-03'),
(137, 37, 3, 3, 1, 0, '2016-07-03'),
(138, 37, 3, 4, 1, 0, '2016-07-03'),
(139, 24, 3, 1, 1, 1, '2016-07-03'),
(140, 24, 3, 2, 1, 1, '2016-07-03'),
(141, 24, 3, 3, 1, 1, '2016-07-03'),
(142, 24, 3, 4, 1, 1, '2016-07-03'),
(143, 2, 3, 1, 1, 1, '2016-07-05'),
(144, 2, 3, 2, 1, 1, '2016-07-05'),
(145, 2, 3, 3, 1, 1, '2016-07-05'),
(146, 2, 3, 4, 1, 1, '2016-07-05'),
(147, 43, 1, 1, 1, 1, '2016-07-05'),
(148, 43, 1, 2, 1, 1, '2016-07-05'),
(149, 43, 1, 3, 1, 1, '2016-07-05'),
(150, 43, 1, 4, 1, 1, '2016-07-05'),
(151, 43, 1, 5, 1, 1, '2016-07-05'),
(152, 43, 10, 1, 1, 1, '2016-07-05'),
(153, 43, 10, 2, 1, 0, '2016-07-05'),
(154, 43, 10, 3, 1, 0, '2016-07-05'),
(155, 43, 10, 4, 1, 1, '2016-07-05'),
(156, 43, 10, 5, 1, 0, '2016-07-05'),
(157, 12, 14, 1, 1, 0, '2016-07-06'),
(158, 12, 14, 2, 1, 0, '2016-07-06'),
(159, 12, 14, 3, 1, 0, '2016-07-06'),
(160, 12, 14, 4, 1, 1, '2016-07-06'),
(161, 12, 14, 5, 1, 1, '2016-07-06'),
(162, 47, 1, 1, 1, 1, '2016-11-04'),
(163, 47, 1, 2, 1, 0, '2016-11-04'),
(164, 47, 1, 3, 1, 0, '2016-11-04'),
(165, 47, 1, 4, 1, 1, '2016-11-04'),
(166, 47, 1, 5, 1, 0, '2016-11-04'),
(167, 49, 1, 1, 1, 1, '2017-01-31'),
(168, 49, 1, 2, 1, 1, '2017-01-31'),
(169, 49, 1, 3, 1, 1, '2017-01-31'),
(170, 49, 1, 4, 1, 1, '2017-01-31'),
(171, 49, 1, 5, 1, 1, '2017-01-31'),
(172, 51, 1, 1, 1, 1, '2017-02-01'),
(173, 51, 1, 2, 1, 1, '2017-02-01'),
(174, 51, 1, 3, 1, 1, '2017-02-01'),
(175, 51, 1, 4, 1, 1, '2017-02-01'),
(176, 51, 1, 5, 1, 1, '2017-02-01'),
(177, 54, 1, 1, 1, 1, '2017-05-04'),
(178, 54, 1, 2, 1, 1, '2017-05-04'),
(179, 54, 1, 3, 1, 1, '2017-05-04'),
(180, 54, 1, 4, 1, 1, '2017-05-04'),
(181, 54, 1, 5, 1, 1, '2017-05-04'),
(182, 48, 1, 1, 1, 0, '2018-01-18'),
(183, 48, 1, 2, 1, 0, '2018-01-18'),
(184, 48, 1, 3, 1, 0, '2018-01-18'),
(185, 48, 1, 4, 1, 1, '2018-01-18'),
(186, 48, 1, 5, 1, 0, '2018-01-18'),
(187, 58, 2, 1, 1, 1, '2019-03-05'),
(188, 58, 2, 2, 1, 1, '2019-03-05'),
(189, 58, 2, 3, 1, 1, '2019-03-05'),
(190, 58, 2, 4, 1, 1, '2019-03-05'),
(191, 58, 2, 5, 1, 9, '2019-03-05');

-- --------------------------------------------------------

--
-- Table structure for table `relacion_deposito`
--

CREATE TABLE `relacion_deposito` (
  `id_relacion` int(11) NOT NULL,
  `usuario_id` int(11) NOT NULL,
  `fecha_creacion` date NOT NULL,
  `deposito_id` int(11) NOT NULL,
  `estatus_relacion` int(1) NOT NULL
) ENGINE=InnoDB DEFAULT CHARSET=utf8 COLLATE=utf8_spanish_ci;

--
-- Dumping data for table `relacion_deposito`
--

INSERT INTO `relacion_deposito` (`id_relacion`, `usuario_id`, `fecha_creacion`, `deposito_id`, `estatus_relacion`) VALUES
(1, 1, '2016-10-01', 1, 1),
(2, 2, '2016-12-19', 1, 1);

-- --------------------------------------------------------

--
-- Table structure for table `relacion_unidad`
--

CREATE TABLE `relacion_unidad` (
  `id_relacion_unidad` int(11) NOT NULL,
  `unidad_id` int(11) DEFAULT NULL,
  `deposito_id` int(11) DEFAULT NULL,
  `fecha_creacion` date NOT NULL,
  `estatus_relacion` int(1) NOT NULL
) ENGINE=InnoDB DEFAULT CHARSET=utf8 COLLATE=utf8_spanish_ci;

--
-- Dumping data for table `relacion_unidad`
--

INSERT INTO `relacion_unidad` (`id_relacion_unidad`, `unidad_id`, `deposito_id`, `fecha_creacion`, `estatus_relacion`) VALUES
(1, 1, 1, '2017-02-11', 1),
(2, 1, 2, '2017-02-11', 1),
(3, 1, 3, '2017-02-11', 1),
(4, 2, 1, '2017-02-11', 1),
(5, 3, 1, '2017-02-11', 1);

-- --------------------------------------------------------

--
-- Table structure for table `requisicion`
--

CREATE TABLE `requisicion` (
  `id_requisicion` int(11) NOT NULL,
  `fecha_requisicion` date DEFAULT NULL,
  `empresa_id` int(11) NOT NULL,
  `unidad_operativa_id` int(11) NOT NULL,
  `departamento_id` int(11) DEFAULT NULL,
  `deposito_id` int(11) NOT NULL,
  `usuario_id` int(11) DEFAULT NULL,
  `tipo_requisicion` varchar(20) COLLATE utf8_spanish_ci DEFAULT NULL,
  `plazo_requisicion` int(3) DEFAULT NULL,
  `motivo_requisicion` varchar(150) COLLATE utf8_spanish_ci DEFAULT NULL,
  `prioridad_requisicion` char(10) COLLATE utf8_spanish_ci DEFAULT NULL,
  `estatus_requisicion` int(11) DEFAULT NULL,
  `condicion_requisicion` char(20) COLLATE utf8_spanish_ci DEFAULT NULL,
  `comentario_requisicion` varchar(100) COLLATE utf8_spanish_ci DEFAULT NULL,
  `fecha_evaluacion` date DEFAULT NULL,
  `usuario_evaluacion` int(11) DEFAULT NULL,
  `motivo_evaluacion` varchar(100) COLLATE utf8_spanish_ci DEFAULT NULL
) ENGINE=InnoDB DEFAULT CHARSET=utf8 COLLATE=utf8_spanish_ci;

--
-- Dumping data for table `requisicion`
--

INSERT INTO `requisicion` (`id_requisicion`, `fecha_requisicion`, `empresa_id`, `unidad_operativa_id`, `departamento_id`, `deposito_id`, `usuario_id`, `tipo_requisicion`, `plazo_requisicion`, `motivo_requisicion`, `prioridad_requisicion`, `estatus_requisicion`, `condicion_requisicion`, `comentario_requisicion`, `fecha_evaluacion`, `usuario_evaluacion`, `motivo_evaluacion`) VALUES
(1, '2018-07-22', 1, 1, 1, 1, 1, 'DIRECTA', 2, 'MANTENIMIENTO DE LUMINARIAS DE SUCURSAL EL TUNAL', 'ALTA', 1, 'ABIERTA', 'SE REQUIERE CAMBIAR BALASTOS Y CABLEADO', NULL, NULL, NULL);

-- --------------------------------------------------------

--
-- Table structure for table `role`
--

CREATE TABLE `role` (
  `id_role` int(11) NOT NULL,
  `empresa_id` int(11) NOT NULL,
  `nombre_role` varchar(30) COLLATE utf8_spanish_ci NOT NULL,
  `descripcion_role` varchar(150) COLLATE utf8_spanish_ci DEFAULT NULL,
  `estatus_role` int(1) NOT NULL,
  `fecha_crea_role` date NOT NULL
) ENGINE=InnoDB DEFAULT CHARSET=utf8 COLLATE=utf8_spanish_ci COMMENT='registro de los roles ';

--
-- Dumping data for table `role`
--

INSERT INTO `role` (`id_role`, `empresa_id`, `nombre_role`, `descripcion_role`, `estatus_role`, `fecha_crea_role`) VALUES
(1, 1, 'Administrador', 'Administraddor del sistema', 1, '2015-10-17'),
(2, 1, 'Usuario', 'Usuario normal del sistema', 1, '2015-10-19'),
(3, 1, 'Supervisor', 'Supervisor de actividades', 1, '2015-10-19'),
(9, 1, 'System', 'Usuario de sistema', 1, '2019-03-03'),
(10, 1, 'prueba', 'prueba de sistema', 1, '2020-03-26'),
(11, 1, 'prueba', 'prueba', 9, '2020-03-26');

-- --------------------------------------------------------

--
-- Table structure for table `sector`
--

CREATE TABLE `sector` (
  `id_sector` int(11) NOT NULL,
  `descripcion_sector` varchar(100) COLLATE utf8_spanish_ci NOT NULL,
  `fecha_creacion` date NOT NULL,
  `estatus_sector` int(11) NOT NULL,
  `parroquia_id` int(11) NOT NULL,
  `empresa_id` int(11) NOT NULL
) ENGINE=InnoDB DEFAULT CHARSET=utf8 COLLATE=utf8_spanish_ci;

--
-- Dumping data for table `sector`
--

INSERT INTO `sector` (`id_sector`, `descripcion_sector`, `fecha_creacion`, `estatus_sector`, `parroquia_id`, `empresa_id`) VALUES
(1, 'barrio nuevo', '2016-07-02', 1, 94, 0),
(2, 'centro araure', '2016-07-02', 1, 95, 0),
(3, 'barrio ajuro', '2016-07-02', 1, 96, 0),
(4, 'andres bello', '2016-07-02', 1, 97, 0),
(5, 'el jobal', '2016-07-02', 1, 98, 0),
(6, 'la aparicion de ospino', '2016-07-02', 1, 99, 0),
(7, 'el cementerio', '2016-07-02', 1, 100, 0),
(8, 'pueblo dulce', '2016-07-02', 1, 101, 0),
(9, 'guayabal', '2016-07-02', 1, 102, 0),
(10, 'barrio la lagunilla', '2016-07-02', 1, 103, 0),
(11, 'barrio el pinal', '2016-07-02', 1, 104, 0),
(12, 'burbusal', '2016-07-02', 1, 105, 0),
(13, 'la florida', '2016-07-02', 1, 106, 0),
(14, 'barrio negro primero', '2016-07-02', 1, 107, 0),
(15, 'durigua', '2016-07-02', 1, 100, 0),
(16, 'libertador', '2016-07-02', 1, 97, 0),
(17, 'los irani', '2016-07-02', 1, 100, 0),
(18, 'el central', '2016-07-02', 1, 100, 0),
(19, '23 de enero', '2016-07-02', 1, 54, 0),
(20, 'Mirimiri', '2018-01-17', 1, 107, 0);

-- --------------------------------------------------------

--
-- Table structure for table `servicio`
--

CREATE TABLE `servicio` (
  `id_servicio` int(11) NOT NULL,
  `fecha_creacion` int(11) DEFAULT 0,
  `usuario_creador` int(11) DEFAULT 0,
  `nombre_servicio` varchar(100) COLLATE utf8_spanish_ci DEFAULT '0',
  `estatus_servicio` int(1) DEFAULT 0,
  `condicion_servicio` char(20) COLLATE utf8_spanish_ci DEFAULT '0',
  `comentario_servicio` varchar(150) COLLATE utf8_spanish_ci DEFAULT '0',
  `clasificacion_id` int(11) DEFAULT 0,
  `grupo_id` int(11) DEFAULT 0
) ENGINE=InnoDB DEFAULT CHARSET=utf8 COLLATE=utf8_spanish_ci COMMENT='TABLA QUE CONTIENE LOS SERVICIOS';

--
-- Dumping data for table `servicio`
--

INSERT INTO `servicio` (`id_servicio`, `fecha_creacion`, `usuario_creador`, `nombre_servicio`, `estatus_servicio`, `condicion_servicio`, `comentario_servicio`, `clasificacion_id`, `grupo_id`) VALUES
(1, 2147483647, 1, 'remplazo de luminarias tipo led', 1, 'ACTIVO', 'consiste en remplazar las luminarias tipo led que presentan fallas', 5, 5),
(2, 2147483647, 1, 'remplzo de balastos de 80W', 1, 'ACTIVO', 'Consiste en remplazar balastos de 80W  para luminarias internas por presentar fallas', 5, 5);

-- --------------------------------------------------------

--
-- Table structure for table `solicitud`
--

CREATE TABLE `solicitud` (
  `id_solicitud` int(11) NOT NULL,
  `fecha_solicitud` date DEFAULT NULL,
  `tipo_solicitud` int(11) NOT NULL,
  `usuario_solicitud` int(11) DEFAULT NULL,
  `origen_solicitud` int(11) DEFAULT NULL,
  `destino_solicitud` int(11) NOT NULL,
  `estatus_solicitud` int(1) DEFAULT NULL,
  `condicion_solicitud` varchar(45) COLLATE utf8_spanish_ci DEFAULT NULL,
  `comentario_solicitud` varchar(45) COLLATE utf8_spanish_ci DEFAULT NULL
) ENGINE=InnoDB DEFAULT CHARSET=utf8 COLLATE=utf8_spanish_ci;

--
-- Dumping data for table `solicitud`
--

INSERT INTO `solicitud` (`id_solicitud`, `fecha_solicitud`, `tipo_solicitud`, `usuario_solicitud`, `origen_solicitud`, `destino_solicitud`, `estatus_solicitud`, `condicion_solicitud`, `comentario_solicitud`) VALUES
(1, '2016-07-03', 1, 8, 3, 2, 1, 'PLANIFICADA', 'prueba'),
(2, '2016-07-05', 1, 1, 3, 2, 1, 'DESPACHADO', 'prueba'),
(3, '2016-07-06', 1, 1, 3, 2, 1, 'DESPACHADO', 'prueba');

-- --------------------------------------------------------

--
-- Table structure for table `stock`
--

CREATE TABLE `stock` (
  `id_stock` int(11) NOT NULL,
  `producto_id` int(11) NOT NULL,
  `cantidad` int(11) NOT NULL DEFAULT 0,
  `deposito_id` int(11) NOT NULL,
  `empresa_id` int(11) NOT NULL,
  `unidad_id` int(11) NOT NULL,
  `fecha_ult_act` date NOT NULL,
  `recepcion_id` int(11) DEFAULT NULL,
  `compra_id` int(11) DEFAULT NULL,
  `costo_stock` decimal(12,2) DEFAULT NULL,
  `precio_stock` decimal(12,2) DEFAULT NULL,
  `estatus_stock` int(1) DEFAULT NULL,
  `utilidad_stock` decimal(6,2) DEFAULT NULL
) ENGINE=InnoDB DEFAULT CHARSET=utf8 COLLATE=utf8_spanish_ci;

--
-- Dumping data for table `stock`
--

INSERT INTO `stock` (`id_stock`, `producto_id`, `cantidad`, `deposito_id`, `empresa_id`, `unidad_id`, `fecha_ult_act`, `recepcion_id`, `compra_id`, `costo_stock`, `precio_stock`, `estatus_stock`, `utilidad_stock`) VALUES
(1, 6, 0, 1, 0, 0, '2017-05-04', 1, 1, '3360.00', '5040.00', 1, '50.00'),
(2, 6, 10, 1, 0, 0, '2017-08-09', 2, NULL, NULL, NULL, NULL, NULL),
(3, 1, 10, 1, 0, 0, '2017-08-09', 2, NULL, NULL, NULL, NULL, NULL),
(4, 6, 10, 0, 0, 0, '2017-08-31', NULL, 7, '5000.00', NULL, 1, NULL),
(5, 5, 10, 1, 0, 0, '2017-08-31', NULL, 8, '4820.00', NULL, 1, NULL),
(6, 6, 10, 0, 0, 0, '2017-09-11', NULL, 9, '50000.00', NULL, 1, NULL),
(7, 6, 2, 1, 0, 0, '2018-01-18', NULL, 10, '100000.00', NULL, 9, NULL),
(8, 6, 10, 1, 0, 0, '2018-02-03', NULL, 11, '250000.00', NULL, 1, NULL),
(9, 6, 10, 1, 0, 0, '2018-11-11', 3, NULL, NULL, NULL, NULL, NULL),
(10, 6, 10, 1, 1, 1, '2019-08-30', NULL, 13, '500.00', NULL, 1, NULL),
(11, 6, 20, 1, 1, 1, '2019-08-30', NULL, 14, '500.00', NULL, 1, NULL),
(12, 6, 10, 1, 1, 1, '2019-08-30', NULL, 15, '550.00', NULL, 1, NULL);

-- --------------------------------------------------------

--
-- Table structure for table `tipoclasificacion`
--

CREATE TABLE `tipoclasificacion` (
  `id_tipo_clasificacion` int(11) NOT NULL,
  `fecha_creacion` date NOT NULL,
  `nombre_tipo_clasificacion` varchar(50) COLLATE utf8_spanish_ci NOT NULL,
  `nivel_tipo_clasificacion` int(1) NOT NULL,
  `estatus_tipo_clasificacion` int(1) NOT NULL,
  `comentario_tipo_clasificacion` varchar(100) COLLATE utf8_spanish_ci NOT NULL
) ENGINE=InnoDB DEFAULT CHARSET=utf8 COLLATE=utf8_spanish_ci;

--
-- Dumping data for table `tipoclasificacion`
--

INSERT INTO `tipoclasificacion` (`id_tipo_clasificacion`, `fecha_creacion`, `nombre_tipo_clasificacion`, `nivel_tipo_clasificacion`, `estatus_tipo_clasificacion`, `comentario_tipo_clasificacion`) VALUES
(1, '2016-08-15', 'MATERIA PRIMA', 1, 1, 'PRODUCTOS DE MATERIA BASE PARA FABRICACION'),
(2, '2016-08-15', 'PRODUCTOS', 1, 1, 'PRODUCTOS '),
(4, '2016-08-15', 'BIENES E INMUEBLES', 1, 1, 'BIENES E INMUEBLES'),
(5, '2018-02-24', 'SERVICIOS', 1, 1, 'SERVICIOS');

-- --------------------------------------------------------

--
-- Table structure for table `tipodeposito`
--

CREATE TABLE `tipodeposito` (
  `id_tipo_deposito` int(11) NOT NULL,
  `nombre_tipo_deposito` varchar(45) COLLATE utf8_spanish_ci DEFAULT NULL,
  `descripcion_tipo_deposito` varchar(150) COLLATE utf8_spanish_ci DEFAULT NULL,
  `estatus_tipo_deposito` int(1) DEFAULT NULL,
  `fecha_creacion` datetime DEFAULT NULL
) ENGINE=InnoDB DEFAULT CHARSET=utf8 COLLATE=utf8_spanish_ci;

--
-- Dumping data for table `tipodeposito`
--

INSERT INTO `tipodeposito` (`id_tipo_deposito`, `nombre_tipo_deposito`, `descripcion_tipo_deposito`, `estatus_tipo_deposito`, `fecha_creacion`) VALUES
(1, 'CAVA REFRIGERADA ', 'CAVA DE REFRIGERACION PAR PRODUCTOS PEDECEDEROS', 1, '2017-02-04 23:46:14'),
(3, 'GALPON VENTILADO', 'ALMACEN PARA MERCANCIA SOLIDA SECA O LINEA BLANCA', 1, '2019-03-13 23:18:35');

-- --------------------------------------------------------

--
-- Table structure for table `tipodocumento`
--

CREATE TABLE `tipodocumento` (
  `id_tipo_documento` int(11) NOT NULL,
  `nombre_tipo_documento` varchar(30) COLLATE utf8_spanish2_ci NOT NULL,
  `ncorto` varchar(5) COLLATE utf8_spanish2_ci NOT NULL,
  `accion` varchar(10) COLLATE utf8_spanish2_ci NOT NULL,
  `fecha_creacion` date NOT NULL,
  `estatus_tipo_documento` int(1) NOT NULL
) ENGINE=InnoDB DEFAULT CHARSET=utf8 COLLATE=utf8_spanish2_ci;

--
-- Dumping data for table `tipodocumento`
--

INSERT INTO `tipodocumento` (`id_tipo_documento`, `nombre_tipo_documento`, `ncorto`, `accion`, `fecha_creacion`, `estatus_tipo_documento`) VALUES
(1, 'FACTURA DE VENTA', 'FACVN', 'SALIDA', '2016-04-14', 1),
(2, 'NOTA DE DESPACHO', 'NTDSP', 'SALIDA', '2016-04-14', 1),
(3, 'ORDEN DE COMPRA', 'ODC', 'ENTRADA', '2016-04-14', 1),
(4, 'ORDEN DE REQUISICION', 'ODR', 'ENTRADA', '2016-04-14', 1),
(5, 'FACTURA DE COMPRA', 'FACCP', 'ENTRADA', '0000-00-00', 1),
(6, 'RECIVO DE COBRO', 'CBO', 'ENTRADA', '2016-01-01', 1),
(7, 'RECIVO DE PAGO', 'PGO', 'SALIDA', '2016-01-01', 1),
(8, 'CXC', 'CXC', 'SALIDA', '2016-01-01', 1);

-- --------------------------------------------------------

--
-- Table structure for table `tipogasto`
--

CREATE TABLE `tipogasto` (
  `id_tipo_gasto` int(11) NOT NULL,
  `fecha_creacion` date NOT NULL,
  `nombre_tipo_gasto` varchar(100) COLLATE utf8_spanish_ci NOT NULL,
  `estatus_tipo_gasto` int(1) NOT NULL,
  `condicion_tipo_gasto` varchar(20) COLLATE utf8_spanish_ci NOT NULL,
  `comentario_tipo_gasto` varchar(100) COLLATE utf8_spanish_ci NOT NULL
) ENGINE=InnoDB DEFAULT CHARSET=utf8 COLLATE=utf8_spanish_ci;

--
-- Dumping data for table `tipogasto`
--

INSERT INTO `tipogasto` (`id_tipo_gasto`, `fecha_creacion`, `nombre_tipo_gasto`, `estatus_tipo_gasto`, `condicion_tipo_gasto`, `comentario_tipo_gasto`) VALUES
(1, '2017-03-01', 'TRANSPORTE Y MOVILIZACION DE MERCANCIA', 1, 'ACTIVO', 'PRUEBA'),
(2, '2017-03-01', 'TRANSPORTE', 1, 'ACTIVO', 'PRUEBA'),
(3, '2017-03-02', 'ALMUERZO', 1, 'ACTIVO', 'PRUEBA'),
(4, '2019-03-21', 'DESAYUNO', 1, 'ACTIVO', 'DESAYUNO');

-- --------------------------------------------------------

--
-- Table structure for table `tipomovimiento`
--

CREATE TABLE `tipomovimiento` (
  `id_tipo_movimiento` int(11) NOT NULL COMMENT 'identificador clave primaria de la tabla',
  `fecha_creacion` date NOT NULL COMMENT 'fecha de creaxion del tipo de movimiento',
  `nombre_tipo_movimiento` varchar(60) COLLATE utf8_spanish_ci NOT NULL COMMENT 'nombre del tipo de movomiento',
  `accion` varchar(1) COLLATE utf8_spanish_ci NOT NULL COMMENT 'accion que implementa el tipo de movimiento',
  `estatus_tipo_movimiento` int(1) NOT NULL COMMENT 'estatus del tipo de movimiento  1 activo o 9 inactivo'
) ENGINE=InnoDB DEFAULT CHARSET=utf8 COLLATE=utf8_spanish_ci;

--
-- Dumping data for table `tipomovimiento`
--

INSERT INTO `tipomovimiento` (`id_tipo_movimiento`, `fecha_creacion`, `nombre_tipo_movimiento`, `accion`, `estatus_tipo_movimiento`) VALUES
(1, '2016-06-07', 'AJUSTE DE ENTRADA POR ERROR ', 'R', 1),
(2, '2016-06-08', 'AJUSTE DE SALIDA POR ERROR', 'S', 1),
(3, '2016-06-08', 'AJUSTE DE ENTRADA POR INCIDENCIA', 'R', 1),
(4, '2016-06-08', 'AJUSTE DE SALIDA POR INCIDENCIA', 'S', 1),
(5, '2016-06-08', 'DESPACHO', 'R', 1),
(6, '2016-07-03', 'PRUEBA', 'S', 9),
(7, '2018-03-07', 'COMPRA', 'D', 1),
(8, '2017-03-07', 'VENTA', 'C', 1),
(9, '2017-03-08', 'GASTO', 'D', 0);

-- --------------------------------------------------------

--
-- Table structure for table `tipo_notificacion`
--

CREATE TABLE `tipo_notificacion` (
  `id_tipo_notificacion` int(11) NOT NULL,
  `fecha_creacion` date NOT NULL,
  `nombre_tipo_notificacion` varchar(100) COLLATE utf8_spanish_ci NOT NULL,
  `estatus_tipo_notificacion` int(1) NOT NULL,
  `prioridad_tipo_notificacion` varchar(15) COLLATE utf8_spanish_ci NOT NULL
) ENGINE=InnoDB DEFAULT CHARSET=utf8 COLLATE=utf8_spanish_ci;

-- --------------------------------------------------------

--
-- Table structure for table `tipo_proveedor`
--

CREATE TABLE `tipo_proveedor` (
  `id_tipo_proveedor` int(11) NOT NULL,
  `nombre_tipo_proveedor` varchar(60) COLLATE utf8_spanish_ci DEFAULT NULL,
  `estatus_tipo_proveedor` int(1) DEFAULT NULL,
  `fecha_creacion` date NOT NULL
) ENGINE=InnoDB DEFAULT CHARSET=utf8 COLLATE=utf8_spanish_ci;

--
-- Dumping data for table `tipo_proveedor`
--

INSERT INTO `tipo_proveedor` (`id_tipo_proveedor`, `nombre_tipo_proveedor`, `estatus_tipo_proveedor`, `fecha_creacion`) VALUES
(3, 'empresa privada', 1, '2015-11-11'),
(4, 'Empresa Comunitaria', 1, '2015-11-25'),
(5, 'Empresa Publica', 1, '2015-11-11'),
(6, 'Empresa Estadal', 1, '2015-11-25'),
(7, 'Empresa de Convenio', 1, '2016-07-03');

-- --------------------------------------------------------

--
-- Table structure for table `tipo_recurso`
--

CREATE TABLE `tipo_recurso` (
  `id_tipo_recurso` int(11) NOT NULL,
  `fecha_creado` date NOT NULL,
  `nombre_tipo_recurso` varchar(50) COLLATE utf8_spanish_ci NOT NULL,
  `descripcion_tipo_recurso` varchar(100) COLLATE utf8_spanish_ci DEFAULT NULL,
  `estatus_tipo_recurso` int(1) DEFAULT NULL,
  `condicion_tipo_recurso` int(1) DEFAULT NULL,
  `fecha_ult_act` date DEFAULT NULL,
  `usuario_ult_act` int(11) DEFAULT NULL,
  `empresa_id` int(11) NOT NULL
) ENGINE=InnoDB DEFAULT CHARSET=utf8 COLLATE=utf8_spanish_ci COMMENT='able that stores the resource types of the modules';

-- --------------------------------------------------------

--
-- Table structure for table `tipo_solicitud`
--

CREATE TABLE `tipo_solicitud` (
  `id_tipo_solicitud` int(11) NOT NULL,
  `fecha_creacion` date NOT NULL,
  `nombre_tipo_solicitud` varchar(60) COLLATE utf8_spanish_ci DEFAULT NULL,
  `estatus_tipo_solicitud` int(1) DEFAULT NULL,
  `empresa_id` int(11) NOT NULL
) ENGINE=InnoDB DEFAULT CHARSET=utf8 COLLATE=utf8_spanish_ci;

--
-- Dumping data for table `tipo_solicitud`
--

INSERT INTO `tipo_solicitud` (`id_tipo_solicitud`, `fecha_creacion`, `nombre_tipo_solicitud`, `estatus_tipo_solicitud`, `empresa_id`) VALUES
(1, '0000-00-00', 'requisicion', 1, 0),
(2, '0000-00-00', 'tranferencia', 1, 0),
(3, '2016-07-05', 'Devolucin', 9, 0);

-- --------------------------------------------------------

--
-- Table structure for table `tipo_transporte`
--

CREATE TABLE `tipo_transporte` (
  `id_tipo_transporte` int(11) NOT NULL,
  `nombre_tipo_trans` varchar(60) COLLATE utf8_spanish_ci NOT NULL,
  `descripcion_tipo_trans` varchar(100) COLLATE utf8_spanish_ci NOT NULL,
  `fecha_creacion` date NOT NULL,
  `estatus_tipo_trans` int(11) NOT NULL,
  `empresa_id` int(11) NOT NULL
) ENGINE=InnoDB DEFAULT CHARSET=utf8 COLLATE=utf8_spanish_ci;

--
-- Dumping data for table `tipo_transporte`
--

INSERT INTO `tipo_transporte` (`id_tipo_transporte`, `nombre_tipo_trans`, `descripcion_tipo_trans`, `fecha_creacion`, `estatus_tipo_trans`, `empresa_id`) VALUES
(1, 'camion cava', 'transporte', '2016-07-02', 1, 0),
(2, 'camion volteo', 'transporte\r\n', '2016-07-02', 1, 0),
(3, 'Gandola', 'transporte', '2016-07-02', 1, 0),
(4, 'camion plataforma', 'transporte', '2016-07-02', 1, 0),
(5, 'Camio de Carga Pesada', 'Transporte para Linea Blanca', '2016-07-05', 1, 0);

-- --------------------------------------------------------

--
-- Table structure for table `trabajador`
--

CREATE TABLE `trabajador` (
  `id_trabajador` int(11) NOT NULL,
  `correo_trabajador` varchar(100) COLLATE utf8_spanish_ci NOT NULL,
  `fecha_creacion` date NOT NULL,
  `estatus_trabajador` int(11) NOT NULL,
  `persona_id` int(11) NOT NULL,
  `cargo_id` int(11) NOT NULL,
  `licencia` varchar(20) COLLATE utf8_spanish_ci NOT NULL,
  `grado_licencia` int(1) NOT NULL,
  `departamento_id` int(11) DEFAULT NULL,
  `condicion` char(20) COLLATE utf8_spanish_ci DEFAULT NULL,
  `empresa_id` int(11) NOT NULL
) ENGINE=InnoDB DEFAULT CHARSET=utf8 COLLATE=utf8_spanish_ci;

--
-- Dumping data for table `trabajador`
--

INSERT INTO `trabajador` (`id_trabajador`, `correo_trabajador`, `fecha_creacion`, `estatus_trabajador`, `persona_id`, `cargo_id`, `licencia`, `grado_licencia`, `departamento_id`, `condicion`, `empresa_id`) VALUES
(1, 'mijail_verduguez@hotmail.com', '2015-12-14', 1, 1, 2, '23445774', 5, 1, NULL, 0),
(2, 'rafaelperez70@hotmail.com', '2015-12-14', 1, 2, 4, '22389432', 3, 1, NULL, 0),
(3, 'marianogales@gmail.com', '2015-12-14', 1, 3, 1, '0', 0, 2, NULL, 0),
(4, 'm@hotmail.com', '2016-01-05', 1, 4, 3, '0', 0, 3, NULL, 0),
(5, 'jacinto@hotmail.com', '2016-01-20', 1, 5, 3, '0', 0, 2, NULL, 0),
(6, 'danielysap23@hotmail.com', '2016-01-27', 1, 6, 6, '45643645', 5, 5, NULL, 0),
(7, 'chilindrina@hotmail.com', '2016-04-03', 1, 7, 6, '0', 0, 5, NULL, 0),
(8, 'hermanfret@hotmail.com', '2016-04-05', 1, 8, 6, '0', 0, 1, NULL, 0),
(9, 'victomelendez@hotmai.com', '2016-04-10', 1, 9, 5, '31245', 5, 1, NULL, 0),
(10, 'pablobencomo@hotmail.com', '2016-04-10', 1, 10, 3, '13413212', 3, 3, NULL, 0),
(11, 'mariaperez@hotmail.com', '2016-04-10', 1, 11, 2, '0', 0, 2, NULL, 0),
(12, 'elconejo@rapido.com', '2016-04-10', 1, 12, 4, '99834233', 5, 4, NULL, 0),
(13, 'franciscom@hotmail.com', '2016-06-06', 1, 13, 1, '0', 0, 6, NULL, 0),
(14, 'sdasdsad', '2016-06-09', 1, 14, 3, '3423', 4, 6, NULL, 0),
(15, 'd@mail.com', '2016-06-09', 1, 15, 5, '0', 0, 6, NULL, 0),
(16, 'asdf@mail.com', '2016-06-09', 1, 16, 2, '0', 0, NULL, NULL, 0),
(17, 'avion@imail.com', '2016-06-09', 1, 17, 3, '0', 0, NULL, NULL, 0),
(18, 'asd@mail.com', '2016-06-09', 1, 18, 1, '0', 0, NULL, NULL, 0),
(19, 'feliz@hotmail.com', '2016-06-10', 1, 19, 4, '34542333', 5, NULL, NULL, 0),
(20, 'pjdilinger@gmail.com', '2016-06-13', 1, 20, 2, '0', 0, NULL, NULL, 0),
(21, 'lostroconis@hotmail.com', '2016-06-17', 1, 21, 3, '0', 0, NULL, NULL, 0),
(22, 'meee@gmail.com', '2016-07-02', 1, 22, 4, '32423445', 5, NULL, NULL, 0),
(23, 'fryderjd278@gmail.com', '2016-07-04', 1, 23, 2, '0', 0, NULL, NULL, 0),
(24, 'rveleazquez@pdval.gob.ve', '2016-07-04', 1, 24, 1, '0', 0, NULL, NULL, 0),
(25, 'asilva@pdval.gob.ve', '2016-07-04', 1, 25, 1, '0', 0, NULL, NULL, 0);

-- --------------------------------------------------------

--
-- Table structure for table `transporte`
--

CREATE TABLE `transporte` (
  `id_transporte` int(11) NOT NULL,
  `fecha_creacion` date NOT NULL,
  `placa` varchar(8) COLLATE utf8_spanish_ci NOT NULL,
  `modelo` varchar(100) COLLATE utf8_spanish_ci NOT NULL,
  `capacidad` int(11) NOT NULL,
  `estatus_transporte` int(11) NOT NULL,
  `condicion_transporte` varchar(100) COLLATE utf8_spanish_ci NOT NULL,
  `tipo_trans_id` int(11) NOT NULL,
  `marca_transporte_id` int(11) NOT NULL,
  `unidad_medida_id` int(11) NOT NULL,
  `empresa_id` int(11) NOT NULL
) ENGINE=InnoDB DEFAULT CHARSET=utf8 COLLATE=utf8_spanish_ci;

--
-- Dumping data for table `transporte`
--

INSERT INTO `transporte` (`id_transporte`, `fecha_creacion`, `placa`, `modelo`, `capacidad`, `estatus_transporte`, `condicion_transporte`, `tipo_trans_id`, `marca_transporte_id`, `unidad_medida_id`, `empresa_id`) VALUES
(1, '2015-12-01', '2D8TFG5', 'KODIAK', 12000, 1, 'EN RUTA', 1, 1, 3, 0),
(2, '2015-12-03', 'ABC852A', 'C-40', 12000, 1, 'Disponible', 2, 1, 3, 0),
(3, '2015-12-06', 'G2T1SD2', 'VM6X2', 12000, 1, 'Fuera de Servicio', 1, 3, 3, 0),
(4, '2015-12-06', 'J5E9SD2', 'NPR', 12000, 1, 'ASIGNADO', 1, 1, 3, 0),
(5, '2015-12-17', 'DFG456D', 'DAILY', 12000, 1, 'autorizado', 1, 4, 3, 0),
(6, '2015-12-17', '25RSDF2', '310', 12000, 1, 'Disponible', 3, 3, 3, 0),
(7, '2015-12-19', 'ZHT43K9', 'GRANITE', 12000, 1, 'Disponible', 3, 8, 3, 0),
(8, '2016-06-09', '2AAA3S5', 'C-30', 12000, 1, 'autorizado', 1, 1, 3, 0),
(9, '2016-06-10', 'TR444RE', 'KODIAK', 12000, 1, 'Disponible', 4, 1, 3, 0),
(10, '2016-06-10', 'DFH4A43', 'VISION', 12000, 1, 'Disponible', 3, 8, 3, 0),
(11, '2016-07-02', 'DSS3S22', 'PRUEBA', 10000, 9, 'Disponible', 4, 3, 3, 0),
(12, '2016-07-02', 'KJ789ST', 'FORD', 12000, 1, 'autorizado', 1, 2, 3, 0),
(13, '2016-07-02', '456IUYE', 'IVECO', 12000, 1, 'autorizado', 1, 4, 3, 0),
(14, '2016-07-02', 'KI345LO', '1217', 12000, 1, 'Disponible', 1, 5, 3, 0),
(15, '2016-07-02', 'JIK34L1', 'F-350', 12000, 1, 'Disponible', 1, 2, 3, 0),
(16, '2016-07-02', '34IOL43', 'SILVERADO', 12000, 1, 'Disponible', 1, 1, 3, 0),
(17, '2016-07-02', '7I89YUH', 'HD120', 12000, 1, 'Disponible', 1, 6, 3, 0),
(18, '2016-07-02', 'JUS234O', 'M2-106', 12000, 1, 'Disponible', 1, 7, 3, 0),
(19, '2016-07-02', '093IUET', 'COLUMBIA', 12000, 1, 'Disponible', 3, 7, 3, 0),
(20, '2016-07-02', 'KL345OL', 'CARGO', 12000, 1, 'Disponible', 3, 2, 3, 0),
(21, '2016-07-02', 'HJY345I', '3500', 12000, 1, 'Disponible', 1, 1, 3, 0),
(22, '2016-07-02', '763UJKI', 'SUPER DUTY', 12000, 1, 'Disponible', 1, 2, 3, 0),
(23, '2016-07-02', '87ERT4S', 'CHEYENNE', 12000, 1, 'autorizado', 1, 1, 3, 0);

-- --------------------------------------------------------

--
-- Table structure for table `unidad_operativa`
--

CREATE TABLE `unidad_operativa` (
  `id_unidad_operativa` int(11) NOT NULL,
  `fecha_creacion` date DEFAULT NULL,
  `nombre_unidad_operativa` varchar(100) COLLATE utf8_spanish_ci DEFAULT NULL,
  `direccion_unidad_operativa` varchar(100) COLLATE utf8_spanish_ci DEFAULT NULL,
  `telefono_unidad_operativa` varchar(100) COLLATE utf8_spanish_ci DEFAULT NULL,
  `sector_id` int(11) DEFAULT NULL,
  `estatus_unidad_operativa` tinyint(4) DEFAULT NULL,
  `condicion_unidad_operativa` char(20) COLLATE utf8_spanish_ci DEFAULT NULL,
  `comentario_unidad_operativa` char(150) COLLATE utf8_spanish_ci DEFAULT NULL,
  `empresa_id` int(11) NOT NULL,
  `serie_factura` char(5) COLLATE utf8_spanish_ci NOT NULL,
  `fecha_trabajo` date NOT NULL
) ENGINE=InnoDB DEFAULT CHARSET=utf8 COLLATE=utf8_spanish_ci;

--
-- Dumping data for table `unidad_operativa`
--

INSERT INTO `unidad_operativa` (`id_unidad_operativa`, `fecha_creacion`, `nombre_unidad_operativa`, `direccion_unidad_operativa`, `telefono_unidad_operativa`, `sector_id`, `estatus_unidad_operativa`, `condicion_unidad_operativa`, `comentario_unidad_operativa`, `empresa_id`, `serie_factura`, `fecha_trabajo`) VALUES
(1, '2017-02-04', 'SUCURSAL EL TUNAL', 'AV. 20 CON CALLE 10', '546554544', 2, 1, 'ACTIVO', 'PRUEBA', 1, 'A', '2017-02-04');

-- --------------------------------------------------------

--
-- Table structure for table `uni_med`
--

CREATE TABLE `uni_med` (
  `id_uni_med` int(11) NOT NULL,
  `nombre_uni_med` varchar(50) COLLATE utf8_spanish_ci DEFAULT NULL,
  `simbolo_uni_med` char(5) COLLATE utf8_spanish_ci DEFAULT NULL,
  `estatus_uni_med` int(1) DEFAULT NULL,
  `fecha_creacion` date NOT NULL,
  `empresa_id` int(11) NOT NULL
) ENGINE=InnoDB DEFAULT CHARSET=utf8 COLLATE=utf8_spanish_ci;

--
-- Dumping data for table `uni_med`
--

INSERT INTO `uni_med` (`id_uni_med`, `nombre_uni_med`, `simbolo_uni_med`, `estatus_uni_med`, `fecha_creacion`, `empresa_id`) VALUES
(1, 'Litro', 'LT', 1, '2015-11-26', 0),
(2, 'Gramo', 'GR', 1, '2015-11-26', 0),
(3, 'Kilogramo', 'KG', 1, '2015-11-26', 0),
(4, 'Onzas', 'OZ', 1, '2015-11-26', 0),
(5, 'Mili Litros', 'ML', 1, '2015-12-16', 0),
(6, 'Unidad', 'UND', 1, '2015-12-16', 0),
(7, 'Centmetros cbicos ', 'CC', 1, '2016-03-27', 0),
(8, 'METRO', 'mt', 1, '2016-11-28', 0);

-- --------------------------------------------------------

--
-- Table structure for table `usuario`
--

CREATE TABLE `usuario` (
  `id_usuario` int(11) NOT NULL,
  `fec_crea_usuario` datetime NOT NULL,
  `correo_usuario` varchar(60) COLLATE utf8_spanish_ci NOT NULL,
  `alias_usuario` varchar(30) COLLATE utf8_spanish_ci NOT NULL,
  `estatus_usuario` int(1) NOT NULL,
  `persona_id` int(11) NOT NULL,
  `role_id` int(11) NOT NULL,
  `fec_ult_ent` datetime DEFAULT NULL,
  `condicion_usuario` varchar(15) COLLATE utf8_spanish_ci DEFAULT NULL,
  `ip_ult_ent` varchar(15) COLLATE utf8_spanish_ci DEFAULT NULL,
  `empresa_id` int(11) NOT NULL
) ENGINE=InnoDB DEFAULT CHARSET=utf8 COLLATE=utf8_spanish_ci COMMENT='registros de usuarios, son heredados de persona';

--
-- Dumping data for table `usuario`
--

INSERT INTO `usuario` (`id_usuario`, `fec_crea_usuario`, `correo_usuario`, `alias_usuario`, `estatus_usuario`, `persona_id`, `role_id`, `fec_ult_ent`, `condicion_usuario`, `ip_ult_ent`, `empresa_id`) VALUES
(1, '2019-03-04 23:06:25', 'system@localhos.com', 'system', 1, 0, 9, '2019-03-05 00:24:13', 'DESCONECTADO', '127.0.0.1', 0),
(2, '2019-03-04 23:20:55', 'rafaelperez70@gmail.com', 'rafael', 1, 1, 1, '2020-04-11 00:21:44', 'DESCONECTADO', '127.0.0.1', 1),
(4, '2020-03-24 23:41:39', 'danielysap23@hotmail.com', 'V16829210', 1, 5, 2, '2020-04-07 00:46:05', 'DESCONECTADO', '127.0.0.1', 1);

-- --------------------------------------------------------

--
-- Table structure for table `usuariopregunta`
--

CREATE TABLE `usuariopregunta` (
  `id_usu_pregunta` int(11) NOT NULL,
  `respuesta_pregunta` varchar(50) COLLATE utf8_spanish_ci NOT NULL,
  `usuario_id` int(11) NOT NULL,
  `pregunta_id` int(11) NOT NULL,
  `estatus_usu_pregunta` int(1) NOT NULL
) ENGINE=InnoDB DEFAULT CHARSET=utf8 COLLATE=utf8_spanish_ci;

--
-- Dumping data for table `usuariopregunta`
--

INSERT INTO `usuariopregunta` (`id_usu_pregunta`, `respuesta_pregunta`, `usuario_id`, `pregunta_id`, `estatus_usu_pregunta`) VALUES
(1, 'rojo', 3, 1, 9),
(3, 'pinpon', 5, 3, 1),
(4, 'ciclismo', 6, 3, 1),
(6, 'tenis', 8, 3, 1),
(7, 'toruno', 9, 2, 1),
(11, 'tenis', 1, 3, 9),
(12, 'moza', 1, 2, 9),
(13, 'marina', 3, 1, 9),
(14, 'dormir', 10, 3, 1),
(15, 'fiat', 11, 5, 1),
(16, 'boby', 12, 2, 1),
(17, 'patineta', 13, 3, 1),
(18, 'softbol', 14, 3, 1),
(19, 'ZWxlbmE=', 2, 1, 1),
(20, 'futbol', 15, 3, 1),
(21, 'beisbol', 16, 3, 1),
(22, 'marina', 3, 1, 1),
(23, 'ana', 17, 1, 1),
(24, 'dormir', 18, 3, 9),
(25, 'chevrolet', 19, 5, 1),
(26, 'comer', 18, 3, 1),
(27, 'ZXN0aGVy', 4, 1, 1);

-- --------------------------------------------------------

--
-- Table structure for table `venta`
--

CREATE TABLE `venta` (
  `id_venta` int(11) NOT NULL,
  `fecha_venta` date DEFAULT NULL,
  `vendedor_id` int(11) DEFAULT NULL,
  `cliente_id` int(11) DEFAULT NULL,
  `tipo_venta` varchar(45) COLLATE utf8_spanish_ci DEFAULT NULL,
  `plazo_credito` int(3) DEFAULT NULL,
  `comentario_venta` varchar(100) COLLATE utf8_spanish_ci DEFAULT NULL,
  `estatus_venta` int(1) DEFAULT NULL,
  `condicion_venta` varchar(20) COLLATE utf8_spanish_ci DEFAULT NULL,
  `control_venta` varchar(45) COLLATE utf8_spanish_ci DEFAULT NULL,
  `usuario_id` int(11) DEFAULT NULL,
  `estacion_venta` varchar(45) COLLATE utf8_spanish_ci DEFAULT NULL,
  `empresa_id` int(11) NOT NULL
) ENGINE=InnoDB DEFAULT CHARSET=utf8 COLLATE=utf8_spanish_ci;

--
-- Dumping data for table `venta`
--

INSERT INTO `venta` (`id_venta`, `fecha_venta`, `vendedor_id`, `cliente_id`, `tipo_venta`, `plazo_credito`, `comentario_venta`, `estatus_venta`, `condicion_venta`, `control_venta`, `usuario_id`, `estacion_venta`, `empresa_id`) VALUES
(2, '2018-09-20', 6, 1, 'CONTADO', 1, 'FACTURA A CONTADO VENCE EL 2018-09-21', 1, 'POR IMPRIMIR', '123', 1, 'orion', 0),
(3, '2018-09-20', 7, 1, 'CREDITO', 1, 'FACTURA A CREDITO VENCE EL 2018-09-21', 1, 'POR IMPRIMIR', '124', 1, 'orion', 0),
(4, '2019-02-24', 6, 1, 'CONTADO', 1, 'FACTURA A CONTADO VENCE EL 2019-02-25', 1, 'POR IMPRIMIR', '556897', 1, 'DESKTOP-RA94S4K', 0);

--
-- Indexes for dumped tables
--

--
-- Indexes for table `asignacion_chofer`
--
ALTER TABLE `asignacion_chofer`
  ADD PRIMARY KEY (`id_asignacion_chf`);

--
-- Indexes for table `asignacion_transporte`
--
ALTER TABLE `asignacion_transporte`
  ADD PRIMARY KEY (`id_asignacion_transporte`);

--
-- Indexes for table `autorizacion`
--
ALTER TABLE `autorizacion`
  ADD PRIMARY KEY (`id_autorizacion`);

--
-- Indexes for table `banco`
--
ALTER TABLE `banco`
  ADD PRIMARY KEY (`id_banco`);

--
-- Indexes for table `bitacora`
--
ALTER TABLE `bitacora`
  ADD PRIMARY KEY (`id_bitacora`);

--
-- Indexes for table `bitacora_procesos`
--
ALTER TABLE `bitacora_procesos`
  ADD PRIMARY KEY (`id_ope`);

--
-- Indexes for table `block_stock`
--
ALTER TABLE `block_stock`
  ADD PRIMARY KEY (`id_block_stock`);

--
-- Indexes for table `cargo`
--
ALTER TABLE `cargo`
  ADD PRIMARY KEY (`id_cargo`),
  ADD KEY `departamento_id_idx` (`departamento_id`);

--
-- Indexes for table `clasificacion`
--
ALTER TABLE `clasificacion`
  ADD PRIMARY KEY (`id_clasificacion`);

--
-- Indexes for table `clave`
--
ALTER TABLE `clave`
  ADD PRIMARY KEY (`id_clave`),
  ADD KEY `usuario_id_idx` (`usuario_id`);

--
-- Indexes for table `cliente`
--
ALTER TABLE `cliente`
  ADD PRIMARY KEY (`id_cliente`),
  ADD KEY `rif` (`rif_cliente`);

--
-- Indexes for table `cobro`
--
ALTER TABLE `cobro`
  ADD PRIMARY KEY (`id_cobro`);

--
-- Indexes for table `compra`
--
ALTER TABLE `compra`
  ADD PRIMARY KEY (`id_compra`);

--
-- Indexes for table `concepto_pln`
--
ALTER TABLE `concepto_pln`
  ADD PRIMARY KEY (`id_concepto_pln`);

--
-- Indexes for table `configuracion`
--
ALTER TABLE `configuracion`
  ADD PRIMARY KEY (`id_configuracion`);

--
-- Indexes for table `cotizacion`
--
ALTER TABLE `cotizacion`
  ADD PRIMARY KEY (`id_cotizacion`),
  ADD KEY `fecha_creacion` (`fecha_creacion`);

--
-- Indexes for table `cxc`
--
ALTER TABLE `cxc`
  ADD PRIMARY KEY (`id_cxc`);

--
-- Indexes for table `cxp`
--
ALTER TABLE `cxp`
  ADD PRIMARY KEY (`id_cxp`);

--
-- Indexes for table `departamento`
--
ALTER TABLE `departamento`
  ADD PRIMARY KEY (`id_departamento`);

--
-- Indexes for table `deposito`
--
ALTER TABLE `deposito`
  ADD PRIMARY KEY (`id_deposito`),
  ADD KEY `tipo_deposito_idx` (`tipo_deposito`);

--
-- Indexes for table `despacho`
--
ALTER TABLE `despacho`
  ADD PRIMARY KEY (`id_despacho`);

--
-- Indexes for table `det_cliente`
--
ALTER TABLE `det_cliente`
  ADD PRIMARY KEY (`id_det_cliente`);

--
-- Indexes for table `det_cobro`
--
ALTER TABLE `det_cobro`
  ADD PRIMARY KEY (`id_det_cobro`);

--
-- Indexes for table `det_compra`
--
ALTER TABLE `det_compra`
  ADD PRIMARY KEY (`id_det_compra`);

--
-- Indexes for table `det_cotizacion`
--
ALTER TABLE `det_cotizacion`
  ADD PRIMARY KEY (`id_det_cotizacion`);

--
-- Indexes for table `det_despacho`
--
ALTER TABLE `det_despacho`
  ADD PRIMARY KEY (`id_det_despacho`),
  ADD KEY `despacho_id_idx` (`despacho_id`),
  ADD KEY `det_producto_id_idx` (`producto_id`);

--
-- Indexes for table `det_empresa`
--
ALTER TABLE `det_empresa`
  ADD PRIMARY KEY (`id_det_empresa`),
  ADD KEY `usuario_id` (`usuario_id`);

--
-- Indexes for table `det_gasto`
--
ALTER TABLE `det_gasto`
  ADD PRIMARY KEY (`id_det_gasto`);

--
-- Indexes for table `det_movimiento`
--
ALTER TABLE `det_movimiento`
  ADD PRIMARY KEY (`id_det_movimiento`);

--
-- Indexes for table `det_orden_compra`
--
ALTER TABLE `det_orden_compra`
  ADD PRIMARY KEY (`id_det_orden_compra`);

--
-- Indexes for table `det_pago`
--
ALTER TABLE `det_pago`
  ADD PRIMARY KEY (`id_det_pago`);

--
-- Indexes for table `det_pln_compra`
--
ALTER TABLE `det_pln_compra`
  ADD PRIMARY KEY (`id_det_pln_compra`),
  ADD KEY `pln_compra_id` (`pln_compra_id`);

--
-- Indexes for table `det_presentacion`
--
ALTER TABLE `det_presentacion`
  ADD PRIMARY KEY (`id_det_producto`);

--
-- Indexes for table `det_presupuesto`
--
ALTER TABLE `det_presupuesto`
  ADD PRIMARY KEY (`id_det_presupuesto`);

--
-- Indexes for table `det_producto`
--
ALTER TABLE `det_producto`
  ADD PRIMARY KEY (`id_det_producto`),
  ADD KEY `categoria_id_idx` (`producto_id`);

--
-- Indexes for table `det_recepcion`
--
ALTER TABLE `det_recepcion`
  ADD PRIMARY KEY (`id_det_recepcion`),
  ADD KEY `recepcion_id_idx` (`recepcion_id`),
  ADD KEY `det_producto_id_idx` (`producto_id`);

--
-- Indexes for table `det_requisicion`
--
ALTER TABLE `det_requisicion`
  ADD PRIMARY KEY (`id_det_requisicion`),
  ADD KEY `recepcion_id_idx` (`requisicion_id`),
  ADD KEY `det_producto_id_idx` (`id_requisito`);

--
-- Indexes for table `det_solicitud`
--
ALTER TABLE `det_solicitud`
  ADD PRIMARY KEY (`id_det_solicitud`),
  ADD KEY `solicitud_id_idx` (`solicitud_id`),
  ADD KEY `det_producto_id_idx` (`producto_id`);

--
-- Indexes for table `det_venta`
--
ALTER TABLE `det_venta`
  ADD PRIMARY KEY (`id_det_venta`);

--
-- Indexes for table `distribucion_gasto`
--
ALTER TABLE `distribucion_gasto`
  ADD PRIMARY KEY (`id_distribucion`);

--
-- Indexes for table `empresa`
--
ALTER TABLE `empresa`
  ADD PRIMARY KEY (`id_empresa`);

--
-- Indexes for table `estado`
--
ALTER TABLE `estado`
  ADD PRIMARY KEY (`id_estado`);

--
-- Indexes for table `gasto`
--
ALTER TABLE `gasto`
  ADD PRIMARY KEY (`id_gasto`);

--
-- Indexes for table `ga_field_system`
--
ALTER TABLE `ga_field_system`
  ADD PRIMARY KEY (`id_field_system`);

--
-- Indexes for table `ga_table_system`
--
ALTER TABLE `ga_table_system`
  ADD PRIMARY KEY (`id_table_system`);

--
-- Indexes for table `grupo`
--
ALTER TABLE `grupo`
  ADD PRIMARY KEY (`id_grupo`);

--
-- Indexes for table `imagenes`
--
ALTER TABLE `imagenes`
  ADD PRIMARY KEY (`id_imagen`);

--
-- Indexes for table `impuesto`
--
ALTER TABLE `impuesto`
  ADD PRIMARY KEY (`id_impuesto`);

--
-- Indexes for table `impuesto_producto`
--
ALTER TABLE `impuesto_producto`
  ADD PRIMARY KEY (`id_imp_prod`);

--
-- Indexes for table `incidencia`
--
ALTER TABLE `incidencia`
  ADD PRIMARY KEY (`id_incidencia`),
  ADD KEY `empleado_id_idx` (`usuario_ori_incidencia`);

--
-- Indexes for table `marca`
--
ALTER TABLE `marca`
  ADD PRIMARY KEY (`id_marca`);

--
-- Indexes for table `marca_transporte`
--
ALTER TABLE `marca_transporte`
  ADD PRIMARY KEY (`id_marca`);

--
-- Indexes for table `modulo`
--
ALTER TABLE `modulo`
  ADD PRIMARY KEY (`id_modulo`);

--
-- Indexes for table `movimiento`
--
ALTER TABLE `movimiento`
  ADD PRIMARY KEY (`id_movimiento`);

--
-- Indexes for table `municipio`
--
ALTER TABLE `municipio`
  ADD PRIMARY KEY (`id_municipio`);

--
-- Indexes for table `notificacion`
--
ALTER TABLE `notificacion`
  ADD PRIMARY KEY (`id_notificacion`);

--
-- Indexes for table `orden_compra`
--
ALTER TABLE `orden_compra`
  ADD PRIMARY KEY (`id_orden_compra`);

--
-- Indexes for table `pago`
--
ALTER TABLE `pago`
  ADD PRIMARY KEY (`id_pago`);

--
-- Indexes for table `parroquia`
--
ALTER TABLE `parroquia`
  ADD PRIMARY KEY (`id_parroquia`);

--
-- Indexes for table `permiso`
--
ALTER TABLE `permiso`
  ADD PRIMARY KEY (`id_permiso`);

--
-- Indexes for table `persona`
--
ALTER TABLE `persona`
  ADD PRIMARY KEY (`id_persona`);

--
-- Indexes for table `pln_compra`
--
ALTER TABLE `pln_compra`
  ADD PRIMARY KEY (`id_planificacion`);

--
-- Indexes for table `pregunta`
--
ALTER TABLE `pregunta`
  ADD PRIMARY KEY (`id_pregunta`);

--
-- Indexes for table `premisa`
--
ALTER TABLE `premisa`
  ADD PRIMARY KEY (`id_premisa`);

--
-- Indexes for table `presentacion`
--
ALTER TABLE `presentacion`
  ADD PRIMARY KEY (`id_presentacion`);

--
-- Indexes for table `presupuesto`
--
ALTER TABLE `presupuesto`
  ADD PRIMARY KEY (`id_presupuesto`);

--
-- Indexes for table `producto`
--
ALTER TABLE `producto`
  ADD PRIMARY KEY (`id_producto`);

--
-- Indexes for table `proveedor`
--
ALTER TABLE `proveedor`
  ADD PRIMARY KEY (`id_proveedor`),
  ADD KEY `tipo_proveedor_id_idx` (`tipo_proveedor`);

--
-- Indexes for table `recepcion`
--
ALTER TABLE `recepcion`
  ADD PRIMARY KEY (`id_recepcion`);

--
-- Indexes for table `recurso`
--
ALTER TABLE `recurso`
  ADD PRIMARY KEY (`id_recurso`);

--
-- Indexes for table `recursorole`
--
ALTER TABLE `recursorole`
  ADD PRIMARY KEY (`id_recurso_role`),
  ADD KEY `recurso_id` (`recurso_id`),
  ADD KEY `role_id` (`role_id`);

--
-- Indexes for table `recursousuario`
--
ALTER TABLE `recursousuario`
  ADD PRIMARY KEY (`id_rec_usuario`),
  ADD KEY `recurso_id` (`recurso_id`),
  ADD KEY `usuario_id` (`usuario_id`);

--
-- Indexes for table `relacion_deposito`
--
ALTER TABLE `relacion_deposito`
  ADD PRIMARY KEY (`id_relacion`);

--
-- Indexes for table `relacion_unidad`
--
ALTER TABLE `relacion_unidad`
  ADD PRIMARY KEY (`id_relacion_unidad`);

--
-- Indexes for table `requisicion`
--
ALTER TABLE `requisicion`
  ADD PRIMARY KEY (`id_requisicion`);

--
-- Indexes for table `role`
--
ALTER TABLE `role`
  ADD PRIMARY KEY (`id_role`);

--
-- Indexes for table `sector`
--
ALTER TABLE `sector`
  ADD PRIMARY KEY (`id_sector`);

--
-- Indexes for table `servicio`
--
ALTER TABLE `servicio`
  ADD PRIMARY KEY (`id_servicio`);

--
-- Indexes for table `solicitud`
--
ALTER TABLE `solicitud`
  ADD PRIMARY KEY (`id_solicitud`);

--
-- Indexes for table `stock`
--
ALTER TABLE `stock`
  ADD PRIMARY KEY (`id_stock`),
  ADD KEY `almacen_id` (`fecha_ult_act`),
  ADD KEY `id_det_articulo` (`producto_id`);

--
-- Indexes for table `tipoclasificacion`
--
ALTER TABLE `tipoclasificacion`
  ADD PRIMARY KEY (`id_tipo_clasificacion`),
  ADD KEY `fecha` (`fecha_creacion`);

--
-- Indexes for table `tipodeposito`
--
ALTER TABLE `tipodeposito`
  ADD PRIMARY KEY (`id_tipo_deposito`);

--
-- Indexes for table `tipodocumento`
--
ALTER TABLE `tipodocumento`
  ADD PRIMARY KEY (`id_tipo_documento`);

--
-- Indexes for table `tipogasto`
--
ALTER TABLE `tipogasto`
  ADD PRIMARY KEY (`id_tipo_gasto`);

--
-- Indexes for table `tipomovimiento`
--
ALTER TABLE `tipomovimiento`
  ADD PRIMARY KEY (`id_tipo_movimiento`);

--
-- Indexes for table `tipo_notificacion`
--
ALTER TABLE `tipo_notificacion`
  ADD PRIMARY KEY (`id_tipo_notificacion`);

--
-- Indexes for table `tipo_proveedor`
--
ALTER TABLE `tipo_proveedor`
  ADD PRIMARY KEY (`id_tipo_proveedor`);

--
-- Indexes for table `tipo_recurso`
--
ALTER TABLE `tipo_recurso`
  ADD PRIMARY KEY (`id_tipo_recurso`);

--
-- Indexes for table `tipo_solicitud`
--
ALTER TABLE `tipo_solicitud`
  ADD PRIMARY KEY (`id_tipo_solicitud`);

--
-- Indexes for table `tipo_transporte`
--
ALTER TABLE `tipo_transporte`
  ADD PRIMARY KEY (`id_tipo_transporte`);

--
-- Indexes for table `trabajador`
--
ALTER TABLE `trabajador`
  ADD PRIMARY KEY (`id_trabajador`);

--
-- Indexes for table `transporte`
--
ALTER TABLE `transporte`
  ADD PRIMARY KEY (`id_transporte`);

--
-- Indexes for table `unidad_operativa`
--
ALTER TABLE `unidad_operativa`
  ADD PRIMARY KEY (`id_unidad_operativa`);

--
-- Indexes for table `uni_med`
--
ALTER TABLE `uni_med`
  ADD PRIMARY KEY (`id_uni_med`);

--
-- Indexes for table `usuario`
--
ALTER TABLE `usuario`
  ADD PRIMARY KEY (`id_usuario`),
  ADD KEY `persona_id` (`persona_id`),
  ADD KEY `role_id` (`role_id`);

--
-- Indexes for table `usuariopregunta`
--
ALTER TABLE `usuariopregunta`
  ADD PRIMARY KEY (`id_usu_pregunta`),
  ADD KEY `usuario_id` (`usuario_id`),
  ADD KEY `pregunta_id` (`pregunta_id`);

--
-- Indexes for table `venta`
--
ALTER TABLE `venta`
  ADD PRIMARY KEY (`id_venta`);

--
-- AUTO_INCREMENT for dumped tables
--

--
-- AUTO_INCREMENT for table `asignacion_chofer`
--
ALTER TABLE `asignacion_chofer`
  MODIFY `id_asignacion_chf` int(11) NOT NULL AUTO_INCREMENT COMMENT 'clave primaria de la asignacion de chofer a transporte', AUTO_INCREMENT=5;

--
-- AUTO_INCREMENT for table `asignacion_transporte`
--
ALTER TABLE `asignacion_transporte`
  MODIFY `id_asignacion_transporte` int(11) NOT NULL AUTO_INCREMENT COMMENT 'clave primaria de la tabla ', AUTO_INCREMENT=2;

--
-- AUTO_INCREMENT for table `autorizacion`
--
ALTER TABLE `autorizacion`
  MODIFY `id_autorizacion` int(11) NOT NULL AUTO_INCREMENT, AUTO_INCREMENT=4;

--
-- AUTO_INCREMENT for table `banco`
--
ALTER TABLE `banco`
  MODIFY `id_banco` int(11) NOT NULL AUTO_INCREMENT, AUTO_INCREMENT=2;

--
-- AUTO_INCREMENT for table `bitacora`
--
ALTER TABLE `bitacora`
  MODIFY `id_bitacora` int(11) NOT NULL AUTO_INCREMENT, AUTO_INCREMENT=743;

--
-- AUTO_INCREMENT for table `bitacora_procesos`
--
ALTER TABLE `bitacora_procesos`
  MODIFY `id_ope` int(11) NOT NULL AUTO_INCREMENT;

--
-- AUTO_INCREMENT for table `block_stock`
--
ALTER TABLE `block_stock`
  MODIFY `id_block_stock` int(11) NOT NULL AUTO_INCREMENT;

--
-- AUTO_INCREMENT for table `cargo`
--
ALTER TABLE `cargo`
  MODIFY `id_cargo` int(11) NOT NULL AUTO_INCREMENT, AUTO_INCREMENT=8;

--
-- AUTO_INCREMENT for table `clasificacion`
--
ALTER TABLE `clasificacion`
  MODIFY `id_clasificacion` int(11) NOT NULL AUTO_INCREMENT, AUTO_INCREMENT=6;

--
-- AUTO_INCREMENT for table `clave`
--
ALTER TABLE `clave`
  MODIFY `id_clave` int(11) NOT NULL AUTO_INCREMENT, AUTO_INCREMENT=28;

--
-- AUTO_INCREMENT for table `cliente`
--
ALTER TABLE `cliente`
  MODIFY `id_cliente` int(11) NOT NULL AUTO_INCREMENT, AUTO_INCREMENT=5;

--
-- AUTO_INCREMENT for table `cobro`
--
ALTER TABLE `cobro`
  MODIFY `id_cobro` int(11) NOT NULL AUTO_INCREMENT, AUTO_INCREMENT=6;

--
-- AUTO_INCREMENT for table `compra`
--
ALTER TABLE `compra`
  MODIFY `id_compra` int(11) NOT NULL AUTO_INCREMENT, AUTO_INCREMENT=16;

--
-- AUTO_INCREMENT for table `concepto_pln`
--
ALTER TABLE `concepto_pln`
  MODIFY `id_concepto_pln` int(11) NOT NULL AUTO_INCREMENT, AUTO_INCREMENT=3;

--
-- AUTO_INCREMENT for table `configuracion`
--
ALTER TABLE `configuracion`
  MODIFY `id_configuracion` int(11) NOT NULL AUTO_INCREMENT, AUTO_INCREMENT=2;

--
-- AUTO_INCREMENT for table `cotizacion`
--
ALTER TABLE `cotizacion`
  MODIFY `id_cotizacion` int(11) NOT NULL AUTO_INCREMENT;

--
-- AUTO_INCREMENT for table `cxc`
--
ALTER TABLE `cxc`
  MODIFY `id_cxc` int(11) NOT NULL AUTO_INCREMENT, AUTO_INCREMENT=8;

--
-- AUTO_INCREMENT for table `cxp`
--
ALTER TABLE `cxp`
  MODIFY `id_cxp` int(11) NOT NULL AUTO_INCREMENT, AUTO_INCREMENT=12;

--
-- AUTO_INCREMENT for table `departamento`
--
ALTER TABLE `departamento`
  MODIFY `id_departamento` int(11) NOT NULL AUTO_INCREMENT, AUTO_INCREMENT=6;

--
-- AUTO_INCREMENT for table `deposito`
--
ALTER TABLE `deposito`
  MODIFY `id_deposito` int(11) NOT NULL AUTO_INCREMENT, AUTO_INCREMENT=3;

--
-- AUTO_INCREMENT for table `despacho`
--
ALTER TABLE `despacho`
  MODIFY `id_despacho` int(11) NOT NULL AUTO_INCREMENT, AUTO_INCREMENT=5;

--
-- AUTO_INCREMENT for table `det_cliente`
--
ALTER TABLE `det_cliente`
  MODIFY `id_det_cliente` int(11) NOT NULL AUTO_INCREMENT, AUTO_INCREMENT=2;

--
-- AUTO_INCREMENT for table `det_cobro`
--
ALTER TABLE `det_cobro`
  MODIFY `id_det_cobro` int(11) NOT NULL AUTO_INCREMENT, AUTO_INCREMENT=7;

--
-- AUTO_INCREMENT for table `det_compra`
--
ALTER TABLE `det_compra`
  MODIFY `id_det_compra` int(11) NOT NULL AUTO_INCREMENT, AUTO_INCREMENT=15;

--
-- AUTO_INCREMENT for table `det_cotizacion`
--
ALTER TABLE `det_cotizacion`
  MODIFY `id_det_cotizacion` int(11) NOT NULL AUTO_INCREMENT;

--
-- AUTO_INCREMENT for table `det_despacho`
--
ALTER TABLE `det_despacho`
  MODIFY `id_det_despacho` int(11) NOT NULL AUTO_INCREMENT, AUTO_INCREMENT=7;

--
-- AUTO_INCREMENT for table `det_empresa`
--
ALTER TABLE `det_empresa`
  MODIFY `id_det_empresa` int(11) NOT NULL AUTO_INCREMENT, AUTO_INCREMENT=5;

--
-- AUTO_INCREMENT for table `det_gasto`
--
ALTER TABLE `det_gasto`
  MODIFY `id_det_gasto` int(11) NOT NULL AUTO_INCREMENT, AUTO_INCREMENT=5;

--
-- AUTO_INCREMENT for table `det_movimiento`
--
ALTER TABLE `det_movimiento`
  MODIFY `id_det_movimiento` int(11) NOT NULL AUTO_INCREMENT COMMENT 'clave primeria de la tabla', AUTO_INCREMENT=6;

--
-- AUTO_INCREMENT for table `det_orden_compra`
--
ALTER TABLE `det_orden_compra`
  MODIFY `id_det_orden_compra` int(11) NOT NULL AUTO_INCREMENT, AUTO_INCREMENT=4;

--
-- AUTO_INCREMENT for table `det_pago`
--
ALTER TABLE `det_pago`
  MODIFY `id_det_pago` int(11) NOT NULL AUTO_INCREMENT, AUTO_INCREMENT=2;

--
-- AUTO_INCREMENT for table `det_pln_compra`
--
ALTER TABLE `det_pln_compra`
  MODIFY `id_det_pln_compra` int(11) NOT NULL AUTO_INCREMENT, AUTO_INCREMENT=4;

--
-- AUTO_INCREMENT for table `det_presentacion`
--
ALTER TABLE `det_presentacion`
  MODIFY `id_det_producto` int(11) NOT NULL AUTO_INCREMENT, AUTO_INCREMENT=4;

--
-- AUTO_INCREMENT for table `det_presupuesto`
--
ALTER TABLE `det_presupuesto`
  MODIFY `id_det_presupuesto` int(11) NOT NULL AUTO_INCREMENT;

--
-- AUTO_INCREMENT for table `det_producto`
--
ALTER TABLE `det_producto`
  MODIFY `id_det_producto` int(11) NOT NULL AUTO_INCREMENT, AUTO_INCREMENT=7;

--
-- AUTO_INCREMENT for table `det_recepcion`
--
ALTER TABLE `det_recepcion`
  MODIFY `id_det_recepcion` int(10) UNSIGNED NOT NULL AUTO_INCREMENT, AUTO_INCREMENT=4;

--
-- AUTO_INCREMENT for table `det_requisicion`
--
ALTER TABLE `det_requisicion`
  MODIFY `id_det_requisicion` int(10) UNSIGNED NOT NULL AUTO_INCREMENT, AUTO_INCREMENT=3;

--
-- AUTO_INCREMENT for table `det_solicitud`
--
ALTER TABLE `det_solicitud`
  MODIFY `id_det_solicitud` int(11) NOT NULL AUTO_INCREMENT, AUTO_INCREMENT=5;

--
-- AUTO_INCREMENT for table `det_venta`
--
ALTER TABLE `det_venta`
  MODIFY `id_det_venta` int(11) NOT NULL AUTO_INCREMENT, AUTO_INCREMENT=5;

--
-- AUTO_INCREMENT for table `distribucion_gasto`
--
ALTER TABLE `distribucion_gasto`
  MODIFY `id_distribucion` int(11) NOT NULL AUTO_INCREMENT, AUTO_INCREMENT=2;

--
-- AUTO_INCREMENT for table `empresa`
--
ALTER TABLE `empresa`
  MODIFY `id_empresa` int(11) NOT NULL AUTO_INCREMENT, AUTO_INCREMENT=10;

--
-- AUTO_INCREMENT for table `estado`
--
ALTER TABLE `estado`
  MODIFY `id_estado` int(11) NOT NULL AUTO_INCREMENT, AUTO_INCREMENT=28;

--
-- AUTO_INCREMENT for table `gasto`
--
ALTER TABLE `gasto`
  MODIFY `id_gasto` int(11) NOT NULL AUTO_INCREMENT, AUTO_INCREMENT=5;

--
-- AUTO_INCREMENT for table `ga_field_system`
--
ALTER TABLE `ga_field_system`
  MODIFY `id_field_system` int(11) NOT NULL AUTO_INCREMENT;

--
-- AUTO_INCREMENT for table `ga_table_system`
--
ALTER TABLE `ga_table_system`
  MODIFY `id_table_system` int(11) NOT NULL AUTO_INCREMENT;

--
-- AUTO_INCREMENT for table `grupo`
--
ALTER TABLE `grupo`
  MODIFY `id_grupo` int(11) NOT NULL AUTO_INCREMENT, AUTO_INCREMENT=7;

--
-- AUTO_INCREMENT for table `imagenes`
--
ALTER TABLE `imagenes`
  MODIFY `id_imagen` int(11) NOT NULL AUTO_INCREMENT;

--
-- AUTO_INCREMENT for table `impuesto`
--
ALTER TABLE `impuesto`
  MODIFY `id_impuesto` int(11) NOT NULL AUTO_INCREMENT, AUTO_INCREMENT=2;

--
-- AUTO_INCREMENT for table `impuesto_producto`
--
ALTER TABLE `impuesto_producto`
  MODIFY `id_imp_prod` int(11) NOT NULL AUTO_INCREMENT;

--
-- AUTO_INCREMENT for table `incidencia`
--
ALTER TABLE `incidencia`
  MODIFY `id_incidencia` int(11) NOT NULL AUTO_INCREMENT COMMENT 'calve primaria da la tabla identificador de incidencias', AUTO_INCREMENT=3;

--
-- AUTO_INCREMENT for table `marca`
--
ALTER TABLE `marca`
  MODIFY `id_marca` int(11) NOT NULL AUTO_INCREMENT, AUTO_INCREMENT=921;

--
-- AUTO_INCREMENT for table `marca_transporte`
--
ALTER TABLE `marca_transporte`
  MODIFY `id_marca` int(11) NOT NULL AUTO_INCREMENT, AUTO_INCREMENT=10;

--
-- AUTO_INCREMENT for table `modulo`
--
ALTER TABLE `modulo`
  MODIFY `id_modulo` int(11) NOT NULL AUTO_INCREMENT, AUTO_INCREMENT=21;

--
-- AUTO_INCREMENT for table `movimiento`
--
ALTER TABLE `movimiento`
  MODIFY `id_movimiento` int(11) NOT NULL AUTO_INCREMENT COMMENT 'identificador clave primaria de la tabla', AUTO_INCREMENT=6;

--
-- AUTO_INCREMENT for table `municipio`
--
ALTER TABLE `municipio`
  MODIFY `id_municipio` int(11) NOT NULL AUTO_INCREMENT, AUTO_INCREMENT=178;

--
-- AUTO_INCREMENT for table `notificacion`
--
ALTER TABLE `notificacion`
  MODIFY `id_notificacion` int(11) NOT NULL AUTO_INCREMENT COMMENT 'clave primaria de la notificacion', AUTO_INCREMENT=15;

--
-- AUTO_INCREMENT for table `orden_compra`
--
ALTER TABLE `orden_compra`
  MODIFY `id_orden_compra` int(11) NOT NULL AUTO_INCREMENT, AUTO_INCREMENT=4;

--
-- AUTO_INCREMENT for table `pago`
--
ALTER TABLE `pago`
  MODIFY `id_pago` int(11) NOT NULL AUTO_INCREMENT, AUTO_INCREMENT=7;

--
-- AUTO_INCREMENT for table `parroquia`
--
ALTER TABLE `parroquia`
  MODIFY `id_parroquia` int(11) NOT NULL AUTO_INCREMENT, AUTO_INCREMENT=140;

--
-- AUTO_INCREMENT for table `permiso`
--
ALTER TABLE `permiso`
  MODIFY `id_permiso` int(11) NOT NULL AUTO_INCREMENT, AUTO_INCREMENT=7;

--
-- AUTO_INCREMENT for table `persona`
--
ALTER TABLE `persona`
  MODIFY `id_persona` int(11) NOT NULL AUTO_INCREMENT, AUTO_INCREMENT=6;

--
-- AUTO_INCREMENT for table `pln_compra`
--
ALTER TABLE `pln_compra`
  MODIFY `id_planificacion` int(11) NOT NULL AUTO_INCREMENT, AUTO_INCREMENT=15;

--
-- AUTO_INCREMENT for table `pregunta`
--
ALTER TABLE `pregunta`
  MODIFY `id_pregunta` int(11) NOT NULL AUTO_INCREMENT, AUTO_INCREMENT=7;

--
-- AUTO_INCREMENT for table `premisa`
--
ALTER TABLE `premisa`
  MODIFY `id_premisa` int(11) NOT NULL AUTO_INCREMENT, AUTO_INCREMENT=5;

--
-- AUTO_INCREMENT for table `presentacion`
--
ALTER TABLE `presentacion`
  MODIFY `id_presentacion` int(11) NOT NULL AUTO_INCREMENT, AUTO_INCREMENT=13;

--
-- AUTO_INCREMENT for table `presupuesto`
--
ALTER TABLE `presupuesto`
  MODIFY `id_presupuesto` int(11) NOT NULL AUTO_INCREMENT;

--
-- AUTO_INCREMENT for table `producto`
--
ALTER TABLE `producto`
  MODIFY `id_producto` int(11) NOT NULL AUTO_INCREMENT, AUTO_INCREMENT=15;

--
-- AUTO_INCREMENT for table `proveedor`
--
ALTER TABLE `proveedor`
  MODIFY `id_proveedor` int(11) NOT NULL AUTO_INCREMENT, AUTO_INCREMENT=6;

--
-- AUTO_INCREMENT for table `recepcion`
--
ALTER TABLE `recepcion`
  MODIFY `id_recepcion` int(11) NOT NULL AUTO_INCREMENT, AUTO_INCREMENT=4;

--
-- AUTO_INCREMENT for table `recurso`
--
ALTER TABLE `recurso`
  MODIFY `id_recurso` int(11) NOT NULL AUTO_INCREMENT, AUTO_INCREMENT=59;

--
-- AUTO_INCREMENT for table `recursorole`
--
ALTER TABLE `recursorole`
  MODIFY `id_recurso_role` int(11) NOT NULL AUTO_INCREMENT, AUTO_INCREMENT=300;

--
-- AUTO_INCREMENT for table `recursousuario`
--
ALTER TABLE `recursousuario`
  MODIFY `id_rec_usuario` int(11) NOT NULL AUTO_INCREMENT, AUTO_INCREMENT=192;

--
-- AUTO_INCREMENT for table `relacion_deposito`
--
ALTER TABLE `relacion_deposito`
  MODIFY `id_relacion` int(11) NOT NULL AUTO_INCREMENT, AUTO_INCREMENT=3;

--
-- AUTO_INCREMENT for table `relacion_unidad`
--
ALTER TABLE `relacion_unidad`
  MODIFY `id_relacion_unidad` int(11) NOT NULL AUTO_INCREMENT, AUTO_INCREMENT=6;

--
-- AUTO_INCREMENT for table `requisicion`
--
ALTER TABLE `requisicion`
  MODIFY `id_requisicion` int(11) NOT NULL AUTO_INCREMENT, AUTO_INCREMENT=2;

--
-- AUTO_INCREMENT for table `role`
--
ALTER TABLE `role`
  MODIFY `id_role` int(11) NOT NULL AUTO_INCREMENT, AUTO_INCREMENT=12;

--
-- AUTO_INCREMENT for table `sector`
--
ALTER TABLE `sector`
  MODIFY `id_sector` int(11) NOT NULL AUTO_INCREMENT, AUTO_INCREMENT=21;

--
-- AUTO_INCREMENT for table `servicio`
--
ALTER TABLE `servicio`
  MODIFY `id_servicio` int(11) NOT NULL AUTO_INCREMENT, AUTO_INCREMENT=3;

--
-- AUTO_INCREMENT for table `solicitud`
--
ALTER TABLE `solicitud`
  MODIFY `id_solicitud` int(11) NOT NULL AUTO_INCREMENT, AUTO_INCREMENT=4;

--
-- AUTO_INCREMENT for table `stock`
--
ALTER TABLE `stock`
  MODIFY `id_stock` int(11) NOT NULL AUTO_INCREMENT, AUTO_INCREMENT=13;

--
-- AUTO_INCREMENT for table `tipoclasificacion`
--
ALTER TABLE `tipoclasificacion`
  MODIFY `id_tipo_clasificacion` int(11) NOT NULL AUTO_INCREMENT, AUTO_INCREMENT=6;

--
-- AUTO_INCREMENT for table `tipodeposito`
--
ALTER TABLE `tipodeposito`
  MODIFY `id_tipo_deposito` int(11) NOT NULL AUTO_INCREMENT, AUTO_INCREMENT=4;

--
-- AUTO_INCREMENT for table `tipodocumento`
--
ALTER TABLE `tipodocumento`
  MODIFY `id_tipo_documento` int(11) NOT NULL AUTO_INCREMENT, AUTO_INCREMENT=9;

--
-- AUTO_INCREMENT for table `tipogasto`
--
ALTER TABLE `tipogasto`
  MODIFY `id_tipo_gasto` int(11) NOT NULL AUTO_INCREMENT, AUTO_INCREMENT=5;

--
-- AUTO_INCREMENT for table `tipomovimiento`
--
ALTER TABLE `tipomovimiento`
  MODIFY `id_tipo_movimiento` int(11) NOT NULL AUTO_INCREMENT COMMENT 'identificador clave primaria de la tabla', AUTO_INCREMENT=10;

--
-- AUTO_INCREMENT for table `tipo_notificacion`
--
ALTER TABLE `tipo_notificacion`
  MODIFY `id_tipo_notificacion` int(11) NOT NULL AUTO_INCREMENT;

--
-- AUTO_INCREMENT for table `tipo_proveedor`
--
ALTER TABLE `tipo_proveedor`
  MODIFY `id_tipo_proveedor` int(11) NOT NULL AUTO_INCREMENT, AUTO_INCREMENT=8;

--
-- AUTO_INCREMENT for table `tipo_recurso`
--
ALTER TABLE `tipo_recurso`
  MODIFY `id_tipo_recurso` int(11) NOT NULL AUTO_INCREMENT;

--
-- AUTO_INCREMENT for table `tipo_solicitud`
--
ALTER TABLE `tipo_solicitud`
  MODIFY `id_tipo_solicitud` int(11) NOT NULL AUTO_INCREMENT, AUTO_INCREMENT=4;

--
-- AUTO_INCREMENT for table `tipo_transporte`
--
ALTER TABLE `tipo_transporte`
  MODIFY `id_tipo_transporte` int(11) NOT NULL AUTO_INCREMENT, AUTO_INCREMENT=6;

--
-- AUTO_INCREMENT for table `trabajador`
--
ALTER TABLE `trabajador`
  MODIFY `id_trabajador` int(11) NOT NULL AUTO_INCREMENT, AUTO_INCREMENT=26;

--
-- AUTO_INCREMENT for table `transporte`
--
ALTER TABLE `transporte`
  MODIFY `id_transporte` int(11) NOT NULL AUTO_INCREMENT, AUTO_INCREMENT=24;

--
-- AUTO_INCREMENT for table `unidad_operativa`
--
ALTER TABLE `unidad_operativa`
  MODIFY `id_unidad_operativa` int(11) NOT NULL AUTO_INCREMENT, AUTO_INCREMENT=2;

--
-- AUTO_INCREMENT for table `uni_med`
--
ALTER TABLE `uni_med`
  MODIFY `id_uni_med` int(11) NOT NULL AUTO_INCREMENT, AUTO_INCREMENT=9;

--
-- AUTO_INCREMENT for table `usuario`
--
ALTER TABLE `usuario`
  MODIFY `id_usuario` int(11) NOT NULL AUTO_INCREMENT, AUTO_INCREMENT=5;

--
-- AUTO_INCREMENT for table `usuariopregunta`
--
ALTER TABLE `usuariopregunta`
  MODIFY `id_usu_pregunta` int(11) NOT NULL AUTO_INCREMENT, AUTO_INCREMENT=28;

--
-- AUTO_INCREMENT for table `venta`
--
ALTER TABLE `venta`
  MODIFY `id_venta` int(11) NOT NULL AUTO_INCREMENT, AUTO_INCREMENT=5;
COMMIT;

/*!40101 SET CHARACTER_SET_CLIENT=@OLD_CHARACTER_SET_CLIENT */;
/*!40101 SET CHARACTER_SET_RESULTS=@OLD_CHARACTER_SET_RESULTS */;
/*!40101 SET COLLATION_CONNECTION=@OLD_COLLATION_CONNECTION */;
